ID;Name;Type;Gender;Event language;Photo;Short description;Translation language;Topics;Other criteria;Published;About
571;Alain Leduc;Speaker, Moderator;Male;French, English;https://readmylips.be/sites/default/files/speakers/Leduc_Alain_200129_4_RML_0.jpg;Alain Leduc comme orateur à votre évènement ? Contactez Read My Lips, notre bureau d’orateurs spécialisés !;English;"Media &amp; culture, Media, Marketing &amp; communication, Marketing, Sales &amp; Customer Service, PR &amp; Communication, Entertainment, Leisure, Travel, Sport, Management, Enterprise, Strategy, HR &amp; Wellbeing, Corporate Culture, Technology &amp; innovation, Innovation &amp; Trends, Creativity";;Yes;"Who is Alain Leduc?
Alain Leduc is the founder of Creativores, a company that activates, develops and manages creativity, innovation and change in companies. Passionate about creativity for over 25 years, Alain leads creative missions, seminars and conferences in 14 countries. His approach to the subject combines originality and relevance.
He is also a creativity trainer at the ICHEC PME and the HEC Practical School in Brussels and Louvain la Neuve.
Alain deals with the following themes: creativity, innovation, change, agility, disruption, transformation, management, leadership, collaboration, strategy, corporate culture, new jobs for the future.
He has worked for 15 years in several industries: Trading, Retail, Consulting, Finance and Banking.
In 2008, Alain founded Creativores and launched (in 2012) PUNK Management©, a disruptive approach to transgressing conventions, shaking up soporific habits, challenging the status quo and moving a team, a project, a company forward.
His interventions are real detonators of creativity. Themes such as ""Punk Management"", ""Customer Xperience"", and ""Wake up"" aim at shaking up and surprising people.
His conferences and seminars are inspiring and impactful experiences where participants are put in a situation to change the way they see, think and do things. His facilitation style combines dynamism, interactivity and humour.
Alain has worked in French and English in 12 European countries as well as in China (Shanghai) and the United Arab Emirates (Dubai).
References: TOYOTA, Schweppes, AUDI, BNP Paribas, BAXTER, Groupe ROSSEL, RTBF-RMB, ESSILOR, ING, ENGIE, AG Insurance, DELHAIZE, UNISYS, RTL, Boehringer-Inglheim, BESIX, IBA, LATTOFLEX, Mediafin (L'Echo), European Commission, Shurgard Storage Europe, BPOST, Jones Lang LaSalle, etc."
571;Alain Leduc;Speaker, Moderator;Male;French, English;https://readmylips.be/sites/default/files/speakers/Leduc_Alain_200129_4_RML_0.jpg;Alain Leduc comme orateur à votre évènement ? Contactez Read My Lips, notre bureau d’orateurs spécialisés !;French;Médias et culture, Media, Marketing et communication, Marketing, Ventes et service à la clientèle, Relations publiques et communication, Divertissement, Loisirs, Voyages, Sport, Management, Entreprendre, Stratégie, RH et bien-être, Culture d’entreprise, Technologie et innovation, Innovation et tendances, Créativité;;Yes;"Qui est Alain Leduc ?
Alain Leduc est le fondateur de la société Creativores dont l’activité consiste à activer, développer, gérer la créativité, l’innovation et le changement dans les entreprises. Passionné de créativité depuis plus de 25 ans, Alain conduit des missions créatives, anime des séminaires et des conférences dans 14 pays. Son approche du sujet combine originalité et pertinence.
Il intervient également en tant que formateur en créativité à l’ICHEC PME et à l’Ecole Pratique HEC de Bruxelles et de Louvain la Neuve.
Alain traite les thématiques suivantes : créativité, innovation, changement, agilité, disruption, transformation, management, leadership, collaboration, stratégie, culture d’entreprise, nouveaux metiers pour le futur.
Il a travaillé 15 ans en entreprise dans plusieurs secteurs d’activité : Trading, Grande Distribution, Retail, Conseils, Finance et Banque.
En 2008, Alain fonde Creativores et lance (en 2012) le PUNK Management©, une approche disruptive pour transgresser les conventions, secouer les habitudes soporifiques, challenger le statu-quo et faire progresser une équipe, un projet, une entreprise.
Ses interventions sont de véritables détonateurs de créativité. Les thématiques telles que « Punk Management », « Customer Xperience », et « Wake up » visent à bousculer et surprendre les esprits.
Ses conférences et séminaires sont des expériences inspirantes et percutantes au cours desquelles les participants sont mis en situation afin de changer leur façon de voir, penser et faire les choses. Son style d’animation combine dynamisme, interactivité et humour.
Alain intervient en français et en anglais dans 12 pays européens ainsi qu’en Chine (Shanghai) et aux Emirats Arabes Unis (Dubai).
Références : TOYOTA, Schweppes, AUDI, BNP Paribas, BAXTER, Groupe ROSSEL, RTBF-RMB, ESSILOR, ING, ENGIE, AG Insurance, DELHAIZE, UNISYS, RTL, Boehringer-Inglheim, BESIX, IBA, LATTOFLEX, Mediafin (L’Echo), Commission Européenne, Shurgard Storage Europe, BPOST, Jones Lang LaSalle, etc."
1195;André Pelgrims;Speaker;Male;Dutch;https://readmylips.be/sites/default/files/speakers/Afbeelding1_zw_.png;"André Pelgrims as a speaker at your event? Feel free to contact speakers&#039; bureau Read My Lips for more information.";English;"Change, Management, HR &amp; Wellbeing";;Yes;"Who is André Pelgrims?
To bring about real change, you need someone who dares to think outside the box. Someone who is willing to be a bit disruptive and can effectively challenge people. Someone who, regardless of what traditional business schools teach, can show people that living according to patterns of expectations can undermine their true potential, and who is capable of puncturing this facade with respect. André is such a person. He brings forth humanity in a particularly effective way, away from masks and facades. He instills more honesty and strength in teams, regardless of where that team is positioned. In this aspect, we all have much to learn. Puncturing the ""Me, Myself &amp; I-culture"" is the only way to achieve true collaboration, creativity, and innovation. The movement he manages to create in organizations is the lever that can ultimately transform the culture of an organization sustainably.
Quote: Dr. Paul Stoffels (With Heart and Soul. Guide for change agents. 2013)

          
  












    

  


  
  
      

      Request your offer"
1195;André Pelgrims;Speaker;Male;Dutch;https://readmylips.be/sites/default/files/speakers/Afbeelding1_zw_.png;André Pelgrims comme orateur à votre évènement ? Contactez Read My Lips, notre bureau d’orateurs spécialisés !;French;Change, Management, RH et bien-être;;Yes;"Qui est André Pelgrims ?
Pour apporter un changement réel, il faut quelqu'un qui ose penser en dehors des sentiers battus. Quelqu'un qui ose être un peu dérangeant et qui peut défier les gens de manière très efficace. Quelqu'un qui, indépendamment de ce que les écoles de commerce classiques enseignent, peut montrer aux gens que vivre selon des schémas d'attentes peut compromettre leur véritable potentiel, et qui est capable de percer cette façade avec respect. André est une telle personne. Il fait émerger de manière particulièrement efficace l'humanité, loin des masques et des façades. Il apporte plus d'honnêteté et de force aux équipes, peu importe leur position. À ce niveau, nous avons tous à apprendre. Percer la culture du ""Moi, Moi-même et Je"" est la seule façon d'atteindre une véritable collaboration, créativité et innovation. Le mouvement qu'il parvient ainsi à créer au sein des organisations est le levier qui peut finalement transformer durablement la culture d'une organisation.
Citation : Dr. Paul Stoffels (Avec cœur et âme. Guide pour les agents du changement. 2013)

          
  












    

  


  
  
      

      Demander votre offre"
1195;André Pelgrims;Speaker;Male;Dutch;https://readmylips.be/sites/default/files/speakers/Afbeelding1_zw_.png;André Pelgrims als spreker op jouw evenement? Neem vrijblijvend contact op met sprekersbureau Read My Lips voor meer informatie.;Dutch;"Change, Management, HR &amp; wellbeing";;Yes;"Wie is André Pelgrims?
Om echte verandering teweeg te brengen, heb je iemand nodig die out of the box durft te denken. Iemand die een beetje dwars durft te zitten en mensen op een zeer effectieve manier kan uitdagen. Iemand die wars van wat klassieke business-scholen onderwijzen, mensen kan laten zien dat leven naar verwachtingspatronen hun echte potentieel kan ondermijnen, en die in staat is deze façade met respect te doorprikken. André is zo een persoon. Hij haalt op een bijzonder effectieve manier de mens tevoorschijn, weg van maskers en façades. Hij brengt meer eerlijkheid en kracht in teams, onafgezien waar dit team gepositioneerd is. Op dat vlak hebben we met zijn allen te leren. Het kunnen doorprikken van de ""Me, Myself &amp; I-cultuur"" is de enige manier om te komen tot ware samenwerking, creativiteit en innovatie. De beweging die hij op die manier weet tot stand te brengen in organisaties, is de hefboom die uiteindelijk de cultuur van een organisatie duurzaam kan omvormen.
Citaat: Dr. Paul Stoffels (Met Hart en Ziel. Handleiding voor change agents. 2013)

          
  












    

  


  
  
      

      Vraag je offerte aan"
793;Angelica Krsteski;Speaker;Female;Dutch, English;https://readmylips.be/sites/default/files/speakers/Krsteski_Angelica_211026_6.jpg;"Angelica Krsteski as a speaker at your event? Feel free to contact speakers&#039; bureau Read My Lips for more information.";English;"Current affairs, Society &amp; Diversity, Philosophy, Religion and Spirituality, Management, Strategy, HR &amp; Wellbeing, Corporate Culture, Work/Life Balance";;Yes;"Who is Angelica Krsteski?
Hi, I am Angelica, a creative jack-of-all-trades who has gone from being an engineer to a marketing strategist and to a champion of a people-oriented approach in organisations. 
My own career has been anything but a straight line. I am therefore constantly making adjustments and dare to forge new paths if it suits who I am. I spent most of my working career at a large corporation, 3M, where I was allowed to take the initiative, lead innovation projects and even manage my own division. 
Did I always know who I was? I think not. After experiencing a burn-out myself and running up against my limits, I began what was an unprecedented process in terms of my own development. A process in which I looked at my own role, personality and responsibility, but also with the ambition to indicate how things can be done differently in a (large) organisation. Namely by building on each person’s strengths, giving them the space to be themselves, so as to contribute to a common goal.
I am therefore happy to share my own experience in the business world and my personal path on how to make your team stronger, experience greater resilience and provide insight into how you can take several steps forward by taking a step back. Disconnect from your daily hustle and bustle in order to reconnect with yourself, your team and your goal.
Today, I am a transformation coach and consultant, the founder of BUDDI, an adam coach and yoga lecturer.
 

          
  












    

  


  
  
      

      Request your offer"
793;Angelica Krsteski;Speaker;Female;Dutch, English;https://readmylips.be/sites/default/files/speakers/Krsteski_Angelica_211026_6.jpg;Angelica Krsteski comme orateur à votre évènement ? Contactez Read My Lips, notre bureau d’orateurs spécialisés !;French;Le monde actuel, Société et diversité, Philosophie, religion et spiritualité, Management, Stratégie, RH et bien-être, Culture d’entreprise, Équilibre travail/vie privée;;Yes;"Qui est Angelica Krsteski?
Salut, je suis Angelica, une touche-à-tout créative, passant d'ingénieur à stratège marketing, et de là, devenant défenseure d'une approche centrée sur l'humain au sein des organisations.
Mon parcours professionnel est loin d'être linéaire. Je corrige constamment ma trajectoire et n'hésite pas à emprunter de nouveaux chemins qui correspondent à qui je suis. J'ai principalement travaillé dans une grande entreprise, 3M, où j'ai pu prendre des initiatives, diriger des projets d'innovation et même superviser ma propre division.
Est-ce que j'ai toujours su exactement qui j'étais ? Je ne pense pas. En faisant moi-même l'expérience d'un burn-out et en atteignant mes limites, j'ai entamé un processus de croissance inédit de mon propre développement. Un processus où j'ai examiné mon propre rôle, ma personnalité et ma responsabilité, tout en ayant l'ambition de montrer comment les choses peuvent être différentes dans une (grande) organisation. À savoir, en mettant en avant les forces de chaque individu, en donnant de l'espace pour être soi-même et en contribuant ainsi collectivement à un objectif commun.
C'est pourquoi je suis heureuse de partager mon expérience dans le monde des affaires et mon parcours personnel pour renforcer votre équipe, lui donner plus de résilience et fournir des insights sur la façon dont prendre du recul peut vous faire avancer de plusieurs pas. Déconnectez-vous un instant de l'agitation quotidienne pour vous reconnecter avec vous-même, votre équipe et votre objectif.
Aujourd'hui, je suis coach en transformation et consultante, fondatrice de BUDDI, adamcoach et professeure de yoga.

          
  












    

  


  
  
      

      Demander votre offre"
793;Angelica Krsteski;Speaker;Female;Dutch, English;https://readmylips.be/sites/default/files/speakers/Krsteski_Angelica_211026_6.jpg;Angelica Krsteski als spreker op jouw evenement? Neem vrijblijvend contact op met sprekersbureau Read My Lips voor meer informatie.;Dutch;"De wereld vandaag, Samenleving &amp; diversiteit, Filosofie, religie &amp; spiritualiteit, Management, Strategie, HR &amp; wellbeing, Bedrijfscultuur, Balans werk/leven";;Yes;"Wie is Angelica Krsteski?
Hoi, ik ben Angelica, een creatieve duizendpoot, wat me van ingenieur naar marketingstrateeg én naar voorvechter van een mens-gerichte aanpak in organisaties heeft gebracht. 
Mijn eigen carrièrepad loopt verre van in een rechte lijn. Ik stuur dan ook constant bij en durf nieuwe wegen in te slaan als het past bij wie ik ben. Mijn werknemerscarrière bracht ik grotendeels door bij een grote corporate, 3M, waar ik initiatief mocht nemen, innovatieprojecten kon leiden en zelfs een eigen divisie kon aansturen. 
Wist ik dan altijd helemaal wie ik was? Ik denk het niet. Door zelf een burn-out te ervaren en tegen mijn grenzen aan te lopen ben ik een ongekend groeiproces van mijn eigen ontwikkeling begonnen. Een proces waarbij ik ging kijken naar mijn eigen rol, persoonlijkheid en verantwoordelijkheid maar ook de ambitie had om aan te geven hoe het anders kan in een (grote) organisatie. Namelijk door elk mens op zijn eigen sterkte te wijzen, ruimte te geven om jezelf te zijn en zo samen bij te dragen aan een gezamenlijk doel.
Ik deel daarom graag mijn eigen ervaring in de zakelijke wereld én mijn persoonlijk pad om jullie team sterker te maken, meer veerkracht te geven en inzicht te verschaffen in hoe je door een stap terug te zetten, meerdere stappen vooruit zet. Even deconnecteren van je dagelijkse drukte om terug te connecteren met jezelf, je team en je doel.
Vandaag ben ik transformatiecoach en consultant, founder van BUDDI, adamcoach en yogadocent.
 

          
  












    

  


  
  
      

      Vraag je offerte aan"
47;Anik Vandercruyssen;Moderator;Female;Dutch, French, English;https://readmylips.be/sites/default/files/speakers/Vandercruysen_Anik%20%285%29.jpg;Who is Anik Vandercruyssen?;English;"Media &amp; culture, Management";Non-profit;Yes;"Who is Anik Vandercruyssen?
Anik Vandercruyssen grew up on the coast, but soon spread her wings and now lives in Brussels. After studying languages, she entered the world of music, theater and film. Her language skills and extensive stage experience now help her in her job as a presenter of corporate events. She is also well known for having been the face of various awareness campaigns, including on traffic safety and sexual street harassment.
Anik always guarantees a thorough preparation and she pairs a warm charisma with an infectious enthusiasm, with plenty of room for humor. Through her charming and warm personality, she adds color and depth to the corporate events she always manages."
47;Anik Vandercruyssen;Moderator;Female;Dutch, French, English;https://readmylips.be/sites/default/files/speakers/Vandercruysen_Anik%20%285%29.jpg;Wie is Anik Vandercruyssen?;French;Médias et culture, Management;Non-profit;Yes;"Qui est Anik Vandercruyssen ?
Anik Vandercruyssen a grandi sur la côte, mais a rapidement déployé ses ailes et vit désormais à Bruxelles. Après avoir étudié les langues, elle est entrée dans le monde de la musique, du théâtre et du cinéma. Ses compétences linguistiques et sa grande expérience de la scène l'aident désormais dans son travail de présentatrice d'événements d'entreprise. Elle est également connue pour avoir été le visage de diverses campagnes de sensibilisation, telles que la sécurité routière et le harcèlement sexuel dans la rue.
Anik garantit toujours une préparation minutieuse et elle associe un charisme chaleureux à un enthousiasme contagieux, avec beaucoup de place pour l'humour. Avec sa personnalité charmante et chaleureuse, elle ajoute de la couleur et de la profondeur aux événements d'entreprise qu'elle gère toujours."
47;Anik Vandercruyssen;Moderator;Female;Dutch, French, English;https://readmylips.be/sites/default/files/speakers/Vandercruysen_Anik%20%285%29.jpg;Wie is Anik Vandercruyssen?;Dutch;"Media &amp; cultuur, Management";Non-profit;Yes;"Wie is Anik Vandercruyssen?
Anik Vandercruyssen groeide op aan de kust, maar spreidde al snel haar vleugels uit en woont nu in Brussel. Na haar talenstudies belandde ze in de wereld van de muziek, het theater en de film. Haar talenkennis en haar ruime podiumervaring helpen haar nu in haar job als presentatrice van bedrijfsevents. Ze geniet ook bekendheid omdat ze het gezicht was van diverse sensibiliseringscampagnes, onder meer rond verkeersveiligheid en seksuele straatintimidatie.
Anik staat altijd garant voor een gedegen voorbereiding en ze paart een warme uitstraling aan een aanstekelijk enthousiasme, met veel plaats voor humor. Door haar charmante en warme persoonlijkheid geeft ze kleur en diepgang aan de bedrijfsevents die ze steeds weer in goede banen leidt.
 
Luister naar Anik Vandercruyssen in onze podcast Overmorgen. "
1242;Ann Baeke;Speaker;Female;Dutch, English;https://readmylips.be/sites/default/files/speakers/AnnBaeke-200ZW.jpg;"Ann Baeke as a speaker at your event? Feel free to contact speakers&#039; bureau Read My Lips for more information.";English;Management, Leadership and Senior Management;;Yes;"Who is Ann Baeke?
From her own extensive management experience, Ann helps business leaders and managers develop their own natural leadership style, from self-awareness to self-actualisation. She personally experienced how challenging corporate life is as a sensitive manager. It was a quest to hold her own in a business context that was mainly driven from the head. And Ann missed the heart. It prompted her to research sensitivity. Top performance can only be achieved by bringing out the very best in yourself, by regularly holding up a mirror to yourself, by having a sounding board to help you focus. She starts from the person himself, and the connection he has with himself and the world. This can be confrontational and that is precisely why it is so liberating and empowering. With great empathy and respect for everyone's personality, she guides leaders and managers to come into alignment with their vision, mission, values and skills. This is how leaders and managers become higher-performing, natural leaders. She has been guiding organisations and their leaders towards greater awareness for many years. And she wrote two books about it: Leider zonder Masker, published by Lannoo Campus and Sensitieve intelligentie published by Pelckmans. She holds a Master's degree in Commercial Sciences, obtained an MBA and is a Certified Personal Coach. Additionally, she took courses in NLP, systemic work and Mindfulness. She has more than 20 years of professional management and communication experience.

          
  












    

  


  
  
      

      Request your offer"
1242;Ann Baeke;Speaker;Female;Dutch, English;https://readmylips.be/sites/default/files/speakers/AnnBaeke-200ZW.jpg;Ann Baeke comme orateur à votre évènement ? Contactez Read My Lips, notre bureau d’orateurs spécialisés !;French;Management, Leadership et top managers;;Yes;"Qui est Ann Baeke ?
Avec sa vaste expérience en gestion, Ann aide les dirigeants et les cadres à développer leur propre style de leadership naturel, de la conscience de soi à la réalisation de soi. Elle a elle-même constaté à quel point le monde des affaires peut être exigeant en tant que leader sensible. C'était une quête pour se maintenir dans un contexte d'entreprise principalement dirigé par la tête. Et Ann ressentait le besoin du cœur. Cela l'a poussée à enquêter sur la sensibilité. On ne peut accomplir des performances exceptionnelles qu'en tirant le meilleur de soi-même, en se confrontant régulièrement à un miroir, en ayant un interlocuteur qui aide à se concentrer. Elle part de l'individu lui-même et de la connexion que l'individu a avec lui-même et le monde. Cela peut être confrontant, et c'est précisément pourquoi c'est libérateur et puissant. Avec beaucoup d'empathie et de respect pour la personnalité de chacun, elle guide les leaders et les cadres pour s'aligner avec leur vision, leur mission, leurs valeurs et leurs compétences. Ainsi, les dirigeants et les cadres deviennent des leaders plus performants et naturels. Elle accompagne depuis de nombreuses années des organisations et leurs leaders vers une plus grande prise de conscience. Et elle a écrit deux livres à ce sujet : ""Le leader sans masque"", édité chez Lannoo Campus, et ""L'intelligence sensible"", édité chez Pelckmans. Elle est licenciée en sciences commerciales, titulaire d'un MBA et coach personnel certifié. Elle a également suivi des formations en PNL, en travail systémique et en pleine conscience. Elle possède plus de 20 ans d'expérience professionnelle en gestion et en communication.

          
  












    

  


  
  
      

      Demander votre offre"
1242;Ann Baeke;Speaker;Female;Dutch, English;https://readmylips.be/sites/default/files/speakers/AnnBaeke-200ZW.jpg;Ann Baeke als spreker op jouw evenement? Neem vrijblijvend contact op met sprekersbureau Read My Lips voor meer informatie.;Dutch;"Management, Leiderschap &amp; topmanagers";;Yes;"Wie is Ann Baeke?
Vanuit haar eigen ruime managementervaring helpt Ann bedrijfsleiders en managers om hun eigen natuurlijke leiderschapsstijl te ontwikkelen, van zelfbewustzijn tot zelfrealisatie. Ze ondervond zelf hoe uitdagend het bedrijfsleven is als sensitieve leidinggevende. Het was een zoektocht om zichzelf staande te houden in een bedrijfscontext die vooral gestuurd werd vanuit het hoofd. En Ann miste het hart. Het zette haar aan tot onderzoek naar sensitiviteit. Topprestaties kan je enkel neerzetten door het allerbeste uit jezelf boven te halen, door jezelf regelmatig een spiegel te laten voorhouden, door een klankbord te hebben dat je helpt focussen. Ze vertrekt vanuit de mens zelf, en de verbinding die de mens heeft met zichzelf en de wereld. Dit kan confronterend werken en net daardoor is het zo bevrijdend en krachtgevend. Met veel empathie en respect voor ieders persoonlijkheid begeleid ze leiders en managers om in een alignering te komen met hun visie, missie, waarden en vaardigheden. Zo worden leidinggevenden en managers performantere, natuurlijke leiders. Ze begeleid reeds vele jaren organisaties en hun leiders naar meer bewustwording. En ze schreef er twee boeken over: Leider zonder Masker, uitgegeven bij Lannoo Campus en Sensitieve intelligentie uitgegeven bij Pelckmans. Ze is Licentiaat Handelswetenschappen, behaalde een MBA en is Gecertifieerd Personal Coach. Bijkomend volgde ze opleidingen in NLP, systemisch werk en Mindfulness. Ze heeft meer dan 20 jaar professionele management en communicatie ervaring.

          
  












    

  


  
  
      

      Vraag je offerte aan"
49;Ann De Bisschop;Speaker;Female;Dutch, French, English;https://readmylips.be/sites/default/files/speakers/DeBisschop_Ann_200123_3.jpg;"Ann De Bisschop as a speaker at your event? Feel free to contact speakers&#039; bureau Read My Lips for more information.";English;"Management, Leadership and Senior Management, HR &amp; Wellbeing, Corporate Culture, Work/Life Balance";;Yes;"Who is Ann De Bisschop?
Ann De Bisschop worked in the media for over 25 years and has held various roles at board level. She helped to put radio stations Qmusic and JOE on the map. She then shifted her focus to the wellbeing of employees at VTM headquarters. She was part of the executive committee for more than 15 years. She was also commercial director, radio director and director of wellbeing for the whole media group. She knows better than anyone that the working environment and workload in many companies can take a heavy toll. Ann believes things can be improved in this regard. She uses specific tips and eye-opening examples to show employees and managers how this is possible. Her keynote is packed with practical tips for ensuring healthy, happy, motivated, talented and informed employees. Because that is the only way for organisations to make a difference and become future-proof!
WHY HEALTHY AND HAPPY EMPLOYEES ARE YOUR MOST IMPORTANT RESOURCE
""My passion for people has always been one of my strengths and I wanted to make the most of it. I used a well-founded and proactive welfare policy to make sure that my colleagues were healthy, happy and motivated. I worked with the HR and Communication departments to develop talented and informed personnel, because this is a crucial factor within welfare policy.
I now use my broadcasting experience and know-how, as well as the knowledge of experts who featured in my book, to inspire many national and international companies.
I am passionate about people and always want to maximise their potential. Employees are the most important resource for any company. That is why one cannot underestimate the need to invest in the wellbeing of employees. Colleagues who feel good will be willing to go that extra mile and can help to make a difference. You can only have satisfied customers if you have happy employees; and doing so can improve turnover by 20%.”
Ann is a much-sought-after speaker because of her authentic and sympathetic approach. Her specific tips and tricks will allow your employees to immediately make a difference in practice. Her story is invigorating and will leave a lasting impression!

          
  












    

  


  
  
      

      Request your offer"
49;Ann De Bisschop;Speaker;Female;Dutch, French, English;https://readmylips.be/sites/default/files/speakers/DeBisschop_Ann_200123_3.jpg;Ann De Bisschop comme orateur à votre évènement ? Contactez Read My Lips, notre bureau d’orateurs spécialisés !;French;Management, Leadership et top managers, RH et bien-être, Culture d’entreprise, Équilibre travail/vie privée;;Yes;"Qui est Ann De Bisschop ?
Ann De Bisschop a travaillé dans les médias pendant plus de 25 ans et a occupé divers postes de direction. Elle a réussi à faire connaître les stations de radio Qmusic et JOE. Elle s'est ensuite consacrée au bien-être des employés de Medialaan. Elle y a siégé au comité de direction pendant plus de 15 ans. Elle a été successivement directrice commerciale, directrice de la radio et enfin directrice du bien-être pour l'ensemble du groupe de médias. Elle sait mieux que quiconque que l'ambiance et le rythme de travail dans de nombreuses entreprises sont très pénalisants. Selon Ann, il est possible de faire les choses différemment et mieux. Grâce à des conseils concrets et à des révélations percutantes, elle montre aux employés et aux managers comment procéder. Elle donne une conférence pleine de conseils pratiques pour des employés en bonne santé, heureux, motivés, talentueux et informés. Parce que c'est la seule façon de faire la différence et de préparer l'avenir en tant qu'organisation !
POURQUOI DES EMPLOYÉS EN BONNE SANTÉ ET HEUREUX SONT VOTRE CAPITAL LE PLUS IMPORTANT
""Ma passion pour les gens a toujours été l'une de mes forces et je voulais vraiment en faire plus. Grâce à une politique de bien-être réfléchie et proactive, j'ai veillé à ce que nos collègues soient en bonne santé, heureux et motivés. En collaboration avec les RH et la communication, j'ai travaillé sur le talent et l'information du personnel, car cela est également crucial dans une politique de bien-être.
Grâce à l'expérience et au savoir-faire acquis au sein de Medialaan et aux connaissances acquises lors des nombreux entretiens avec les experts mentionnés dans mon livre, j'inspire aujourd'hui de nombreuses entreprises en Belgique et à l'étranger.
Je suis passionné par les gens et je veux toujours obtenir le meilleur d'eux. Les employés sont le capital le plus important de toute entreprise. Investir dans leur bien-être n'est donc pas un luxe. Des collègues qui se sentent bien se surpassent et font la différence. Et ce n'est qu'avec des employés heureux que vous aurez des clients heureux, ce qui se traduira par une augmentation de 20 % des ventes.
Ann est une conférencière très demandée en raison de son approche authentique et sympathique. Ses conseils et astuces concrets permettent à vos employés de les mettre en pratique immédiatement. Son histoire ne vous ennuie pas et reste gravée dans votre mémoire !

          
  












    

  


  
  
      

      Demander votre offre"
49;Ann De Bisschop;Speaker;Female;Dutch, French, English;https://readmylips.be/sites/default/files/speakers/DeBisschop_Ann_200123_3.jpg;Ann De Bisschop als spreker op jouw evenement? Neem vrijblijvend contact op met sprekersbureau Read My Lips voor meer informatie.;Dutch;"Management, Leiderschap &amp; topmanagers, HR &amp; wellbeing, Bedrijfscultuur, Balans werk/leven";;Yes;"Wie is Ann De Bisschop?
Ann De Bisschop werkte meer dan 25 jaar in de media en bekleedde verschillende directiefuncties. Ze zette de radiozenders Qmusic en JOE succesvol op de kaart. Daarna is ze zich gaan toeleggen op het welzijn van de medewerkers van Medialaan. Ze zetelde er meer dan 15 jaar in het directiecomité. Ze was achtereenvolgens commercieel directeur, directeur radio en uiteindelijk wellbeing director voor de hele mediagroep. Ze beseft als geen ander dat het werkklimaat en -ritme in veel bedrijven een hoge tol eisen. Volgens Ann kan het anders en beter. Met concrete tips en sterke eyeopeners toont ze medewerkers én leidinggevenden hoe. Ze brengt een keynote vol praktische tips voor Gezonde, Gelukkige, Gemotiveerde, Getalenteerde en Geïnformeerde medewerkers. Want enkel zo maak je het verschil en ben je als organisatie futureproof!
WAAROM GEZONDE EN GELUKKIGE MEDEWERKERS JOUW BELANGRIJKSTE KAPITAAL ZIJN
""Mijn passie voor mensen is altijd een van mijn sterktes geweest en daar wilde ik heel graag méér mee doen. Met een doordacht en proactief welzijnsbeleid zorgde ik ervoor dat onze collega’s gezond, gelukkig en gemotiveerd waren. Samen met hr en communicatie werkte ik op getalenteerd en geïnformeerd personeel, want ook dit is cruciaal binnen een welzijnsbeleid.
Met de ervaring en knowhow van bij Medialaan én de kennis uit de vele gesprekken met de experts uit mijn boek, inspireer ik nu vele bedrijven in binnen- en buitenland.
Ik ben gepassioneerd door mensen en wil altijd het beste uit hen halen. Medewerkers zijn het belangrijkste kapitaal voor elke onderneming. Daarom is investeren in het welzijn van de medewerkers geen overbodige luxe. Collega’s die zich goed voelen zullen voor die extra mile gaan en het verschil maken. En enkel met gelukkige medewerkers heb je tevreden klanten, met 20% meer omzet als gevolg.”
Ann is een veelgevraagde spreker omwille van haar authentieke en sympathieke aanpak. Haar concrete tips en tricks zorgen ervoor dat jouw medewerkers er meteen mee aan de slag kunnen. Haar verhaal verveelt niet en blijft bij!

          
  












    

  


  
  
      

      Vraag je offerte aan"
69;Ann Maes;Speaker;Female;Dutch, English;https://readmylips.be/sites/default/files/speakers/Maes_Ann_200405_foto2_1000.jpg;Ann Maes as a speaker at your event? Contact speakers bureau Read My Lips without for more information.;English;"Healthcare, Management, Leadership and Senior Management, Enterprise, Strategy, CSR (Corporate Social Responsibility), HR &amp; Wellbeing, Corporate Culture, Work/Life Balance";;Yes;"Who is Ann Maes?
A new generation of ‘winners’ is taking over the arena. They are companies, entrepreneurs and organisations that are able to seemingly attract talent, attention and resources with ease. People who look at them from a traditional perspective will find it difficult to categorise them. They cannot be classed as ‘profit’ because they focus on society. But they cannot be classed as ‘non-profit’ either because profit actually plays an important role. These new winners practice entrepreneurship that aims to help reinforce society. They combine ‘better for me + better for the world’ and play a unique game: The Positive Sum Game. The arrival of these new players has restructured the commercial arena into a continuum. A new world has thus developed between, and on the boundaries of, profit and non-profit. 
Ann has established an international career by building and protecting the reputation of people, brands and organisations. As managing director and hands-on reputation strategist, she works for world renowned and very small brands - with passion, conviction and curiosity. She is motivated to use enterprise and organisation to build a more stable society. Her book, which is called The Positive Sum Game and was written together with her partner Herman Toch, shows how profit and purpose can interact positively to everyone's benefit.

          
  












    

  


  
  
      

      Request your offer"
69;Ann Maes;Speaker;Female;Dutch, English;https://readmylips.be/sites/default/files/speakers/Maes_Ann_200405_foto2_1000.jpg;Ann Maes comme orateur à votre évènement ? Contactez Read My Lips, notre bureau d’orateurs spécialisés !;French;Healthcare, Management, Leadership et top managers, Entreprendre, Stratégie, RSE (responsabilité sociétale des entreprises), RH et bien-être, Culture d’entreprise, Équilibre travail/vie privée;;Yes;"Qui est Ann Maes ?
Une nouvelle génération de ""gagnants"" prend le terrain. Ce sont des entreprises, des entrepreneurs et des organisations qui attirent apparemment sans effort le talent, l'attention et les ressources. Les regarder à travers une lentille classique peut les rendre difficiles à placer. Ils ne rentrent pas dans la catégorie ""profit"", car ils se concentrent sur la société. Mais ils ne relèvent pas non plus du ""non-profit"", car le profit est bel et bien important. Les nouveaux gagnants optent pour une entreprise qui construit la société. Ils combinent mieux pour moi + mieux pour le monde et jouent leur propre jeu : The Positive Sum Game. L'arrivée de ces nouveaux joueurs a redessiné l'espace économique des entreprises en un continuum. Entre et sur les frontières du profit et du non-profit, un nouveau monde s'est déployé.
Ann a construit une carrière internationale en développant et protégeant la réputation des personnes, des marques et des organisations. En tant que directrice générale et stratège de la réputation pratique, elle a travaillé pour des marques mondialement connues et des marques toutes petites. Avec passion, conviction et curiosité. Elle est animée par le désir de construire une société plus forte à travers l'entrepreneuriat et l'organisation. Dans son livre ""The Positive Sum Game"", écrit avec son partenaire Herman Toch, elle montre comment le profit et la mission forment un jeu positif où tout le monde gagne.

          
  












    

  


  
  
      

      Demander votre offre"
69;Ann Maes;Speaker;Female;Dutch, English;https://readmylips.be/sites/default/files/speakers/Maes_Ann_200405_foto2_1000.jpg;Ann Maes als spreker op jouw evenement? Neem vrijblijvend contact op met sprekersbureau Read My Lips.;Dutch;"Healthcare, Management, Leiderschap &amp; topmanagers, Ondernemen, Strategie, MVO (Maatschappelijk verantwoord ondernemen), HR &amp; wellbeing, Bedrijfscultuur, Balans werk/leven";;Yes;"Wie is Ann Maes?
Een nieuwe generatie ‘winnaars’ neemt het speelveld over. Het zijn bedrijven, ondernemers en organisaties die schijnbaar moeiteloos talent, aandacht en middelen aantrekken. Wie hen door een klassieke bril bekijkt, kan hen moeilijk plaatsen. Ze vallen niet onder de noemer ‘profit’, want ze zetten in op de maatschappij. Maar ze horen ook niet bij ‘non-profit’, want winst is er wel degelijk belangrijk. De nieuwe winnaars gaan voor maatschappijbouwend ondernemen. Ze combineren better for me + better for the world en spelen hun eigen spel: The Positive Sum Game. De komst van deze nieuwe spelers heeft de bedrijfseconomische ruimte hertekend tot een continuüm. Tussen en op de grenzen van profit en non-profit heeft zich een nieuwe wereld ontvouwd. 
Ann heeft een internationale carrière uitgebouwd met het bouwen en beschermen van de reputatie van mensen, merken en organisaties. Als managing director en hands-on reputatiestrateeg werkte ze voor wereldbekende én piepkleine merken. Met passie, overtuiging en nieuwsgierigheid. Ze is gedreven om via ondernemen en organiseren een sterkere maatschappij te bouwen. In haar boek The Positive Sum Game -geschreven met haar partner Herman Toch - laat zij zien hoe profit en purpose een positief samenspel vormen waarbij iedereen wint.
Luister naar Ann Maes in onze podcast Overmorgen. 

          
  












    

  


  
  
      

      Vraag je offerte aan"
796;Ann Wauters;Speaker;Female;Dutch, French, English;https://readmylips.be/sites/default/files/speakers/Ann1.jpg;"Ann Wauters as a speaker at your event? Feel free to contact speakers&#039; bureau Read My Lips for more information.";English;"Marketing &amp; communication, PR &amp; Communication, Entertainment, Sport, Management, Leadership and Senior Management";;Yes;"Who is Ann Wauters?
Ann is an icon of international women's basketball. Few athletes have had a record like Ann’s. She won the Euroliga four times and the Eurocup once and has 12 national titles and one Wnba title. In addition, she has been named the European women’s player of the year five times. With the national team, she won a bronze medal at the European Championships and finished an impressive seventh at the Tokyo Olympics.
Ann knows better than anyone what it is like to work in a team. Each season involved starting over with team mates from different backgrounds to form a tightly-knit team and achieve results in a highly competitive world. 
She made the transition off the field and guides teams in organisations. She shares her experiences with passion and exposes the parallels between sport and business.

""After more than 20 years of playing basketball all over the world in many different teams, I wish to share my knowledge of how you can work together successfully and get into the flow. I like to create opportunities for people to be the best version of themselves and inspire and motivate them in order for them to face all their challenges.” 
 
www.annwauters.be

          
  












    

  


  
  
      

      Request your offer"
796;Ann Wauters;Speaker;Female;Dutch, French, English;https://readmylips.be/sites/default/files/speakers/Ann1.jpg;"Ann Wauters comme orateur à votre évènement ? Contactez librement l&#039;agence de conférenciers Read My Lips pour plus d&#039;informations.";French;Marketing et communication, Relations publiques et communication, Divertissement, Sport, Management, Leadership et top managers;;Yes;"Qui est Ann Wauters ?
Ann est une icône du basketball féminin international. Peu de sportifs affichent un tel palmarès. Elle a remporté l’EuroLigue 4 fois, l’EuroCoupe 1 fois, 12 titres nationaux et un titre WNBA. De plus, elle a été élue « Joueuse européenne de l’année » à 5 reprises. Avec l’équipe nationale, elle a remporté une médaille de bronze au Championnat d’Europe et a terminé 7e aux Jeux olympiques de Tokyo.
Ann sait mieux que quiconque ce qu’est le travail d’équipe. Chaque saison, elle remettait le couvert, avec des coéquipières venues d’horizons différents pour former une équipe soudée et atteindre des résultats dans un univers extrêmement compétitif. 
Elle a fait la transition à côté du terrain et encadre les équipes dans les organisations. Elle partage avec passion ses expériences et expose les parallèles entre l’univers du sport et le monde des affaires.

« Après plus de 20 ans à jouer au basket dans de nombreuses équipes à travers le monde, j’aimerais partager mes connaissances sur comment établir une collaboration fructueuse et comment entrer dans un flow. J’aimerais créer des opportunités pour que les gens soient la meilleure version d’eux-mêmes et pour les inspirer, les motiver à faire face à tous leurs défis. »

          
  












    

  


  
  
      

      Demander votre offre"
796;Ann Wauters;Speaker;Female;Dutch, French, English;https://readmylips.be/sites/default/files/speakers/Ann1.jpg;Ann Wauters als spreker op jouw evenement? Neem vrijblijvend contact op met sprekersbureau Read My Lips!;Dutch;"Marketing &amp; communicatie, PR &amp; communicatie, Entertainment, Sport, Management, Leiderschap &amp; topmanagers";;Yes;"Wie is Ann Wauters?
Ann is een icoon van het internationale vrouwenbasket. Weinig sporters speelden een palmares bij elkaar zoals Ann. Ze won 4 keer de Euroliga, 1 keer de Eurocup, 12 landstitels en een Wnba-titel. Daarenboven werd ze 5 keer verkozen tot Europese speelster van het jaar. Met de nationale ploeg behaalde ze een bronzen medaille op het Europees Kampioenschap en werd ze knap 7de op de Olympische Spelen van Tokio.
Ann weet als geen ander wat het is om in een team te werken. Elk seizoen was het herbeginnen met teammates van verschillende achtergronden om een hecht team te vormen en resultaten te behalen in een uiterst competitieve wereld. 
Ze maakte de transitie naast het veld en begeleidt teams in organisaties. Ze deelt met passie haar ervaringen en legt de parallellen tussen de sport- en bedrijfswereld bloot. 

""Na meer dan 20 jaar over heel de wereld te basketten in veel verschillende teams, wil ik graag mijn kennis delen hoe je succesvol kan samenwerken en hoe je in een flow kan geraken. Ik wil graag opportuniteiten creëren voor mensen om zo de beste versie van zichzelf te zijn en hen inspireren, motiveren om met al hun uitdagingen om te gaan."" 

          
  












    

  


  
  
      

      Vraag je offerte aan"
798;Anne Cornut;Speaker;Female;Dutch;https://readmylips.be/sites/default/files/speakers/IMG_20211116_074020.jpg;"Anne Cornut as a speaker at your event? Feel free to contact speakers&#039; bureau Read My Lips for more information.";English;"Marketing &amp; communication, Social Media, Entertainment, Leisure, HR &amp; Wellbeing, Work/Life Balance";;Yes;"Who is Anne Cornut?
Five children, two stepchildren, a newly blended family combined with birdnesting, a major renovation project, a personal business, an active Instagram account with over 27,000 followers, and still managing to read books and get 8 hours of sleep every night. Anne Cornut succeeds in combining all of this into one life. If you follow her on Instagram, she gives an informal glimpse into this life, with its ups and downs. Contrary to what the lighthearted listing in the first sentence might suggest, managing all this requires quite a bit of planning, but above all, skills in letting go and trust.

          
  












    

  


  
  
      

      Vraag je offerte aan"
798;Anne Cornut;Speaker;Female;Dutch;https://readmylips.be/sites/default/files/speakers/IMG_20211116_074020.jpg;Anne Cornut als spreker op jouw evenement? Neem vrijblijvend contact op met sprekersbureau Read My Lips.;Dutch;"Marketing &amp; communicatie, Sociale media, Entertainment, Vrije tijd, HR &amp; wellbeing, Balans werk/leven";;Yes;"Wie is Anne Cornut?
Vijf kinderen, twee pluskinderen, een nieuw samengesteld gezin in combinatie met birdnesting, een groot verbouwingsproject, een eigen bedrijf, een actieve instagramaccount met meer dan 27000 volgers en het dan toch nog klaarspelen om boeken gelezen te krijgen en elke nacht 8 uur te slapen. Anne Cornut slaagt erin dit allemaal in één leven gecombineerd te krijgen. Als je haar volgt op instagram, geeft ze op een ongedwongen manier een kijkje in dit leven, met vallen en opstaan. Want in tegenstelling tot wat de luchtige opsomming in de eerste zin doet denken, heb je toch wel wat planning maar vooral loslaatskills en vertrouwen nodig om dit gemanaged te krijgen.

          
  












    

  


  
  
      

      Vraag je offerte aan"
515;Anne Everard;Speaker;Female;Dutch, French, English;https://readmylips.be/sites/default/files/speakers/Everard_Anne_200124_1.jpg;"Anne Everard as a speaker at your event? Feel free to contact speakers&#039; bureau Read My Lips for more information.";English;"HR &amp; Wellbeing, Corporate Culture, Work/Life Balance";;Yes;"Who is Anne Everard?
Anne Everard specialises in well-being at work and general well-being. With the BOOST method, she offers concrete and practical tools to empower every employee to take care of themselves and make teams function better.
Anne Everard is a lawyer by training and has a successful career of 20 years as a lawyer, in the private and public sectors and as an entrepreneur. After suffering burnout in 2013, she specialised in well-being at work and general well-being. She is an author, speaker and trainer. She published '50 spoonfuls of energy a day.' (Lannoo, 2018) and BOOST yourself (2022). Anne Everard gives her keynotes in four languages (NL, FR, EN and DE).
References: Google (4 landen), PWC, SAP, Orange, Luminus, Toyota (6 landen), Procter&amp;Gamble (5 landen), BNP Paribas, Sabca, Eurocontrol (3 landen), EasyFairs (10 landen), Ethias, Ethias Services, Brutélé, SPF Santé Publique/FOD Volksgezondheid, SPF/FOD BOSA, Securex, Randstad, Eurochild , ENTSO-Energy, N-Side, Mutualités Libérales, Fédération des Maisons Médicales, Fédération des CPAS, Autogrill, Sopra Banking, Radios NRJ, Nostalgie, Chérie FM, Advocatenkantoren DLA Piper en DMS, Europese Raad en Europese Commissie, Brussel Fiscaliteit, Brussel Perspectief, TechnofuturTIC, Forum JUMP, Communautés Wowo, Netwerk van vrouwen in HR - NeHRa.

          
  












    

  


  
  
      

      Request your offer"
515;Anne Everard;Speaker;Female;Dutch, French, English;https://readmylips.be/sites/default/files/speakers/Everard_Anne_200124_1.jpg;Anne Everard comme orateur à votre évènement ? Contactez Read My Lips, notre bureau d’orateurs spécialisés !;French;RH et bien-être, Culture d’entreprise, Équilibre travail/vie privée;;Yes;"Qui est Anne Everard?
Anne Everard est spécialisée dans le bien-être au travail et le bien-être en général. Avec la méthode BOOST, elle propose des outils concrets et pratiques pour permettre à chaque employé de prendre soin de lui-même et d'améliorer le fonctionnement des équipes.
Anne Everard est juriste de formation et a une carrière réussie de 20 ans en tant qu'avocate, dans les secteurs privé et public et en tant qu'entrepreneuse. Après avoir subi un burn-out en 2013, elle s'est spécialisée dans le bien-être au travail et le bien-être en général. Elle est auteur, conférencière et formatrice. Elle a publié ""50 cuillères d'énergie par jour"". (Lannoo, 2018) et BOOST yourself (2022). Anne Everard donne ses conférences en quatre langues (NL, FR, EN et DE).
Références : Google, SAP, Orange, Sabca, Eurocontrol, EasyFairs, Ethias, Ethias Services, SPF Santé Publique, Securex, Randstad, Mutualités Libérales, Fédération des Maisons Médicales, Fédération des CPAS, Autogrill, Sopra Banking, Radios NRJ, Nostalgie, Chérie FM, Conseil européen, Commission européenne, Bruxelles-Fiscalité, Perspectives Brussels, Better Minds at Work, Théâtre de Poche, Forum JUMP, Wowo Communities et différents centres culturels.

          
  












    

  


  
  
      

      Demander votre offre"
515;Anne Everard;Speaker;Female;Dutch, French, English;https://readmylips.be/sites/default/files/speakers/Everard_Anne_200124_1.jpg;Anne Eveerard als spreker op jouw evenement? Neem vrijblijvend contact op met sprekersbureau Read My Lips.;Dutch;"HR &amp; wellbeing, Bedrijfscultuur, Balans werk/leven";;Yes;"Wie is Anne Everard?
Anne Everard is gespecialiseerd in welzijn op het werk en algemeen welzijn. Met de BOOST-methode biedt zij concrete en praktische instrumenten om elke werknemer in staat te stellen voor zichzelf te zorgen en teams beter te laten functioneren.
Anne Everard is jurist van opleiding en heeft een succesvolle carrière van 20 jaar als advocaat, in de private en publieke sectoren en als onderneemster. Na een burn-out in 2013 specialiseerde ze zich in welzijn op het werk en algemeen welzijn. Ze is auteur, spreekster en trainer. Ze publiceerde ’50 lepeltjes energie per dag. (Lannoo, 2018) en BOOST jezelf (2022). Anne Everard geeft haar keynotes in vier talen (NL, FR, EN en DE).
Referenties: Google (4 landen), PWC, SAP, Orange, Luminus, Toyota (6 landen), Procter&amp;Gamble (5 landen), BNP Paribas, Sabca, Eurocontrol (3 landen), EasyFairs (10 landen), Ethias, Ethias Services, Brutélé, SPF Santé Publique/FOD Volksgezondheid, SPF/FOD BOSA, Securex, Randstad, Eurochild , ENTSO-Energy, N-Side, Mutualités Libérales, Fédération des Maisons Médicales, Fédération des CPAS, Autogrill, Sopra Banking, Radios NRJ, Nostalgie, Chérie FM, Advocatenkantoren DLA Piper en DMS, Europese Raad en Europese Commissie, Brussel Fiscaliteit, Brussel Perspectief, TechnofuturTIC, Forum JUMP, Communautés Wowo, Netwerk van vrouwen in HR - NeHRa.

          
  












    

  


  
  
      

      Vraag je offerte aan"
101;Annelies Beck;Speaker, Moderator;Female;Dutch, French, English;https://readmylips.be/sites/default/files/speakers/Annelies_Beck_200210_foto2_1000.jpg;Who is Annelies Beck?;English;"Current affairs, Politics &amp; Government, Society &amp; Diversity, History, Media &amp; culture, Arts &amp; Culture, Media";;Yes;"Who is Annelies Beck?
When it comes to news and current affairs programmes on the VRT, Annelies is almost part of the furniture. She has presented just about all major news shows on the public broadcaster and also worked as national and international reporter for Terzake. She has also presented Terzake on the Canvas channel for many years now. In 2017, she won the Grote Prijs Jan Wauters for excellence in the Dutch language.
Annelies is a determined moderator, interviewer and presenter, also in English. She also presents lectures about migration in times of war, based on her first novel about Belgian refugees during WW1. Her latest novel is set in Brazil and incorporates a Belgian attempt at colonisation in the 19th century with a contemporary storyline. She has lived in Brazil, earned an MA in Brazilian Studies in London and also follows the country for the VRT news."
101;Annelies Beck;Speaker, Moderator;Female;Dutch, French, English;https://readmylips.be/sites/default/files/speakers/Annelies_Beck_200210_foto2_1000.jpg;Annelies Beck als spreker op jouw evenement? Neem vrijblijvend contact op met sprekersbureau Read My Lips.;Dutch;"De wereld vandaag, Politiek &amp; overheid, Samenleving &amp; diversiteit, Geschiedenis, Media &amp; cultuur, Kunst &amp; cultuur, Media";;Yes;"Wie is Annelies Beck?
Annelies is een vaste waarde van de VRT-actualiteitenprogramma’s. Ze heeft op de openbare omroep zowat alle belangrijke duidingsprogramma’s gepresenteerd en heeft ook haar sporen verdiend als reportagemaker in binnen- en buitenland voor TerZake. Intussen presenteert ze al jaren Terzake op Canvas. In 2017 won ze de Grote Prijs Jan Wauters voor Uitmuntendheid in de Nederlandse Taal.
Annelies is een gedreven moderator, interviewster en presentatrice, ook in het Engels. Daarnaast houdt ze lezingen over migratie in oorlogsjaren, gebaseerd op haar eerste roman over Belgische vluchtelingen tijdens WO I. Haar jongste roman speelt zich af in Brazilië en verknoopt een Belgische kolonisatiepoging daar in de 19de eeuw met een hedendaagse verhaallijn. Ze heeft in Brazilië gewoond, haalde een MA in Brazilian Studies in Londen en volgt het land ook voor de VRT-nieuwsdienst.

          
  












    

  


  
  
      

      Vraag je offerte aan"
1211;Annick Ruyts;Speaker, Moderator;Female;Dutch, English;https://readmylips.be/sites/default/files/speakers/224_452_ZW.jpg;"Would you like Annick Ruyts as a speaker or moderator on your event? Contact the speakers&#039; office Read My Lips for more information.";English;"Entertainment, Travel, HR &amp; Wellbeing, Corporate Culture, Work/Life Balance";;Yes;"Who isAnnick Ruyts?
Annick Ruyts graduated from HIVT in Antwerp in 1988 as a licentiate translator/interpreter of German, English and Danish. In 1989, she participated in Sterrenwacht, a talent show on the then TV1. She worked for 33 years for Eén and Canvas as a reporter, editor, editor-in-chief and presenter. For her Eén programmes ""Boundless Love"", ""We are from Belgium"" and ""To the moon and back"", she travelled around the world for 12 years in search of Belgians who found their happiness abroad. She wrote down her adventures abroad in the book Grenzeloze Liefde. She was also a long-time reporter for the playful reportage magazine Afrit9. For Canvas, she makes the documentary series ""Too Crazy. 6 documentaries on psychological well-being. Here she posed the question, ""We've never had it so good and yet we've never run to the therapist so often"". The series ""sex@canvas"" was about sexuality and ""The Axe of Cupid"" about love relationships anno 2012. Too crazy also became a book In 2018, she is making the documentary ""Chris Lomme, a reverence"" for Canvas. During corona, she makes Pussy Year, a reportage series on the resilience of artists in difficult times. The Sleepless, night radio, a book, a podcast and a Canvas series on insomnia will follow in 2019. For seven seasons, she was final editor of the late-night talk show ""Only Elvis Remains"" with Thomas Vanderveken. With Thomas, she launches the series OnderOns in which he interviews big names from abroad who visit our country (Hanya Yanagihara, Suzanne Vega and Yotam Ottolenghi). After resigning from VRT in late 2022, she establishes her own business. She writes the book Bedank for Proven Services, a plea is for human resignation. She has a weekly column in Libelle magazine. For that magazine, she also produces travel reports and longreads. She moderates, presents and lectures on insomnia, her travel reports, Too Crazy and her latest book, Thank You for Proven Services. And she continues to write in the meantime.
Photo on the left copyright: Arne van Lierde

          
  












    

  


  
  
      

      Request your offer here"
1211;Annick Ruyts;Speaker, Moderator;Female;Dutch, English;https://readmylips.be/sites/default/files/speakers/224_452_ZW.jpg;Wil jij Annick Ruyts als spreker of moderator op jouw evenement? Neem vrijblijvend contact op met sprekersbureau Read My Lips voor meer informatie.;Dutch;"Entertainment, Reizen, HR &amp; wellbeing, Bedrijfscultuur, Balans werk/leven";;Yes;"Wie is Annick Ruyts?
Annick Ruyts studeert in 1988 af aan het HIVT in Antwerpen als licentiaat vertaler/tolk Duits, Engels en Deens. In 1989 neemt ze deel aan Sterrenwacht, een talentenjacht op het toenmalige TV1. Ze werkte 33 jaar voor Eén en Canvas als reporter, redacteur, eindredacteur en presentator. Voor haar Eén-programma’s ""Grenzeloze Liefde"", ""We are from Belgium"" en ""Tot aan de maan en terug"" reist ze 12 jaar lang de wereld rond, op zoek naar Belgen die hun geluk in het buitenland vonden. Haar buitenlandse avonturen schreef ze neer in het boek Grenzeloze Liefde. Ze was ook lange tijd reporter bij het ludieke reportage magazine Afrit9. Voor Canvas maak ze de documentaire reeksen ""Te gek"". 6 documentaires over psychisch welzijn. Hier stelde ze de vraag: “We hebben het nog nooit zo goed gehad en toch zijn we nog nooit zo vaak naar de therapeut gelopen”. De reeks “seks@canvas"" ging over seksualiteit en ""De Bijl van Cupido"" over liefdesrelaties anno 2012. Te gek werd ook een boek In 2018 maakt ze de documentaire “Chris Lomme, een reverence” voor Canvas. Tijdens corona maakt ze Kutjaar, een reportagereeks over de veerkracht van kunstenaars in moeilijke tijden. In 2019 volgt De Slapelozen, nachtradio, een boek, een podcast en een Canvas reeks over slapeloosheid. Ze was 7 seizoenen lang eindredactrice van de late night talk show ""Alleen Elvis blijft bestaan"" met Thomas Vanderveken. Met Thomas start ze de reeks OnderOns op waarin hij grote namen uit het buitenland interviewt die ons land aandoen (Hanya Yanagihara, Suzanne Vega en Yotam Ottolenghi). Na haar ontslag bij VRT eind 2022 richt ze haar eigen zaak op. Ze schrijft het boek Bedank voor Bewezen Diensten, een pleidooi is voor menselijk ontslag. Ze heeft een wekelijkse column in het tijdschrift Libelle. Voor dat blad maakt ze ook reisreportages en longreads. Ze modereert, presenteert en geeft lezingen over slapeloosheid, haar reisreportages, Te gek en haar laatste boek, Bedank voor Bewezen Diensten. En ze blijft ondertussen schrijven.
Foto links copyright: Carmen De Vos

          
  












    

  


  
  
      

      Vraag je offerte aan"
517;Anniek Gavriilakis;Speaker;Female;Dutch;https://readmylips.be/sites/default/files/speakers/Gavriilakis_Anniek_200130_foto2.jpg;Wie is Anniek Gavriilakis?;Dutch;"De wereld vandaag, Veiligheid, Recht, Samenleving &amp; diversiteit";;Yes;"Wie is Anniek Gavriilakis?
Annieks uitgebreide ervaring in het contact met mensen in extreme levensomstandigheden, zoals vluchtelingen, gevangenen, daklozen en mensen aan de rand van de samenleving, heeft haar tot een doorgewinterde leider in persoonlijk leiderschap gemaakt. Ze is opgeleid in Rechten (KUL) en Cultuurmanagement (VUB).
Als voormalig directeur van Bond zonder Naam heeft Anniek een diep inzicht ontwikkeld in het ondersteunen van individuen en teams bij hoogte- en dieptepunten, zonder oordeel en met gevoel voor humor. In haar rol als ritueelontwerper helpt Anniek leiders en hun teams bij belangrijke transities en bij het menselijker en bewuster maken van hun bedrijf. 
Door haar begeleiding zijn leiders en hun teams in staat om koorden door te snijden en te verwerken wat was, om te vieren en te waarderen wat is, en om sneller over te schakelen naar wat zal zijn, terwijl ze in balans blijven met de ambities en doelstellingen van het bedrijf."
823;Annik Dirkx;Moderator;Female;Dutch, French, English;https://readmylips.be/sites/default/files/speakers/Annik%20Dirkx-310%20-%20foto%C2%A9Kwinten%20Verspeurt.jpg;"Annik Dirkx as a moderator on your event? Contact the speakers&#039; office Read My Lips for more information.";English;"Current affairs, Science, Sustainability &amp; Climate, Politics &amp; Government, Society &amp; Diversity, History, Media &amp; culture, Arts &amp; Culture, Media, Marketing &amp; communication, Social Media, PR &amp; Communication, Economics, Technology &amp; innovation, Innovation &amp; Trends";;Yes;"Who is Annik Dirkx?
My name is Annik Dirkx, I have a Master's degree in Roman language and literature, and an Advanced Master's degree in International Politics. After beginning my career as a journalist for the press agency Belga, I decided in 2008 to work towards becoming a spokesperson . I spent 10 years as Communication manager/spokesperson for the Port of Antwerp, where I developed a passion for everything associated with ports, logistical chains and transport. 
Since 2019, I have been Head of communication/spokesperson for Lantis, the contractor responsible for executing the Oosterweel Link construction project. Although the project itself is renowned for its complexity, it directly reflects my determination to rise to a challenge. Working with diverse stakeholders; general as well as 1v1 communication; making technical themes clearly understandable to the public… I look forward to testing myself on these fronts each and every day.
When it comes to moderation assignments, I prefer themes that are at least loosely or very closely related to my professional experience. In other words, I do not feel at home in lifestyle-related topics. On the other hand, it allows me to be even more effective when dealing with anything in the field of economics, technology, new developments, sustainability or innovation. 
 "
823;Annik Dirkx;Moderator;Female;Dutch, French, English;https://readmylips.be/sites/default/files/speakers/Annik%20Dirkx-310%20-%20foto%C2%A9Kwinten%20Verspeurt.jpg;Annik Dirkx comme orateur à votre évènement ? Contactez Read My Lips, notre bureau d’orateurs spécialisés !;French;Le monde actuel, Sciences, Durabilité et climat, Politique et pouvoirs publics, Société et diversité, Histoire, Médias et culture, Art et culture, Media, Marketing et communication, Médias sociaux, Relations publiques et communication, Économie, Technologie et innovation, Innovation et tendances;;Yes;"Qui est Annik Dirkx ?
Je suis Annik Dirkx, j’ai un master en langue et littérature romane et un ManaMa en Politique internationale. Après une première expérience comme journaliste chez Belga, j’ai décidé de devenir porte-parole en 2008. J’ai travaillé 10 ans en tant que Chef de la Communication/Porte-parole pour le Port d’Anvers où je me suis découvert une passion pour les ports, les chaines logistiques et de transport. 
Depuis 2019, je suis Chef de la Communication/Porte-parole chez Lantis, le maitre d’ouvrage de la Liaison Oosterweel. Un projet d’une complexité impressionnante, mais vous comprenez directement ce qui me plait ici. Collaborer avec plusieurs intervenants, communiquer à large échelle ainsi qu'en entretiens individuels, rendre des thèmes techniques accessibles au citoyen moyen... Je relève chaque jour ces défis avec une immense passion.
Au niveau de la modération, je préfère ce qui concerne de près ou de loin mon expérience professionnelle. Je ne suis pas à l’aise avec des sujets tels que le lifefsyle, mais je m’investis corps et âme dans tout ce qui concerne l’économie, la technologie, la technique, la durabilité ou l’innovation. 
 "
823;Annik Dirkx;Moderator;Female;Dutch, French, English;https://readmylips.be/sites/default/files/speakers/Annik%20Dirkx-310%20-%20foto%C2%A9Kwinten%20Verspeurt.jpg;Annik Dirkx als moderator op jouw evenement? Neem vrijblijvend contact op met sprekersbureau Read My Lips voor meer informatie.;Dutch;"De wereld vandaag, Wetenschap, Duurzaamheid &amp; klimaat, Politiek &amp; overheid, Samenleving &amp; diversiteit, Geschiedenis, Media &amp; cultuur, Kunst &amp; cultuur, Media, Marketing &amp; communicatie, Sociale media, PR &amp; communicatie, Economie, Technologie &amp; innovatie, Innovatie &amp; trends";;Yes;"Wie is Annik Dirkx?
Ik ben Annik Dirkx, Master in de Romaanse taal- en letterkunde met een ManaMa in de Internationale Politiek. Na een eerste carrièrehoofstuk als journalist bij het persagentschap Belga maakte ik in 2008 de overstap naar het woordvoerderschap. Ik werkte 10 jaar als Communicatieverantwoordelijke/woordvoerder bij Port of Antwerp, waar ik gepassioneerd raakte door alles wat met havens, logistieke ketens en transport te maken heeft. 
Sinds 2019 ben ik terug te vinden als Hoofd communicatie/woordvoerder bij Lantis, de bouwheer van de Oosterweelverbinding. Een project met een complexiteit om u tegen te zeggen, maar je begrijpt meteen waar ik hier mijn uitdaging vind. Samenwerking met allerlei stakeholders, brede vs 1-op1-communicatie, technische thema’s bevattelijk maken voor de gemiddelde burger… ik zet er elke dag met veel goesting mijn tanden in.
Qua moderatie-opdrachten gaat mijn voorkeur uit naar thema’s die van ver of van dichtbij verband houden met mijn professionele ervaring. Dat wil zeggen dat ik me niet zo comfortabel voel bij lifestyle topics, maar me des te harder kan smijten voor alles wat met economie, technologie, techniek, duurzaamheid of innovatie te maken heeft. 
 "
59;Antoine Geerinckx;Speaker;Male;Dutch, French, English;https://readmylips.be/sites/default/files/speakers/Geerinckx_Antoine_foto4_1000.jpg;Who is Antoine Geerinckx?;English;"Current affairs, Sustainability &amp; Climate, Management, Enterprise";;Yes;"Who is Antoine Geerinckx?
Antoine Geerinckx is the brains behind CO2Logic.com, Naturalogic.org, Greentripper.org and Airscan.org. He is also a TEDx speaker.
CO2logic is a Belgian pioneer in climate action and CO2 neutrality. It is also among European pioneers when it comes to developing climate projects in developing countries (deforestation prevention, reforestation, renewable energy, energy efficiency, etc.). CO2logic is the first Belgian company that helps companies to implement greener and more sustainable policy by calculating, reducing and compensating for their climate impact so they can become CO2-neutral.
Antoine Geerinckx uses his experience as constructive activist, entrepreneur and CEO to show you the specific advantages of implementing responsible sustainability policy. A smaller ecological/CO2 footprint as well as better company results, an improved image and a more effective personnel policy. It is an inspirational story that will stick in the minds of all responsible entrepreneurs."
59;Antoine Geerinckx;Speaker;Male;Dutch, French, English;https://readmylips.be/sites/default/files/speakers/Geerinckx_Antoine_foto4_1000.jpg;Antoine Geerinckx comme orateur à votre évènement ? Contactez Read My Lips, notre bureau d’orateurs spécialisés !;French;Le monde actuel, Durabilité et climat, Management, Entreprendre;;Yes;"Qui est Antoine Geerinckx ?
Antoine Geerinckx est l’homme derrière CO2Logic.com, Naturalogic.org, Greentripper.org et Airscan.org. Entre-temps, il est aussi un orateur de TEDx.
CO2logic est le pionnier belge en action climatique et en neutralité en CO2. Il compte parmi les pionniers européens dans le développement de projets climatiques dans les pays en développement (prévention de la déforestation, reboisement, énergies renouvelables, efficacité énergétique...). CO2logic est la toute première entreprise belge à aider les entreprises à mener une politique plus verte et plus durable en calculant, en réduisant et en compensant leur impact climatique pour atteindre la neutralité en CO2.
Antoine Geerinckx s’appuie sur son expérience en tant qu’activiste, entrepreneur et dirigeant d’entreprise constructif pour rendre concrets pour vous les avantages d’une stratégie durable cohérente. La réduction de l’empreinte écologique/CO2 alliée à une amélioration des résultats d’exploitation, de l’image et de la politique du personnel. Ce récit inspirant restera gravé dans la mémoire de tout entrepreneur responsable."
59;Antoine Geerinckx;Speaker;Male;Dutch, French, English;https://readmylips.be/sites/default/files/speakers/Geerinckx_Antoine_foto4_1000.jpg;Wie is Antoine Geerinckx?;Dutch;"De wereld vandaag, Duurzaamheid &amp; klimaat, Management, Ondernemen";;Yes;"Wie is Antoine Geerinckx?
Antoine Geerinckx is de bezieler van CO2Logic.com, Naturalogic.org, Greentripper.org en Airscan.org. Ondertussen is hij ook een TEDx-spreker.
CO2logic is de Belgische pionier in klimaatactie en CO2-neutraliteit. Het is een van de Europese pioniers in het ontwikkelen van klimaatprojecten in ontwikkelingslanden (ontbossing voorkomen, herbebossen, hernieuwbare energie, energie-efficiëntie…). CO2logic is het allereerste Belgische bedrijf dat ondernemingen helpt een groener en duurzamer beleid te voeren door hun klimaatimpact te berekenen, te verminderen en te compenseren om CO2-neutraal te worden.
Antoine Geerinckx put uit zijn ervaring als constructieve activist, ondernemer en bedrijfsleider om de voordelen van een consequente duurzame strategie voor jou concreet te maken. Een kleinere ecologische/CO2-voetafdruk met een beter bedrijfsresultaat, een beter imago en een beter personeelsbeleid. Het is een inspirerend verhaal dat bij iedere verantwoordelijke ondernemer blijft hangen."
668;Anton Maes;Speaker, Moderator;Male;Dutch, French, English;https://readmylips.be/sites/default/files/speakers/JA-7350.jpg;"Anton Maes as a speaker or moderator on your event? Contact the speakers&#039; office Read My Lips!";English;"Management, Leadership and Senior Management, Strategy, HR &amp; Wellbeing, Corporate Culture, Work/Life Balance";;Yes;"Who is Anton Maes?
Anton Maes is an enthusiastic speaker and experienced teacher. He intersperses his interactive speaking engagements with humour, surprising images and challenging statements. Anton is an organisational psychologist and expert in change management, internal communication and strategic workplace development, developing workplace concepts tailored to the desired culture and strategy of an organisation. 
Anton has a background as a communication specialist and, in his role as change manager, guides both large companies and the government towards new forms of cooperation. He focuses on understanding and adjusting user behaviour as well as leadership culture in this regard.
Since 2010, he has been the driving force behind the consultancy company brainmove, which has guided numerous large organisations on their way to a new working environment linked to a different way of working.
Anton attaches great importance to an evidence-based approach and this translates into contacts with universities, colleges and research centres such as the CFPB in Delft.
Anton speaks with great passion about ‘the new world of work’. This includes both the physical and virtual work environment. Knowledge development, working independently of time and place, organisational development: these are relevant themes around which he can tell an inspiring story. Anton has developed a pragmatic view of how collaboration and management can be realised remotely and in the future.
A substantive talk, dynamic presentation and moderating a lively discussion, this can all be done in Dutch, French or English."
668;Anton Maes;Speaker, Moderator;Male;Dutch, French, English;https://readmylips.be/sites/default/files/speakers/JA-7350.jpg;Anton Maes comme orateur ou modérateur à votre évènement ? Contactez Read My Lips, notre bureau d’orateurs spécialisés !;French;Management, Leadership et top managers, Stratégie, RH et bien-être, Culture d’entreprise, Équilibre travail/vie privée;;Yes;"Qui est Anton Maes ?
Anton Maes est un orateur enthousiaste et un pédagogue expérimenté. Il ponctue ses interventions interactives de notes d’humour, d’images surprenantes et d’affirmations stimulantes. Anton est psychologue organisationnel et expert en gestion du changement, en communication interne et en développement stratégique du lieu de travail : l’élaboration de concepts de lieu de travail adaptés à la culture souhaitée et à la stratégie d’une organisation. 
Anton a une formation de spécialiste en communication et accompagne, en sa qualité de Change Manager, aussi bien de grandes entreprises que des pouvoirs publics vers de nouvelles formes de collaboration. À cet effet, il s’intéresse plus particulièrement à la compréhension et à l’ajustement du comportement des utilisateurs ainsi qu’à la culture du leadership.
Depuis 2010, il est l’homme derrière l’entreprise de consultance Brainmove qui a accompagné de nombreuses grandes organisations sur la voie d’un nouvel environnement de travail associé à une autre façon de travailler.
Anton accorde énormément d’importance à une approche factuelle, ce qui se traduit par des contacts avec des universités, des hautes écoles et des centres de recherche comme le CfPB à Delft.
Anton parle avec beaucoup de passion du « new world of work », un concept qui couvre l’environnement de travail tant physique que virtuel. Le développement des connaissances, le travail indépendamment du lieu et du moment, le développement organisationnel : autant de thèmes qu'il réussit à aborder de manière inspirante. Anton a développé une vision pragmatique de la façon dont la collaboration et le leadership peuvent être réalisés à distance et à l’avenir.
Il est capable d’assurer une intervention de fond, une présentation dynamique ou la modération d’une discussion animée en néerlandais, en français ou en anglais.
 "
668;Anton Maes;Speaker, Moderator;Male;Dutch, French, English;https://readmylips.be/sites/default/files/speakers/JA-7350.jpg;Anton Maes als spreker of moderator op jouw evenement? Neem contact op met sprekersbureau Read My Lips!;Dutch;"Management, Leiderschap &amp; topmanagers, Strategie, HR &amp; wellbeing, Bedrijfscultuur, Balans werk/leven";;Yes;"Wie is Anton Maes?
Anton Maes is een enthousiast spreker en ervaren lesgever. Hij doorspekt zijn interactieve spreekbeurten met humor, verrassende beelden en uitdagende stellingen. Anton is organisatiepsycholoog en expert in veranderingsmanagement, interne communicatie en strategische werkplekontwikkeling: het ontwikkelen van werkplekconcepten op maat van de gewenste cultuur en strategie van een organisatie. 
Anton heeft een achtergrond als communicatiespecialist en begeleidt vanuit zijn rol als changemanager zowel grote ondernemingen als de overheid naar nieuwe samenwerkingsvormen. Hierbij richt hij zich op het begrijpen en bijsturen van het gedrag van gebruikers, alsook de leiderschapscultuur.
Sinds 2010 is hij bezieler van het consultancybedrijf brainmove dat talloze grote organisaties heeft begeleid op weg naar een nieuwe werkomgeving gekoppeld aan een andere manier van werken.
Anton hecht erg veel belang aan een evidence based-benadering en dit vertaalt zich in contacten met universiteiten, hogescholen en onderzoekscentra zoals het CFPB in Delft.
Anton spreekt met veel passie over “the new world of work”. Hierbij komen zowel de fysieke als virtuele werkomgeving aan bod. Kennisontwikkeling, het werken onafhankelijk van tijd en plaats, organisatieontwikkeling: het zijn relevante thema’s waarover hij een inspirerend verhaal kan brengen. Anton ontwikkelde een pragmatische kijk op hoe het samenwerken en het leidinggeven op afstand en in de toekomst gerealiseerd kunnen worden.
Een inhoudelijke spreekbeurt, een dynamische presentatie of het modereren van een pittige discussie, dat kan in het Nederlands, Frans en Engels.
 "
799;Aster Nzeyimana;Moderator;Male;Dutch, English;https://readmylips.be/sites/default/files/speakers/Aster1.jpg;"Aster Nzeyimana as a speaker on your event? Contact the speakers&#039; office Read My Lips for more information.";English;"Media &amp; culture, Entertainment";;Yes;"Who is Aster Nzeyimana?
Aster Nzyeimana is sports anchor in Het Journaal and presenter and football commentator in the sports newsroom at VRT (Sporza) and the Pay-TV channel, Eleven Sports. A football animal in heart and soul. Someone with pure love for the game, but also for language and presenting. Aster likes hosting an evening, with a particular interest in political, social and cultural themes. "
799;Aster Nzeyimana;Moderator;Male;Dutch, English;https://readmylips.be/sites/default/files/speakers/Aster1.jpg;Aster Nzeyimana als moderator op jouw evenement? Neem vrijblijvend contact op met sprekersbureau Read My Lips voor meer informatie!;Dutch;"Media &amp; cultuur, Entertainment";;Yes;"Wie is Aster Nzeyimana?
Aster Nzyeimana is sportanker in Het Journaal, en presentator en voetbalcommentator bij de sportredactie van de VRT (Sporza) &amp; de betaalzender Eleven Sports. Een voetbaldier in hart en nieren zeg maar. Iemand met pure liefde voor het spelletje, maar ook voor taal én presenteren. Aster houdt ervan om een avond te hosten, met een bijzondere interesse in politieke, sociale en culturele thema’s. "
593;Augustin Wigny;Speaker;Male;French, English;https://readmylips.be/sites/default/files/speakers/Wigny_Augustin_200129_3.jpg;Augustin Wigny comme orateur à votre évènement ? Contactez Read My Lips, notre bureau d’orateurs spécialisés !;English;"Management, HR &amp; Wellbeing";;Yes;"Who is Augustin Wigny?
CEO of Cameleon, the first private sales company in Belgium and the first eco-building in Europe.
Cameleon, the first eco-built shop in Europe
A career path made up of encounters
International institution, banking sector, ministerial office, consulting, commercial field, ... There are some who have had a very full and varied career! Augustin Wigny (1969) is one of them. It has to be said that in the Wigny family there is stimulation in the air, from a very young age. A grandfather who was an illustrious politician, an uncle who was a senior member of the International Monetary Fund, another who was head of a major European bank. These are all role models in the family, sources of inspiration but also of pressure. ""It is obvious that we could not be satisfied with mediocrity,"" admits Augustin Wigny.
Doors to the world
After Latin-Greek at the Collège Saint-Michel, he chose the ULB Solvay business school. After a rather literary humanities, he wanted content. Pure physics tempted him but he preferred to listen to reason and the reality of the job market. In parallel to his studies at Solvay, Augustin did a Bachelor's degree in Social and Political Sciences in Antwerp. ""It was definitely the year that made the biggest impression on me at the time because, apart from finding the subjects fascinating, these studies were focused on people.
In the same vein, Augustin Wigny is keen to open up to the world. While his friends from university were applying for jobs in Belgium, he took a flight to Washington and the World Bank. ""I knocked on every door, sent hundreds of CVs, even put some on the windscreens of the biggest cars in the car park! After three or four months, the door was the right one and I got a project.
Although he stayed at the World Bank for almost two years, he had the opportunity to spend a few months in Africa, particularly in Ethiopia. A period he describes as fascinating. ""These are incredible memories. I remember, for example, finding myself deep in the savannah, in the hut of a village chief, discussing the circulation of money! For him, these two years at the World Bank will be first and foremost encounters, multicultural exchanges, an infinite source of personal enrichment. ""A great gust of wind from the sea"". However, he knows that expatriate life is not for him, too attached to his roots, to his native Belgium.
So he returned home. Eager to meet new people: ""I arrived in Belgium with a new curiosity, a new spirit, a new impetus. It made me meet many new people. This does not prevent him from recalling old contacts. For example, Peter Praet, a professor for whom he had been an assistant at the ULB, opened the doors of the Générale de Banque to him. Augustin Wigny stayed there for four years as a senior economist.
In 1999, Peter Praet left the bank to join the cabinet of Didier Renders, Minister of Finance. Augustin followed him but joined the cabinet of the Minister for Telecommunications and Public Enterprises, Rik Daems. ""When Peter Praet left the bank, he sort of took me in his suitcases"", Augustin smiles. Two years later, he returned to the private sector and the Boston Consulting Group as a consultant. Here too, it was the result of meetings: ""At the firm, I was constantly in contact with consultants. I got to know them and their work and one day I wanted this type of job.
Public sector, private sector, consultancy, entrepreneurship, business... the transition from one to the other is totally natural for Augustin Wigny. He hates the idea of a career that is too planned and sees the world of work more as a great carousel: ""there are floats that pass by and you have to know how to seize them at the right moment"".
The big jump
The biggest break came when he arrived at Caméléon. But once again, it was above all a story of meeting and friendship. ""I had known Jean-Cédric Van der Belen for a long time. One day he came to see me and asked me to help him, he was in the middle of restructuring the liabilities and balance sheets of his company. At the time, I was travelling a lot for BCG and had long waiting times in airports. So it was between two planes that Augustin Wigny compiled the Chameleons files. ""As I worked on these files, I realised that what Jean-Cédric had created was phenomenal. The discussions between the two men went on and on until one day in 2004, Augustin decided to take the plunge: he resigned from BCG and joined Cameleon for good. While he recognises the very entrepreneurial reflex, he insists above all on the complementarity in terms of skills and shared values: ""We are completely aligned on values such as the word given, honesty, integrity, human values in short. This is reflected in the spirit that has reigned at Cameleon since its inception and its very family-oriented, young, dynamic and professional culture.""
Today, Cameleon is a company that does not suffer from the crisis and is constantly renewing itself. The leading private sales company in Belgium, it has a turnover of more than 40 million euros with a growth rate of over 30%. Cameleon is also the first eco-built shop in Europe. In its Brussels outlet, there is even a piano. Augustin Wigny, an experienced pianist, plays there from time to time..."
593;Augustin Wigny;Speaker;Male;French, English;https://readmylips.be/sites/default/files/speakers/Wigny_Augustin_200129_3.jpg;Augustin Wigny comme orateur à votre évènement ? Contactez Read My Lips, notre bureau d’orateurs spécialisés !;French;Management, RH et bien-être;;Yes;"Qui est Augustin Wigny ?
CEO de Caméléon, premier acteur de ventes privées en Belgique et premier eco-building d'Europe.
Caméléon, le premier magasin éco-construit d'Europe
Un parcours professionnel fait de rencontres
Institution internationale, secteur bancaire, cabinet ministériel, consulting, domaine commercial, ... Il y en a qui présentent un parcours professionnel des plus étoffés et divers! Augustin Wigny (1969) fait partie de ceux-là. Il faut reconnaître que dans la famille Wigny il y a de la stimulation dans l'air, dès le plus jeune âge. Un grand-père politicien illustre, un oncle ponte du Fonds Monétaire International, un autre à la tête d'une grande banque européenne. Autant de rôles modèles dans la famille, des sources d'inspiration mais aussi de pression certaine. ""Il est évident que l'on ne pouvait se satisfaire de la médiocrité"", admet Augustin Wigny.
Portes sur le monde
Après les Latin-grec au Collège Saint-Michel, il choisit l'école de commerce Solvay de l'ULB. Après des humanités plutôt littéraires, il voulait du contenu. La physique pure le tente mais il préfère écouter la raison et la réalité du marché de l'emploi. Parallèlement à ses études à Solvay, Augustin fait un Bachelor en Sciences sociales et politiques à Anvers. ""C'est sans conteste l'année qui m'a le plus marquée à l'époque car outre que je trouvais les sujets fascinants, ces études étaient axées sur l'humain"".
Dans le même ordre d'idée, Augustin Wigny a envie d'ouverture sur le monde. Alors que ses amis d'unif postulent à tout va en Belgique, lui prend un vol pour Washington et la Banque Mondiale. ""J'y ai frappé à toutes les portes, j'ai envoyé des centaines de CV, j'en déposais même sur les pare-brises des plus grosses voitures sur le parking ! Aprés 3 ou 4 mois, la porte était la bonne et j'ai obtenu un projet.""
S'il reste près de deux ans à la Banque Mondiale, il aura surtout l'occasion de vivre quelques mois en Afrique, notamment en Ethiopie. Une période qu'il qualifie de fascinante. ""Ce sont des souvenirs incroyables. Je me souviens par exemple m'être retrouvé au fin fond de la savane, dans la hutte d'un chef de village, à discuter de la circulation de la masse monétaire!"". Pour lui, ces deux années à la Banque Mondiale seront d'abord des rencontres, des échanges multiculturels, une source infinie d'enrichissement personnel. ""Un grand coup de vent du large"". Pourtant, il sait que la vie d'expatrié n'est pas pour lui, trop rattaché à ses racines, à sa Belgique natale.
Il rentre donc au pays. Avide d'autres rencontres: ""je suis arrivé en Belgique doté d'une nouvelle curiosité, d'un nouvel esprit, d'un nouvel élan. Cela m'a fait rencontrer nombre de nouvelles personnes"". Ce qui ne l'empêche pas de rappeler d'anciens contacts. Ainsi, Peter Praet, professeur pour lequel il avait été assistant à l'ULB, lui ouvre les portes de la Générale de Banque. Augustin Wigny y reste 4 ans, comme Senior-economist.
En 1999, Peter Praet quitte la banque pour le cabinet de Didier Renders, Ministres des Finances. Augustin le suit mais intègre le cabinet du ministre des télécommunications et des entreprises publiques, Rik Daems. ""Quand Peter Praet a quitté la banque, il m'a en quelque sorte pris dans ses valises "" sourit Augustin. Deux ans plus tard, c'est retour au secteur privé et le Boston Consulting Group, pour un poste de consultant. Là aussi, c'est le fruit de rencontres: ""au cabinet, je ne cessais de côtoyer des consultants. J'ai appris à les connaître, à connaître leur métier et un jour, j'ai eu envie de ce type de job"".
Secteur public, secteur privé, conseil, entrepreneuriat, business ... des passages de l'un à l'autre totalement naturels pour Augustin Wigny. Lui déteste l'idée d'une carrière trop planifiée et voit plutôt le monde du travail davantage comme un grand carrousel: ""il y a des floches qui passent et il faut savoir les saisir au bon moment"".
Le grand saut
La plus grande rupture sera finalement son arrivée chez Caméléon. Mais encore une fois, c'est avant tout une histoire de rencontre et d'amitié. ""Je connaissais Jean-Cédric Van der Belen depuis longtemps. Un jour il est venu me voir et m'a demander de l'aider, il était en pleine restructuration des passifs et bilans de sa société. A l'époque, je voyageais énormément pour BCG et disposais de longs temps d'attente dans les aéroports."" C'est donc entre deux avions qu'Augustin Wigny compulse les dossiers de Caméléons. ""Au fur et à mesure que je travaillais sur ces dossiers, je me suis rendu compte que ce que Jean-Cédric avait créé était phénoménal"". Les discussions entre les deux hommes s'enchaînent puis un jour de 2004, Augustin décide de faire le grand saut: il démissionne de BCG et intègre pour de bon Caméléon. S'il reconnaît le réflexe très entrepreneurial, il insiste surtout sur une complémentarité en termes de compétences et sur des valeurs communes: ""Nous sommes complètement alignés sur les valeurs telles que la parole donnée, l'honnêteté, l'intégrité, des valeurs humaines en somme. Cela se reflète dans l'esprit qui règne à Caméléon depuis ses débuts et sa culture très familiale, jeune, dynamique et professionnelle.""
Aujourd'hui, Caméléon est une société qui ne connaît pas la crise et qui ne cesse de se renouveler. Premier acteur de ventes privées en Belgique, elle réalise un chiffre d'affaire de plus de 40 millions d'euros avec une croissance dépassant les 30%. Caméléon c'est aussi le premier magasin éco-construit d'Europe. Dans son point de vente de Bruxelles, traîne même un piano. Augustin Wigny, pianiste confirmé, y joue de temps à autre..."
731;Aza Declercq;Speaker, Moderator;Female;Dutch, French, English;https://readmylips.be/sites/default/files/speakers/aza4-klein.jpg;"Aza Declercq as a speaker or moderator on your event? Contact the speakers&#039; office Read My Lips for more information.";English;"Media &amp; culture, Media, Management";;Yes;"Who is Aza Declercq?
In addition to being an actor and doing voice-overs, Aza is also a frequently sought-after presenter. Through her years of experience in the field, she has already helped many business leaders improve their speaking and presentation techniques. The title of one of her keynote presentations: ""Demosthenes’ Secret"". A captivating and humorous discourse on the do's and don'ts of ‘Speaking in front of an audience’. 
Some of the objectives of Aza’s keynote presentations are to make you feel more comfortable speaking in front of an audience; she helps put structure into a presentation and will have the audience hanging on your every word.
 "
731;Aza Declercq;Speaker, Moderator;Female;Dutch, French, English;https://readmylips.be/sites/default/files/speakers/aza4-klein.jpg;Aza Declercq comme orateur ou modérateur à votre évènement ? Contactez Read My Lips, notre bureau d’orateurs spécialisés !;French;Médias et culture, Media, Management;;Yes;"Qui est Aza Declercq ?
En plus d’être actrice et voix off, Aza est également une présentatrice fréquemment sollicitée. Grâce à sa sa longue expérience dans le domaine, elle a déjà aidé de nombreux dirigeants d’entreprise à améliorer leurs techniques de parole et de présentation. Un de ses discours d’introduction s’intitule : « Le secret de Démosthène ». Un discours fascinant et humoristique sur ce qu’il faut faire et ne pas faire pour « Parler devant un public». 
Certains des objectifs des discours d’introduction d’Aza sont de vous faire sentir plus à l’aise lorsque vous devez parler devant un public. Elle aide à structurer une présentation et peut faire en sorte que le public soit suspendu à vos lèvres.
 "
731;Aza Declercq;Speaker, Moderator;Female;Dutch, French, English;https://readmylips.be/sites/default/files/speakers/aza4-klein.jpg;Aza Declercq als spreker of moderator op jouw evenement? Neem vrijblijvend contact op met sprekersbureau Read My Lips.;Dutch;"Media &amp; cultuur, Media, Management";;Yes;"Wie is Aza Declercq?
Aza is naast actrice en voice-over ook een frequent gevraagde presentatrice. Door haar jarenlange ervaring in het veld heeft ze reeds heel wat bedrijfsleiders geholpen bij het verbeteren van hun spreek- en presentatietechnieken. Een titel van één van haar Keynotes: ""Het geheim van Demosthenes"". Een boeiend en humoristisch discours over de do’s en don’ts van ""Spreken voor een publiek'. 
Enkele doelen van Aza’s Keynotes zijn je meer op je gemak te doen voelen als je moet spreken voor publiek, ze helpt structuur in een Presa te krijgen en kan ervoor zorgen dat het publiek aan je lippen hangt.
 
Luister naar Aza Declerque in onze podcast Overmorgen #29."
549;Bart Aerts;Speaker;Male;Dutch, French, English;https://readmylips.be/sites/default/files/speakers/Aerts_Bart_200406_foto1_RML_1.jpg;Bart Aerts - Spreker Read My Lips;English;"Current affairs, Politics &amp; Government, Law, History, Media &amp; culture, Media";Non-profit;Yes;"Who is Bart Aerts?
Bart has worked as a journalist for various media since 1998. He currently writes for Knack and De Juristenkrant, and films television documentaries for Terzake and Pano. He is a reporter with a wide range of interests, and always looks for different but fascinating stories.
During his most recent project, Bart was able to offer a backstage insight into the world of Belgian diplomacy in China, the USA, Africa and Belgium. The result was Corps Diplomatique; a book and similarly titled five-part documentary for the Canvas channel. During the series, dozens of diplomats show us for first time exactly what their job entails. Have we become a plaything for China and the USA? Or can a small country like Belgium play a meaningful role on the world stage?
As a criminologist, he is fascinated by the world of crime and justice. In his work as a professional journalist, Bart has personally experienced the strong arm of the law on a couple of occasions over the past few years. He will tell his incredible story of a house search, confiscation of his smartphone (a crucial instrument in his work) and a trial that has been going on for almost four years."
549;Bart Aerts;Speaker;Male;Dutch, French, English;https://readmylips.be/sites/default/files/speakers/Aerts_Bart_200406_foto1_RML_1.jpg;Bart Aerts comme orateur à votre évènement ? Contactez Read My Lips, notre bureau d’orateurs spécialisés !;French;Le monde actuel, Politique et pouvoirs publics, Droit, Histoire, Médias et culture, Media;Non-profit;Yes;"Qui est Bart Aerts ?
Bart est journaliste pour plusieurs médias depuis 1998. Actuellement, il écrit pour Knack et De Juristenkrant et tourne des reportages pour Terzake et Pano. Curieux de tout, il cherche des sujets passionnants et variés.
Son plus récent projet l’a amené à explorer les coulisses de la diplomatie belge en Chine, aux USA, en Afrique et en Belgique. Le résultat est Corps Diplomatique, un livre et une série documentaire du même nom en cinq épisodes pour la chaine Canvas. Des dizaines de diplomates y montrent et expliquent pour la première fois leur fonction précise. Sommes-nous devenus un jouet de la Chine et des États-Unis ? Ou la petite Belgique peut-elle jouer un rôle important sur la scène internationale ?
Criminologue, Bart se passionne également pour l’univers de la criminalité et de la justice. Sa profession de journaliste lui a par ailleurs valu deux confrontations avec la justice au cours de ces dernières années. Il raconte volontiers l’histoire incroyable d’une perquisition, de la saisie de son smartphone (un outil de travail essentiel) et des poursuites qui durent à présent depuis près de quatre ans."
549;Bart Aerts;Speaker;Male;Dutch, French, English;https://readmylips.be/sites/default/files/speakers/Aerts_Bart_200406_foto1_RML_1.jpg;Bart Aerts - Spreker Read My Lips;Dutch;"De wereld vandaag, Politiek &amp; overheid, Recht, Geschiedenis, Media &amp; cultuur, Media";Non-profit;Yes;"Wie is Bart Aerts?
Sinds 1998 werkt Bart als journalist voor verschillende media. Momenteel schrijft hij voor Knack en De Juristenkrant en draait hij televisiereportages voor Terzake en Pano. Met een brede interesse gaat hij als reporter op zoek naar uiteenlopende, boeiende verhalen.
Tijdens zijn meest recente project kon Bart een blik werpen achter de schermen van de Belgische diplomatie in China, de VS, Afrika en België. Het resultaat is Corps Diplomatique, een boek en een gelijknamige vijfdelige documentairereeks voor Canvas. Tientallen diplomaten tonen en vertellen voor het eerst wat ze precies doen. Zijn we een speelbal van China en de VS geworden? Of kan het kleine België op het wereldtoneel een rol van betekenis spelen?
Als criminoloog fascineert de wereld van criminaliteit en justitie hem ook mateloos. Door zijn werk als beroepsjournalist kwam Bart zelf de voorbije jaren twee keer in aanraking met het gerecht. Graag vertelt hij  het ongelooflijke verhaal van een huiszoeking, de inbeslagname van zijn smartphone (een cruciaal werkinstrument) en de vervolging die nu al bijna vier jaar duurt."
72;Bart Brinckman;Speaker, Moderator;Male;Dutch;https://readmylips.be/sites/default/files/speakers/Bart%20Brinckman4_0.jpg;Who is Bart Brinckman?;English;"Current affairs, Politics &amp; Government, Media &amp; culture";Non-profit;Yes;"Who is Bart Brinckman?
Bart Brinckman has been a political journalist for over twenty years. He spent ten years writing for De Morgen and later moved to De Standaard. He was awarded the Dexia Persprijs for his work entitled ‘De zestien is voor u’ (‘The premiership is yours’). The speaker is a seasoned journalist who has been closely monitoring the political stage for many years. That is why he is ideally placed to lead delicate or difficult political debates. He is able to unravel the often tangled web of political opinions and negotiations. In addition, Bart normally knows Belgian politicians personally and is better placed than anyone to inform you about the ins and outs of the political arena."
72;Bart Brinckman;Speaker, Moderator;Male;Dutch;https://readmylips.be/sites/default/files/speakers/Bart%20Brinckman4_0.jpg;Bart Brinckman als spreker of moderator op jouw evenement? Neem vrijblijvend contact op met sprekersbureau Read My Lips voor meer informatie!;Dutch;"De wereld vandaag, Politiek &amp; overheid, Media &amp; cultuur";Non-profit;Yes;"Wie is Bart Brinckman?
Bart Brinckman is al meer dan twintig jaar Wetstraatjournalist. Hij schreef tien jaar voor De Morgen en stapte dan over naar De Standaard. Voor zijn reeks ‘De zestien is voor u’ ontving hij de Dexia Persprijs. Deze spreker is een doorwinterde journalist die het politieke schouwspel al jaren op de voet volgt. Daarom is hij ook ideaal geplaatst om een delicaat of moeilijk politiek debat te leiden. Hij haalt het soms ingewikkelde kluwen van standpunten en onderhandelingen voor je uit elkaar. Bovendien kent Bart de Belgische politici doorgaans ook persoonlijk en maakt hij je als geen ander wegwijs in het abc van het politieke spel."
968;Bart Chiau;Speaker;Male;Dutch;https://readmylips.be/sites/default/files/speakers/bart%20chiau-21_0.jpg;Bart Chiau als spreker op jouw evenement? Neem vrijblijvend contact op met sprekersbureau Read My Lips voor meer informatie.;Dutch;De wereld vandaag, Recht, Economie;;Yes;"Wie is Bart Chiau? 
Als professor is hij verbonden aan UGent en doceert hij aan de Faculteit Economie de volgende opleidingsonderdelen: verzekeringsmanagement en personal financial planning. Hij is auteur van diverse uitgaven rond fiscaliteit, sociale zekerheid, verzekeringen, erfrecht, vermogens- en successieplanning. Daarnaast geeft hij regelmatig seminaries over deze materies. Hij werkt voor verschillende beroepsorganisaties binnen de financiële wereld en wordt geconsulteerd door banken, verzekeringsondernemingen, accountantskantoren, advocatenkantoren, hogescholen, universitaire instellingen en het notariaat. Als expert komt hij veel aan het woord in de media. Hij schrijft regelmatig voor De Tijd, Netto, Trends, Moneytalk, Knack, L’ Echo, Life &amp; Benefits, Bericht aan het notariaat, Het Nieuwsblad, HLN, Vitaya Magazine, Libelle, Feeling… Hij werkt ook mee aan programma’s op Eén (Voor hetzelfde geld, Het Journaal), Radio 2 (De Inspecteur), DPG Media en Kanaal Z."
862;Bart De Bondt;Speaker, Moderator;Male;Dutch, English;https://readmylips.be/sites/default/files/speakers/Bart%20De%20Bondt%20%285%29.jpg;"Bart De Bondt as a speaker or moderator on your event? Contact the speakers&#039; office Read My Lips for more information.";English;"Management, HR &amp; Wellbeing";;Yes;"Who is Bart De Bondt?
Bart De Bondt is the former CEO of the Belgian insurance company ING. After his departure from ING, he was asked by a Dutch publisher to write a book about his experience as managing director: 'De ladder van leiderschap' (The ladder of leadership). It soon became a bestseller and was nominated for ‘Best Management Book of 2010’. The topics addressed in this book are timelessly universal, making it a must-read in management literature.  Later, he went on to write 'Ik hou van mij' (nominated for ‘Best Coach Book 2012’), 'Happy@Work' (another best-seller, with over 40,000 copies sold) and 'Change@Work'. This last work was also translated into English and is also available abroad.
Since the publication of his first book, Bart De Bondt has frequently been invited to act as an Executive Coach and Keynote Speaker. In addition, Bart is CEO of YouthStart Belgium, a non-profit organisation aimed at activating vulnerable low-skilled, unemployed young people in a positive manner via a short-term programme based on the principles of entrepreneurship."
862;Bart De Bondt;Speaker, Moderator;Male;Dutch, English;https://readmylips.be/sites/default/files/speakers/Bart%20De%20Bondt%20%285%29.jpg;Bart De Bondt als spreker of moderator op jouw evenement? Neem vrijblijvend contact op met sprekersbureau Read My Lips.;Dutch;"Management, HR &amp; wellbeing";;Yes;"Wie is Bart De Bondt?
Bart De Bondt is voormalig CEO van het verzekeringsbedrijf van ING in België. Na zijn afscheid bij ING schreef hij op vraag van een Nederlands uitgever een boek over zijn ervaring als bedrijfsleider: De ladder van leiderschap. Dit werd op korte tijd een bestseller en werd genomineerd voor ‘Beste Managementboek 2010′. De thema’s die erin aan bod komen zijn tijdloos universeel en maken van het boek een must read in de managementliteratuur. Later verscheen van zijn hand ook Ik hou van mij (genomineerd voor ‘Beste Coachboek 2012’), Happy@Work (nog een bestseller waarvan er meer dan 40.000 exemplaren over de toonbank gingen) en Change@Work. Dit laatste werk is ook vertaald in het Engels en wordt tevens aangeboden in het buitenland.
Sinds de uitgave van zijn eerste boek wordt Bart De Bondt vaak gevraagd als Executive Coach en Keynote Speaker. Daarnaast is Bart CEO van YouthStart Belgium, een non-profitorganisatie die kwetsbare laaggeschoolde werkloze jongeren op een positieve manier wil activeren via een kortdurend traject gebaseerd op de principes van het ondernemerschap."
75;Bart Derison;Speaker;Male;Dutch, English;https://readmylips.be/sites/default/files/speakers/Derison_Bart_200123_1.jpg;Who is Bart Derison?;English;"Current affairs, Sustainability &amp; Climate, Safety, Marketing &amp; communication, PR &amp; Communication";;No;"Who is Bart Derison?
Bart specialises in communication concerning infrastructure, mobility and public works. Together with Noël Slangen, he is one of the co-founders of Groep C and is responsible for managing Connect. This sister company of Groep C specialises in public works, mobility and infrastructure, and is the market leader in Flanders. At the end of 2011, Derison published a book, which he had written together with Noël Slangen, called Help, er loopt een weg door mijn tuin (Help, there's a road running through my garden’). The two experts used the book to explain how policy-makers, municipal councils, project developers, etc. should communicate about projects that will inconvenience the public.
References about the expertise of Bart Derison are certainly not in short supply. For instance, he was responsible for communicating about the Noord-Zuidverbinding (north-south connection) in the province of Limburg and the high-speed tram connection between Hasselt and Maastricht. In addition, he advises organisations like Agentschap Wegen en Verkeer (road and transport agency), De Lijn (bus transport), Stad Maastricht and various Flemish and federal departments. Very few people are as well versed in infrastructure-related communication as Derison. This means his lectures also take him to many countries. For example, he has already shared his expertise in cities like Helsinki and Perugia."
75;Bart Derison;Speaker;Male;Dutch, English;https://readmylips.be/sites/default/files/speakers/Derison_Bart_200123_1.jpg;Wie is Bart Derison?;Dutch;"De wereld vandaag, Duurzaamheid &amp; klimaat, Veiligheid, Marketing &amp; communicatie, PR &amp; communicatie";;No;"Wie is Bart Derison?
Bart is gespecialiseerd in communicatie rond infrastructuur, mobiliteit en openbare werken. Samen met Noël Slangen is hij een van de medeoprichters van Groep C en staat hij aan het hoofd van Connect. Dit zusterbedrijf van Groep C legt zich toe op openbare werken, mobiliteit en infrastructuur, en is marktleider in Vlaanderen. Eind 2011 verscheen het boek Help, er loopt een weg door mijn tuin, dat Derison samen met Noël Slangen schreef. Hierin leggen de twee experts uit hoe beleidsmakers, gemeentebesturen, projectontwikkelaars, … het best communiceren over te realiseren projecten, waar de bevolking hinder van zal ondervinden.
Referenties over de deskundigheid van Bart Derison zijn er genoeg. Zo verzorgt hij onder meer de communicatie rond de Limburgse Noord-Zuidverbinding en de sneltramverbinding tussen Hasselt en Maastricht. Daarnaast adviseert hij organisaties als het Agentschap Wegen en Verkeer, De Lijn, de Stad Maastricht en diverse Vlaamse en federale administraties. Weinigen zijn zo bedreven in communicatie rond infrastructuur als deze spreker. Zijn lezingen brengen hem dan ook tot ver buiten de landsgrenzen. Zo mocht hij al in Helsinki en Perugia aantreden om zijn expertise uit de doeken te doen."
972;Bart Teuwen;Speaker;Male;Dutch, French, English;https://readmylips.be/sites/default/files/speakers/2I9A9732_websize.jpg;Bart Teuwen als spreker op jouw evenement? Neem vrijblijvend contact op met sprekersbureau Read My Lips voor meer informatie.;English;"Management, Strategy, HR &amp; Wellbeing, Work/Life Balance";;Yes;"Who is Bart Teuwen?
As an expert on absenteeism, I have gathered broad experience in the field of healthcare. First as a general practitioner, then as a company doctor. I now provide guidance in the area of absenteeism for organisations in a wide range of sectors: healthcare, education, government, industry, service sector, etc. With extensive management experience - as chief company doctor, then as director of the Dutch Encare Arbozorg organisation and currently as director of Certimed - I am a discussion partner for CEOs as well as management levels, governments and network organisations. I also have a passion for everything related to innovation within healthcare."
972;Bart Teuwen;Speaker;Male;Dutch, French, English;https://readmylips.be/sites/default/files/speakers/2I9A9732_websize.jpg;Bart Teuwen als spreker op jouw evenement? Neem vrijblijvend contact op met sprekersbureau Read My Lips voor meer informatie.;French;Management, Stratégie, RH et bien-être, Équilibre travail/vie privée;;Yes;"Qui est Bart Teuwen ?
En ma qualité d’expert en absentéisme, je possède une grande expérience des soins de santé. D’abord en tant que généraliste, puis en tant que médecin du travail. Aujourd’hui, j’accompagne les organisations dans le domaine de l’absentéisme, dans une grande variété de secteurs : soins, enseignement, pouvoirs publics, industrie, secteur des services… Fort d’une vaste expérience du management – en qualité de médecin du travail principal, puis de directeur d’Encare Arbozorg aux Pays-Bas, et aujourd’hui de directeur de Certimed – je suis l’interlocuteur des CEO ou des niveaux de direction, des pouvoirs publics et des organisations de réseau. En outre, je nourris une passion pour tout ce qui a trait à l’innovation dans les soins."
972;Bart Teuwen;Speaker;Male;Dutch, French, English;https://readmylips.be/sites/default/files/speakers/2I9A9732_websize.jpg;Bart Teuwen als spreker op jouw evenement? Neem vrijblijvend contact op met sprekersbureau Read My Lips voor meer informatie.;Dutch;"Management, Strategie, HR &amp; wellbeing, Balans werk/leven";;Yes;"Wie is Bart Teuwen?
Als verzuimexpert heb ik een brede ervaring in de zorg. Eerst als huisarts, nadien als bedrijfsarts. Vandaag begeleid ik organisaties op het vlak van ziekteverzuim, in een brede waaier aan sectoren: zorg, onderwijs, overheid, industrie, dienstensector, … Met een ruime managementervaring – als hoofdbedrijfsarts, nadien als directeur van het Nederlandse Encare Arbozorg en vandaag als directeur Certimed – ben ik gesprekspartner voor CEO’s of management levels, overheden en netwerkorganisaties. Daarnaast heb ik een passie voor alles rond innovatie binnen de zorg."
63;Bart Van der Roost;Speaker;Male;Dutch, French, English;https://readmylips.be/sites/default/files/speakers/Vanderroost_Bart%20Van%20der%20Roost_200330_foto2_1000.jpg;Who is Bart Van der Roost?;English;"Media &amp; culture, Arts &amp; Culture, Entertainment, Leisure, Management, Leadership and Senior Management, Enterprise, Strategy, Technology &amp; innovation, Creativity";;No;"Who is Bart Van der Roost?
When at music academy, Bart Van der Roost's trombone teacher once made a prediction: “Bart, you are going to be a manager one day.” And that's exactly what happened. After completing his music studies, Bart Van der Roost became a manager at Brussels Philharmonic. As musician in an orchestra, he saw how - despite this new digital era - people still had to fiddle around with sheet music. That is why Bart helped to found neoScores and Gustaf; an interactive web platform with digital scores. Bart Van der Roost introduces you to his story about ambitious dreams and hard reality checks; about courage and creativity, at the cutting edge between love for music and creative entrepreneurship, between art and business."
63;Bart Van der Roost;Speaker;Male;Dutch, French, English;https://readmylips.be/sites/default/files/speakers/Vanderroost_Bart%20Van%20der%20Roost_200330_foto2_1000.jpg;Wie is Bart Van der Roost?;Dutch;"Media &amp; cultuur, Kunst &amp; cultuur, Entertainment, Vrije tijd, Management, Leiderschap &amp; topmanagers, Ondernemen, Strategie, Technologie &amp; innovatie, Creativiteit";;No;"Wie is Bart Van der Roost?
De leraar trombone van Bart Van der Roost aan het conservatorium had het ooit voorspeld: “Bart, op een dag word jij nog een manager.” En zo gebeurde het ook. Na zijn muziekstudies belandde Bart Van der Roost in het management van Brussels Philharmonic. Als muzikant in de orkestbak zag hij dat er in deze digitale tijden nog steeds hopeloos geknoeid wordt met papieren bladmuziek. Bart lag zo mee aan de basis van neoScores en Gustaf, een interactief webplatform met digitale partituren. Bart Van der Roost neemt je mee in zijn verhaal over ambitieuze dromen en harde reality checks, over durf en creativiteit, op het snijvlak tussen de liefde voor muziek en creatief ondernemerschap, tussen kunst en business."
77;Bart Verboven;Speaker;Male;Dutch, English;https://readmylips.be/sites/default/files/speakers/Verboven_Bart_200124_1.jpg;Who is Bart Verboven?;English;Entertainment, Leisure, Travel, Sport;;No;"Who is Bart Verboven?
Bart crossed the Atlantic Ocean in a rowing boat together with his friend Christophe Sepot. They filmed their adventure and it was broadcast as a series on channel 2BE. Bart has always been a bit of a daredevil. When he was just four years old, he scared the living daylights out of his parents by climbing up a 12 metre-high crane. Bart later continued this habit of trying to climb on, under or through things. He has a reputation of accepting all bets and winning them too.
Together with Christophe, the speaker spent over a hundred days at sea, in the worst possible weather conditions. He had a choice: learn to live with nature or be driven to insanity by yearning for his life of luxury. During this lecture, Bart offers an insight into their captivating adventure; a journey about surviving, with little food, surrounded by water and with zero privacy, but also a journey about team spirit, friendship and... in the end, the sweet taste of success."
77;Bart Verboven;Speaker;Male;Dutch, English;https://readmylips.be/sites/default/files/speakers/Verboven_Bart_200124_1.jpg;Wie is Bart Verboven?;Dutch;Entertainment, Vrije tijd, Reizen, Sport;;No;"Wie is Bart Verboven?
Bart stak samen met zijn vriend Christophe Sepot de Atlantische Oceaan over in een roeibootje. Ze filmden hun avontuur en de reeks werd uitgezonden op 2BE. Bart was altijd al een waaghals. Als bengel van vier jaar klom hij, tot grote schrik van zijn ouders, op een twaalf meter hoge kraan. Bart leerde het nooit af om overal op, onder of door te kruipen. Hij geniet de reputatie om iedere weddenschap aan te gaan en tot een goed einde te brengen.
Samen met Christophe dobberde deze spreker meer dan honderd dagen, door weer en wind, op de golven. Hij had de keuze: leren leven met de natuur of gek worden van heimwee naar zijn luxeleven. Tijdens zijn lezing vertelt Bart over hun indrukwekkende avontuur, een overlevingstocht met alleen maar water rondom je, de honger, het gebrek aan privacy, maar ook over teamspirit, vriendschap en … de uiteindelijke overwinningsroes."
79;Ben Roelants;Moderator;Male;Dutch, French, English;https://readmylips.be/sites/default/files/speakers/Roelants_Ben_.200409_foto2_1000.jpg;Who is Ben Roelants?;English;Entertainment, Management;;Yes;"Who is Ben Roelants?
Ben has an open and curious view of the world. The fact that he became a journalist thus comes as no surprise. He found his first job in the media at regional broadcaster TV Brussel. He has experienced many things since taking his first steps into the political minefield.
Ben has travelled around the world for a VRT travel programme called Vlaanderen Vakantieland. He currently runs his own travel channel: Evenaar. He is thus crazy about travelling, loves to enjoy life and is always looking for inspirational new experiences. As presenter and moderator, he can supervise debate evenings or events with a great deal of competence and professionalism."
79;Ben Roelants;Moderator;Male;Dutch, French, English;https://readmylips.be/sites/default/files/speakers/Roelants_Ben_.200409_foto2_1000.jpg;Ben Roelants als moderator op jouw evenement? Neem vrijblijvend contact op met sprekersbureau Read My Lips voor meer informatie!;French;Divertissement, Management;;Yes;"Qui est Ben Roelants ?
Ben regarde le monde avec un esprit ouvert et curieux. Ce n'est donc pas un hasard s'il est devenu journaliste. Il a trouvé son premier emploi dans les médias sur la chaîne régionale TV Brussel. Depuis ses premiers pas dans le journalisme, il a navigué dans de nombreuses eaux médiatiques.
Ben a parcouru le monde pour l'émission Vlaanderen Vakantieland de la VRT. Aujourd'hui, il dirige sa propre chaîne de voyage : Equator. Il est donc fou de voyages, bon vivant à plein temps et toujours à la recherche de nouvelles expériences inspirantes. En tant que présentateur et modérateur, il dirige votre soirée de discussion ou votre événement dans la bonne direction avec beaucoup de savoir-faire et de professionnalisme."
79;Ben Roelants;Moderator;Male;Dutch, French, English;https://readmylips.be/sites/default/files/speakers/Roelants_Ben_.200409_foto2_1000.jpg;Ben Roelants als moderator op jouw evenement? Neem vrijblijvend contact op met sprekersbureau Read My Lips voor meer informatie!;Dutch;Entertainment, Management;;Yes;"Wie is Ben Roelants?
Ben kijkt met een open en nieuwsgierige blik naar de wereld. Het is dus geen toeval dat hij journalist is geworden. Zijn eerste job in de media vond hij bij de regionale zender TV Brussel. Sinds zijn eerste stappen in de journalistiek heeft hij veel media-watertjes doorzwommen.
Ben heeft de wereld rondgereisd voor het VRT-programma Vlaanderen Vakantieland. Vandaag leidt hij een eigen reiszender: Evenaar. Hij is dus reisgek, voltijds levensgenieter en altijd op zoek naar inspirerende nieuwe ervaringen. Als presentator en moderator leidt hij jouw gespreksavond of event in goede banen met veel metier en professionalisme.
 
Luister naar Ben Roelandts in onze podcast Overmorgen. "
941;Benjamin Feys;Speaker;Male;Dutch, English;https://readmylips.be/sites/default/files/speakers/Benjamin%20Feys%20%C2%A9%20De%20Muynck%20Christophe-10.jpg;"Benjamin Feys as a speaker on your event? Contact the speakers&#039; office Read My Lips for more information.";English;Current affairs;;Yes;"Who is Benjamin Feys?
Benjamin Feys was born in Menen on 29 May 1989 and is an ex-inmate of the Bolivian San Pedro prison. The then 22-year-old West Flanders citizen ended up there when he was caught with large consignments of cocaine in 2011. The themes in Benjamin's life relate to fear, envy, remorse, leadership, and reinventing oneself in the most trying of situations.
During his imprisonment, Feys was allowed to meet Luk Alloo for the series 'Alloo in the Foreign Prison' in which he appeared as a protagonist for three episodes. His story was recorded by Hilde Sabbe in his biography 'More than Coke'. Benjamin Feys, known for 'Alloo in the Foreign Prison', shares his experiences from the past, present and future with you in his captivating lecture. "
941;Benjamin Feys;Speaker;Male;Dutch, English;https://readmylips.be/sites/default/files/speakers/Benjamin%20Feys%20%C2%A9%20De%20Muynck%20Christophe-10.jpg;Benjamin Feys als spreker op jouw evenement? Neem vrijblijvend contact op met sprekersbureau Read My Lips voor meer informatie.;Dutch;De wereld vandaag;;Yes;"Wie is Benjamin Feys?
Benjamin Feys geboren op 29 mei 1989 te Menen en is een ex-gedetineerde van de Boliviaanse gevangenis San Pedro. De toen 22-jarige West-Vlaming kwam er terecht toen hij in 2011 betrapt werd met grote partijen cocaïne. De passages in Benjamins leven zijn er van angst, afgunst, berouw, leiderschap en jezelf heruitvinden in de meest benarde situaties.
Tijdens zijn gevangenschap mocht Benjamin Feys Luk Alloo ontvangen voor de reeks Alloo in de Buitenlandse Gevangenis waarin hij 3 afleveringen als protagonist te zien was. Zijn verhaal werd opgetekend door Hilde Sabbe in zijn biografie Meer dan Coke. Benjamin Feys, bekend van 'Alloo in de Buitenlandse Gevangenis', deelt zijn ervaringen uit het verleden, heden en toekomst met u in zijn beklijvende lezing. "
80;Bert De Vroey;Speaker;Male;Dutch;https://readmylips.be/sites/default/files/speakers/Bert%20De%20Vroey.jpg;Who is Bert De Vroey?;English;"Current affairs, Politics &amp; Government, Safety, Society &amp; Diversity, History, Economics";Non-profit;Yes;"Who is Bert De Vroey?
Bert has been monitoring global trends for over 30 years. First as a reporter for Radio 1, where he would travel to Africa and Brazil, and later as journalist for the VRT news desk, where he specialised in the US. In his book called De kleuren van Amerika (The colours of America), Bart offers his insights into the diversity of the US. In the meantime, he has also started to focus on migration in Europe, certainly after the refugee crisis of 2015. Radio taught him to communicate clearly, while television taught him to sharpen his outlook. He is able to make complex topics understandable, without simplification.
Bert serves as moderator or interviewer during debates, book launches or dialogue sessions about the issues of international politics or migration."
80;Bert De Vroey;Speaker, Moderator;Male;Dutch;https://readmylips.be/sites/default/files/speakers/Bert%20De%20Vroey.jpg;Bert De Vroey als spreker of moderator op jouw evenement? Neem vrijblijvend contact op met sprekersbureau Read My Lips.;Dutch;"De wereld vandaag, Politiek &amp; overheid, Veiligheid, Samenleving &amp; diversiteit, Geschiedenis, Economie";Non-profit;Yes;"Wie is Bert De Vroey?
Bert volgt de trends in de wereld al ruim 30 jaar. Eerst als reporter voor Radio 1, reizend naar Afrika en Brazilië, later als journalist voor de VRT-nieuwsdienst waar hij zich specialiseerde in de VS. In het boek De kleuren van Amerika bundelde Bert zijn inzichten over diversiteit in de VS. Intussen groeide zijn aandacht voor migratie in Europa, zeker na de vluchtelingencrisis van 2015. Radio leerde hem helder vertellen, televisie deed hem scherper kijken. Hij maakt complexe thema’s begrijpelijk, zonder te versimpelen.
Bert treedt op als moderator of interviewer bij debatten, boekvoorstellingen of praatcafés, wanneer het – van ver of dichtbij – over internationale politiek of over migratie gaat.
Luister naar Bert De Vroey in onze podcast Overmorgen of beluister een recent radiogesprek uit De Wereld van Vandaag."
104;Bert Van Thilborgh;Speaker;Male;Dutch, English;https://readmylips.be/sites/default/files/speakers/B.VanThilborgh5a.jpg;"Bert Van Thilborgh as a speaker on your event? Contact the speakers&#039; office Read My Lips for more information!";English;"Current affairs, Society &amp; Diversity, Economics, Technology &amp; innovation, Innovation &amp; Trends";;Yes;"Who is Bert Van Thilborgh?
Via his company Futureproved Trendwatchers, Bert advises companies on trend analyses, trend implementations, trend communication and trend acceleration.
In his lectures, Bert adopts an enthusiastic and infectious approach to highlight developing trends in our society. His lectures address a variety of themes, like artificial intelligence, robotisation, people-centricity, ever-increasing consumer expectations and the generation gap and its impact on the economy and society, not only now but also in the future. He also presents trends for 2020 and tailormade keynotes about the future of various sectors (food, retail, entertainment, information technology, healthcare, education, transport, tourism, consumer electronics, the public sector and lifestyle).
*photo by: Caroline Dupont"
104;Bert Van Thilborgh;Speaker;Male;Dutch, English;https://readmylips.be/sites/default/files/speakers/B.VanThilborgh5a.jpg;Bert Van Thilborgh als spreker op jouw evenement? Neem vrijblijvend contact op met sprekersbureau Read My Lips voor meer informatie!;Dutch;"De wereld vandaag, Samenleving &amp; diversiteit, Economie, Technologie &amp; innovatie, Innovatie &amp; trends";;Yes;"Wie is Bert Van Thilborgh?
Met zijn bedrijf, het trendbureau Futureproved Trendwatchers, adviseert Bert dagelijks bedrijven met trendanalyses, trendimplementaties, trendcommunicatie en trendacceleratie.
In zijn lezingen brengt Bert op een enthousiaste en aanstekelijke manier de trendontwikkelingen van onze maatschappij in kaart. Zijn lezingen behandelen diverse thema’s, zoals artificiële intelligentie en robotisering, people centricity en de steeds groeiende consumentenverwachtingen, de generatiekloof en de impact op economie en maatschappij, niet alleen nu, maar ook in de toekomst. Hij brengt ook de trends van 2020 en op maat gemaakte keynotes over de toekomst van verschillende sectoren (voeding, retail, entertainment, informatietechnologie, gezondheidszorg, onderwijs, transport, toerisme, consumentenelectronica, de publieke sector en lifestyle).
*foto rechts door: Caroline Dupont"
519;Bert Van Wassenhove;Speaker;Male;Dutch, English;https://readmylips.be/sites/default/files/speakers/VanWassenhove_Bert_200124_6.jpg;Who is Bert Van Wassenhove?;English;"Marketing &amp; communication, Marketing, Social Media, Management, Leadership and Senior Management, Enterprise, Technology &amp; innovation, Innovation &amp; Trends";;Yes;"Who is Bert Van Wassenhove?
Bert is a digital expert in heart and soul, and is a born start-up coach. He refers to himself as a “Publisher of Companies” and, as an entrepreneur, blogger, publicist, speaker and startup mentor, is passionate about the question: how can entrepreneurship help our economy to flourish? He is the co-founder of THINK with people, an initiative that supports entrepreneurs, The CoFoundry, a seed fund for expanding companies, and Heaven Can Wait, an incubator for creative talent.
His passion for innovation and digital media has led to a rich career in the consultancy world. But his knowledge is also appreciated outside the sector, because he inspires the next generation of managers as guest lecturer at institutions such as the EMS Management School. His outspoken vision on digital communication has also resulted in a book titled 'Een digitaal marketingplan in 100 dagen' (A digital marketing plan in 100 days)."
519;Bert Van Wassenhove;Speaker;Male;Dutch, English;https://readmylips.be/sites/default/files/speakers/VanWassenhove_Bert_200124_6.jpg;Wie is Bert Van Wassenhove?;Dutch;"Marketing &amp; communicatie, Marketing, Sociale media, Management, Leiderschap &amp; topmanagers, Ondernemen, Technologie &amp; innovatie, Innovatie &amp; trends";;Yes;"Wie is Bert Van Wassenhove?
Bert is een digitaal expert in hart en nieren en geboren start-upcoach. Hij noemt zichzelf “Uitgever van Ondernemingen” en als ondernemer, blogger, publicist, spreker en start-upmentor is hij gepassioneerd door de vraag: hoe kan ondernemerschap onze economie verder laten bloeien? Hij is mede-oprichter van THINK with people, een initiatief dat ondernemers vooruit helpt, The CoFoundry, een seed fund voor groeiende ondernemingen, en Heaven Can Wait, een incubator voor creatief talent.
Zijn passie voor innovatie en digitale media leidden hem naar een rijke carrière in de agentschapswereld. Maar ook daarbuiten wordt zijn kennis geapprecieerd, want als gastdocent aan onder andere de EMS Management School inspireert hij een nieuwe generatie bedrijfsleiders. Zijn uitgesproken visie op digitale communicatie resulteert in zijn boek 'Een digitaal marketingplan in 100 dagen'."
83;Bram Van Deputte;Moderator;Male;Dutch, French, English;https://readmylips.be/sites/default/files/speakers/VanDeputte_Bram_200125_1.jpg;Who is Bram Van Deputte?;English;"Media &amp; culture, Entertainment";;No;"Who is Bram Van Deputte?
Bram took his first steps in the field of media at children's broadcaster JIM. That is where he discovered his passion for radio and television. Bram searched for, and found, his way in the Flemish media landscape and can already look back at a very diverse career. At the moment, he mainly works behind the scenes, but can also be seen in popular programmes like De Dagshow (VTM). Bram has a wide range of interests in the world of film, music and entertainment. He has a lot of screen experience, but also feels at home when hosting large debates or when moderating debates."
83;Bram Van Deputte;Moderator;Male;Dutch, French, English;https://readmylips.be/sites/default/files/speakers/VanDeputte_Bram_200125_1.jpg;Bram Van Deputte als moderator op jouw evenement? Neem vrijblijvend contact op met sprekersbureau Read My Lips voor meer informatie!;Dutch;"Media &amp; cultuur, Entertainment";;No;"Wie is Bram Van Deputte?
Zijn eerste stappen in de media zet Bram bij de jongerenzender JIM. Daar ontdekt hij zijn passie voor radio en televisie. Bram zocht en vond zijn weg in het Vlaamse medialandschap en kan nu al terugkijken op een heel diverse carrière. Vandaag werkt hij vooral achter de schermen, maar hij was ook te zien in populaire programma’s als De Dagshow (VTM). Bram heeft een brede interesse voor de film-, muziek- en entertainmentwereld. Hij heeft veel schermervaring, maar is ook goed thuis in de hosting van grote events of het modereren van debatten."
84;Cara Van der Auwera;Moderator;Female;Dutch, English;https://readmylips.be/sites/default/files/speakers/Vanderauwera_cara_200409_foto2zw.jpg;Who is Cara Van der Auwera?;English;Current affairs, Entertainment;;No;"Who is Cara Van Der Auwera?
Cara appears to be meandering through life. She is a classically trained singer, but is equally passionate about light entertainment. Thanks to Spring, which is a rock band for children, she managed to conquer thousands of Flemish hearts. She has worked as an actress, singer, journalist and TV presenter (VRT, VT4, etc.) and has done different types of radio work (Radio Donna, Radio 1, Klara). Even when she was part of Spring, Cara combined her job as actress and singer with presentation work on TV. She became a renowned face on VT4 and helped with programmes like Huizenjacht and Vlaanderen Vandaag. She later worked behind the scenes on the programme Iedereen Beroemd (VRT). Cara's radio activities saw her work for Radio Donna (now MNM), Radio 1 and Joe FM. In 2014, she returned to her roots and went to work for classical radio station Klara. She currently hosts a morning programme called Espresso. Cara Van der Auwera has tonnes of media experience. She is the ideal host for ensuring a fascinating debate evening."
84;Cara Van der Auwera;Moderator;Female;Dutch, English;https://readmylips.be/sites/default/files/speakers/Vanderauwera_cara_200409_foto2zw.jpg;Cara Van der Auwera als moderator op jouw evenement? Neem vrijblijvend contact op met sprekersbureau Read My Lips voor meer informatie!;Dutch;De wereld vandaag, Entertainment;;No;"Wie is Cara Van Der Auwera?
Cara meandert door het leven. Ze volgde een klassieke zangopleiding, maar stortte zich met evenveel vuur in het lichte entertainment. Met Spring, een rockband voor kinderen, veroverde ze duizenden Vlaamse harten. Ze werkte als actrice, zangeres, journaliste, tv-omroepster (VRT, VT4, ...) en deed heel divers radiowerk (Radio Donna, Radio 1, Klara). Reeds in haar Spring-jaren combineerde Cara een job als actrice en zangeres met presentatiewerk op tv. Ze werd een van de bekende gezichten van VT4 en werkte mee aan programma’s als Huizenjacht en Vlaanderen Vandaag. Later werkte ze achter de schermen mee aan Iedereen Beroemd (VRT). Op de radio was Cara te horen op Radio Donna (nu MNM), Radio 1 en Joe FM. In 2014 knoopte ze terug aan bij haar roots en ging ze voor de klassieke radiozender Klara werken. Ze verzorgt er nu het ochtendprogramma Espresso. Cara Van der Auwera, dat is: tonnen mediaervaring in de rugzak. De ideale gastvrouw om uw gespreksavond in boeiende banen te leiden."
112;Cath Luyten;Moderator;Female;Dutch, French, English;https://readmylips.be/sites/default/files/speakers/Luyten_Cath_200129_foto2.jpg;Who is Cath Luyten?;English;Entertainment, Management;;Yes;"Who is Cath Luyten?
Cath Luyten has been producing TV programmes for VRT for the past twenty years. She was first employed by the public broadcaster itself, but has been working exclusively for production house deMensen since 2013. This has given her the opportunity to fully utilise her interviewing skills, in series like Buurman, wat doet u nu. For five full seasons, she has been calling on intriguing Dutch and Flemish personalities and interviewing them over a period of 48 hours. ‘When you sleep over somewhere, you create a bond that allows you to go deeper.’ She occupied the spare bedroom of people like Henny Vrienten, Jeroen Krabbe, Rene Van der Gijp… All of them gave in to the charm with which Cath convinces people to reveal their inner thoughts, but always with the utmost respect. In talk shows like Vandaag over een Jaar and Cath &amp; Gasten, she proves that she perfectly masters the skills of curious listening, relevant responses and impeccable timing.
She is an ambassador for Mercy Ships, which is an international volunteer organisation that offers medical assistance by taking its hospital ship to the poorest African countries."
112;Cath Luyten;Moderator;Female;Dutch, French, English;https://readmylips.be/sites/default/files/speakers/Luyten_Cath_200129_foto2.jpg;Cath Luyten als moderator op jouw evenement? Neem vrijblijvend contact op met sprekersbureau Read My Lips voor meer informatie!;French;Divertissement, Management;;Yes;"Qui est Cath Luyten ?
Cela fait maintenant vingt ans que Cath Luyten est productrice de télévision pour la VRT. D'abord employée par le radiodiffuseur public lui-même, elle travaille depuis 2013 exclusivement pour la maison de production deMensen. Elle y met à profit ses talents d'intervieweuse dans sa série de portraits Buurman, wat doe u nu. Depuis cinq saisons, elle sonne à la porte de Néerlandais et de Flamands intrigants pour passer 48 heures à discuter avec eux. Dès que vous passez la nuit quelque part, vous créez un lien qui vous permet d'aller plus loin"". Elle a été autorisée à prendre la chambre d'amis de Henny Vrienten, Jeroen Krabbe, Rene Van der Gijp... Tous se sont laissés séduire par le charme avec lequel Cath parvient à convaincre son interlocuteur de s'ouvrir, toujours dans le plus grand respect. Dans des talk-shows comme Today in a Year et Cath &amp; Guests, elle prouve qu'elle maîtrise parfaitement la combinaison de l'écoute curieuse, de la réponse aux faits et du timing.
Elle est ambassadrice de Mercy Ships, une organisation internationale bénévole qui apporte une aide médicale en amarrant son navire-hôpital dans les pays africains les plus pauvres."
112;Cath Luyten;Moderator;Female;Dutch, French, English;https://readmylips.be/sites/default/files/speakers/Luyten_Cath_200129_foto2.jpg;Cath Luyten als moderator op jouw evenement? Neem vrijblijvend contact op met sprekersbureau Read My Lips voor meer informatie!;Dutch;Entertainment, Management;;Yes;"Wie is Cath Luyten?
Cath Luyten is ondertussen twintig jaar tv-maker voor VRT. Eerst in dienst bij de openbare omroep zelf, sinds 2013 exclusief bij productiehuis deMensen. Daar benut ze haar interviewskills ten volle in haar portretreeks Buurman, wat doet u nu. Vijf seizoenen lang al belt ze aan bij intrigerende Nederlanders en Vlamingen om 48 uur met hen in gesprek te gaan. ‘Zodra je ergens blijft slapen, creëer je een band die het toelaat dieper te gaan.’ Ze mocht de logeerkamer inpalmen bij onder meer Henny Vrienten, Jeroen Krabbe, Rene Van der Gijp… Allen gaven zich over aan de charme waarmee Cath haar gesprekspartner weet te overtuigen zich bloot te geven, telkens met het grootste respect. Ook in talkshows als Vandaag over een Jaar en Cath &amp; Gasten bewijst ze de combinatie van nieuwsgierig luisteren, inspelen op de feiten en timing volledig onder de knie te hebben.
Ze is ambassadeur bij Mercy Ships, een internationale vrijwilligersorganisatie die medische hulp biedt door met hun ziekenhuisschip aan te meren in de armste Afrikaanse landen."
113;Cedric Dumont;Speaker;Male;Dutch, French, English;https://readmylips.be/sites/default/files/speakers/Dumont_Cedric_200123_1_0.jpg;Who is Cedric Dumont?;English;"Management, Leadership and Senior Management, Enterprise, Strategy, CSR (Corporate Social Responsibility), HR &amp; Wellbeing, Corporate Culture, Work/Life Balance";;Yes;"Who is Cedric Dumont?
Fear gives you wings - that appears to be Cedric Dumont's motto. Dare to take risks, stare into the face of danger and harness the resulting energy. He is one of the best and most famous base jumpers in the world. His whole life is dedicated to action and adventure.
Cedric Dumont loves to share his knowledge and experience with others. Not only with athletes, but also with companies and organisations. His professionalism is inspirational and his mental fortitude instils confidence. How do you learn to focus? How do you learn to distinguish between important and less important things? His message is to live in the here and now. Set a goal and go for it.
Taking action is the best antidote for fear! Our society is contorted and paralysed by fear. Cedric is the perfect example of how you can overcome this fear. His life is like an instruction manual for incorporating passion and motivation into the purpose of your personal and professional life. He is an inspirational man with a captivating story for managers and team leaders."
113;Cedric Dumont;Speaker;Male;Dutch, French, English;https://readmylips.be/sites/default/files/speakers/Dumont_Cedric_200123_1_0.jpg;Cedric Dumont comme orateur à votre évènement ? Contactez Read My Lips, notre bureau d’orateurs spécialisés !;French;Management, Leadership et top managers, Entreprendre, Stratégie, RSE (responsabilité sociétale des entreprises), RH et bien-être, Culture d’entreprise, Équilibre travail/vie privée;;Yes;"Qui est Cédric Dumont ?
La peur donne des ailes, telle semble être la devise de Cédric Dumont. Oser prendre des risques, regarder le danger dans les yeux et en tirer de l’énergie. Il est l’un des meilleurs basejumpers et l’un des plus connus au monde. Toute sa vie tourne autour de l’action et de l’aventure.
Cédric Dumont aime partager ses connaissances et son expérience. Non seulement avec des sportifs, mais aussi avec des entreprises et des organisations. Son professionnalisme est inspirant, sa force mentale donne confiance. Comment apprendre à vous concentrer ? Comment apprendre à distinguer l’accessoire de l’essentiel ? Oser vivre l’instant présent, tel est son message. Fixez-vous un objectif et foncez.
Entreprendre une action est le meilleur antidote à la peur ! Notre société actuelle est crispée et paralysée par la peur. Cédric est un modèle de la façon de surmonter cette peur. Sa vie se lit tel un guide pour faire de la passion et de la motivation les forces motrices de votre vie personnelle et professionnelle. Un homme inspirant, avec une histoire qui reste gravée dans les mémoires des managers et des chefs d’équipe."
113;Cedric Dumont;Speaker;Male;Dutch, French, English;https://readmylips.be/sites/default/files/speakers/Dumont_Cedric_200123_1_0.jpg;Wie is Cedric Dumont?;Dutch;"Management, Leiderschap &amp; topmanagers, Ondernemen, Strategie, MVO (Maatschappelijk verantwoord ondernemen), HR &amp; wellbeing, Bedrijfscultuur, Balans werk/leven";;Yes;"Wie is Cedric Dumont?
Angst geeft je vleugels, lijkt het motto van Cedric Dumont. Risico’s durven nemen, het gevaar in de ogen kijken en daar energie uit putten. Hij is een van de beste en bekendste basejumpers ter wereld. Zijn hele leven staat in het teken van actie en avontuur.
Cedric Dumont houdt ervan om zijn kennis en ervaring met anderen te delen. Niet alleen met sportmensen, maar ook met bedrijven en organisaties. Zijn professionalisme werkt inspirerend, zijn mentale kracht geeft vertrouwen. Hoe leer je te focussen? Hoe leer je bijzaak en hoofdzaak te onderscheiden? In het nu durven leven, dat is zijn boodschap. Stel een doel en ga ervoor.
Actie ondernemen is de beste antidote voor angst! Onze huidige samenleving is verkrampt en verlamd door angst. Cedric is een toonvoorbeeld van hoe je die angst kan overwinnen. Zijn leven leest als een handboek om passie en motivatie tot de drijfveren van je persoonlijke en professionele leven te maken. Een begeesterende man met een beklijvend verhaal voor managers en teamleiders."
732;Céline Malyster;Speaker, Moderator;Female;Dutch, French, English;https://readmylips.be/sites/default/files/speakers/C%C3%A9line%20Malyster%20%285%29.jpg;"Céline Malyster as a speaker or moderator on your event? Contact the speakers&#039; office Read My Lips for more information.";English;"Media &amp; culture, Arts &amp; Culture, Media, Marketing &amp; communication, Marketing, Sales &amp; Customer Service, Social Media, PR &amp; Communication, Entertainment, Leisure, Travel, Management, Leadership and Senior Management, Enterprise, Strategy, HR &amp; Wellbeing, Corporate Culture, Technology &amp; innovation, Innovation &amp; Trends, ICT &amp; Technology";;Yes;"Who is Céline Malyster?
I graduated as an interpreter in French, Danish and Swedish, together with a number of secondary subjects, including subtitling, didactics and copywriting. Immediately after school, I started in the television world, worked in a marketing agency and progressed to become Branding, PR &amp; Communications manager of a renowned contact centre. Over the years, as a sideline I set up a number of companies, which I later sold. My branding, communications and customer experience has always been paramount and will always be my leitmotiv.
My first novel, 'Woman with Child', has been in the shops since February of this year. A mixture of fiction and reality, a look into my #singlemother life, supplemented with an engaging dose of fantasy.
As the daughter of an entrepreneurial family and serial entrepreneur, I am not afraid to take calculated risks. There is nothing like the feeling of writing your own story, taking charge of your life and charting your own course. 
Over my career, I have built up expertise in storytelling, as an actor, television presenter (TVL, ROB TV, Kanaal Z, etc.), as a moderator at (live and online) events, as a writer and as a branding expert. I bring all these elements together in my company Walhalla Branding. 
 "
732;Céline Malyster;Speaker, Moderator;Female;Dutch, French, English;https://readmylips.be/sites/default/files/speakers/C%C3%A9line%20Malyster%20%285%29.jpg;Céline Malyster comme orateur ou modérateur à votre évènement ? Contactez Read My Lips, notre bureau d’orateurs spécialisés !;French;Médias et culture, Art et culture, Media, Marketing et communication, Marketing, Ventes et service à la clientèle, Médias sociaux, Relations publiques et communication, Divertissement, Loisirs, Voyages, Management, Leadership et top managers, Entreprendre, Stratégie, RH et bien-être, Culture d’entreprise, Technologie et innovation, Innovation et tendances, TIC et technologie;;Yes;"Qui est Céline Malyster ?
J’ai obtenu mon diplôme d’interprète en français, danois et suédois, et j’ai également suivi plusieurs autres options, notamment le sous-titrage, la didactique et le copywriting. Dès la fin de mes études, j’ai commencé dans le monde de la télévision. J’ai travaillé dans une agence de marketing jusqu’à devenir Branding, PR &amp; Communication Manager d’un contact center de renom. Au fil du temps, j’ai fondé en activité complémentaire un certain nombre d’entreprises, que j’ai vendues par la suite. Les domaines du branding, de la communication et de la customer experience ont toujours été une priorité et resteront à jamais mon cheval de bataille.
Depuis février 2021, mon premier roman « Vrouw. Met kind. » est en magasin. Un mélange de fiction et de réalité, un regard sur ma vie de mère célibataire (#singlemom), complété d’une bonne dose de fantaisie.
Fille d’une famille d’entrepreneurs et moi-même serial entrepreneur, je n’ai pas peur de prendre des risques calculés. Il n’y a rien de tel que la sensation d’écrire sa propre histoire, de prendre sa vie en main et de tracer sa propre voie. 
Au fil de ma carrière, j’ai acquis une expertise dans le « storytelling » : en tant qu’actrice, comme présentatrice à la télévision (TVL, ROB TV, Kanaal Z, etc.), en tant que modératrice lors d’événements (en direct et en ligne), comme écrivaine et en tant que Branding Expert. Je rassemble tout cela dans mon entreprise Walhalla Branding. 
 "
732;Céline Malyster;Speaker, Moderator;Female;Dutch, French, English;https://readmylips.be/sites/default/files/speakers/C%C3%A9line%20Malyster%20%285%29.jpg;Céline Malyster als spreker of moderator op jouw evenement? Neem vrijblijvend contact op met sprekersbureau Read My Lips voor meer informatie.;Dutch;"Media &amp; cultuur, Kunst &amp; cultuur, Media, Marketing &amp; communicatie, Marketing, Verkoop &amp; klantenservice, Sociale media, PR &amp; communicatie, Entertainment, Vrije tijd, Reizen, Management, Leiderschap &amp; topmanagers, Ondernemen, Strategie, HR &amp; wellbeing, Bedrijfscultuur, Technologie &amp; innovatie, Innovatie &amp; trends, ICT &amp; technologie";;Yes;"Wie is Céline Malyster?
Ik studeerde af als tolk Frans, Deens en Zweeds en haalde nog een aantal bijvakken binnen waaronder ondertitelen, didactiek en copywriting. Meteen na mijn studies startte ik in de televisiewereld, werkte in een marketing agency en werkte me op tot Branding, PR &amp; Communication manager van een gerenommeerd contact center. Doorheen de jaren richtte ik in nevenactiviteit een aantal bedrijven op, die ik naderhand verkocht. Branding, communicatie en customer experience hebben altijd vooropgestaan en zullen ook steeds mijn stokpaardje blijven.
Sinds februari 2021 ligt mijn debuutroman 'Vrouw. Met kind.' in de winkels. Een mengvorm van fictie en realiteit, een inkijk in mijn #singlemom leven, aangevuld met een pakkende portie fantasie.
Als dochter uit een ondernemersfamilie en serial entrepreneur ben ik niet bang om berekende risico's te nemen. Er gaat niets boven het gevoel om je eigen verhaal te schrijven, je leven in handen te nemen en je eigen koers te varen. 
Doorheen mijn carrière bouwde ik een expertise op in 'storytelling’: als actrice, als presentatrice op tv (TVL, ROB TV, Kanaal Z, ...), als moderator op (live &amp; online) events, als schrijfster en als branding expert. Die breng ik samen in mijn bedrijf Walhalla Branding. 
 "
115;Chams Eddine Zaougui;Speaker;Male;Dutch;https://readmylips.be/sites/default/files/speakers/chams%20Eddine%20Zaopugui_foto3_1000.jpg;Who is Chams Eddine Zaougui?;English;"Current affairs, Politics &amp; Government, Society &amp; Diversity, Philosophy, Religion and Spirituality, History";;Yes;"Who is Chams Eddine Zaougui?
Chams Eddine Zaougui followed Arabic studies in Ghent and Cairo. He uses incisive insights and clear prose to analyse political life in the Arab world in his revealing book, Dictators. Een Arabische geschiedenis (Dictators. An Arabian history), he meticulously unravels how power-hungry despots shaped the Middle East into what it is today. His fascinating essays, which always avoid clichés and parochialism, can be read in De Standaard, Knack, NRC Handelsblad, de Volkskrant, De Groene Amsterdammer and The New York Times. Chams Eddine Zaougui is a prominent writer, who always fascinates his audience with sharp insights and striking analyses."
115;Chams Eddine Zaougui;Speaker;Male;Dutch;https://readmylips.be/sites/default/files/speakers/chams%20Eddine%20Zaopugui_foto3_1000.jpg;Wie is Chams Eddine Zaougui?;Dutch;"De wereld vandaag, Politiek &amp; overheid, Samenleving &amp; diversiteit, Filosofie, religie &amp; spiritualiteit, Geschiedenis";;No;"Wie is Chams Eddine Zaougui?
Chams Eddine Zaougui heeft arabistiek gestudeerd in Gent en Caïro. Met een vlijmscherpe blik en een heldere pen analyseert hij het politieke leven in de Arabische wereld. In zijn onthullende boek Dictators. Een Arabische geschiedenis ontrafelt hij minutieus hoe de Arabische machtskunstenaars het Midden-Oosten gevormd hebben tot wat het vandaag is. Zijn boeiende stukken – altijd voorbij het cliché- en hokjesdenken – zijn te lezen in De Standaard, Knack, NRC Handelsblad, de Volkskrant, De Groene Amsterdammer en The New York Times. Chams Eddine Zaougui is een vooraanstaand schrijver, die zijn publiek steeds weer boeit met scherpe inzichten en treffende analyses."
1218;Chantal Smedts;Speaker;Female;Dutch;https://readmylips.be/sites/default/files/speakers/podcastlatenmaken-50koffies-Chantal-10%20SMALL%20ZW.jpg;Chantal Smedts als spreker op jouw evenement? Neem vrijblijvend contact op met sprekersbureau Read My Lips voor meer informatie.;Dutch;"Management, Leiderschap &amp; topmanagers, HR &amp; wellbeing, Bedrijfscultuur, Balans werk/leven";;Yes;"Wie is Chantal Smedts?
‘Iedereen leider’, daar gelooft Chantal in. Je kan de regie van je eigen leven opnemen door de keuzes die je maakt in het leven. Het gaat niet enkel om het nemen van beslissingen, maar ook om het opnemen van de verantwoordelijkheid voor die beslissingen. Wanneer je je innermanagement kan beheren, heeft dit een versterkend effect op het leiderschap dat je naar buiten brengt. Een bewust innermanagement heeft te maken met jezelf leiden en verantwoordelijkheid over je eigen leven nemen, maar ook met het effectiever bepalen van doelen en het stellen van grenzen. Al 16 jaar begeleidt Chantal leiders om deze unieke kracht in zichzelf te ontdekken en daardoor sterker in hun schoenen te staan, zowel in hun bedrijf als in hun privéleven. Als Master Certified coach en trainer heeft Chantal meer dan 4900 uren ervaring. In haar keynotes put ze bovendien uit haar meer dan 30 jaar ervaring als ondernemer en levert ze aan de hand van persoonlijke verhalen en praktische tips, het bewijs dat innermanagement loont. Over het thema leiderschap publiceerde Chantal reeds verschillende boeken, met als uitgangspunt het ontwikkelen van innermanagement. Haar boek ‘Word wie je echt wil zijn’ dat ze samen met Anneliese Monden schreef, vond zelfs zijn weg naar de Chinese markt. Haar meest recente publicatie is getiteld ‘Het kleine boekje met grote ideeën, 52 quotes voor leiders.' Chantal werd als experte uitgenodigd in verschillende podcasts en maakte er ook zelf een met de uitdagende titel ‘Hier heb ik geen tijd voor… ‘. In telkens 20 minuten praat ze over thema’s waarvoor leiders beter wél tijd zouden maken.

          
  












    

  


  
  
      

      Vraag hier je offerte aan"
1202;Charlotte Van Brabander;Speaker, Moderator;Female;Dutch, English;https://readmylips.be/sites/default/files/speakers/Schermafbeelding%202023-10-10%20101621-zw.png;Charlotte Van Brabander als spreker of moderator op jouw evenement? Neem vrijblijvend contact op met sprekersbureau Read My Lips voor meer informatie.;English;"Economics, Entertainment, Leisure, HR &amp; Wellbeing, Work/Life Balance";;Yes;"Who is Charlotte Van Brabander?
Charlotte Van Brabander is active as a Belgian finspirator to inspire the Fleming to break the money taboo. Saving smartly and working on your money mindset can optimize your life. As author of the book FIRE: how to stop working at an earlier age, she brings the wise life lessons around money that everyone can apply. As a poker player, she has a different perspective on risk and money. Charlotte is founder of Smart Savings, a company that lets people take the first steps to investing.

          
  












    

  


  
  
      

      Request your offer here"
1202;Charlotte Van Brabander;Speaker, Moderator;Female;Dutch, English;https://readmylips.be/sites/default/files/speakers/Schermafbeelding%202023-10-10%20101621-zw.png;Charlotte Van Brabander als spreker of moderator op jouw evenement? Neem vrijblijvend contact op met sprekersbureau Read My Lips voor meer informatie.;Dutch;"Economie, Entertainment, Vrije tijd, HR &amp; wellbeing, Balans werk/leven";;Yes;"Wie is Charlotte Van Brabander?
Charlotte Van Brabander is als Belgische finspirator actief om de Vlaming te inspireren het geldtaboe te doorbreken. Slim sparen en werken aan je money mindset kan je leven optimaliseren. Als auteur van het boek FIRE: hoe op vroegere leeftijd stoppen met werken, brengt ze de wijze levenslessen rond geld die iedereen kan toepassen. Als pokerspeler heeft ze een andere kijk op risico en geld. Charlotte is founder van Slim sparen, een bedrijf dat mensen de eerste stappen laat zetten naar investeringen.

          
  












    

  


  
  
      

      Vraag hier je offerte aan"
722;Chloé De Bie;Speaker, Moderator;Female;Dutch, English;https://readmylips.be/sites/default/files/speakers/DeBie_Chlo%C3%A9_19072018_1_RML.jpg;"Chloé De Bie as a speaker or moderator on your event? Contact speakers&#039; office Read My Lips for more information.";English;"Current affairs, Science, Safety, Society &amp; Diversity, Entertainment, Leisure, HR &amp; Wellbeing, Corporate Culture, Work/Life Balance";Non-profit;Yes;"Who is Chloé De Bie?
“All we need is love!” Maintaining love makes us a better person and, therefore, also a better employee! Chloé De Bie is a clinical sexologist, relationship, family and system psychotherapist, clinical psychologist, grief therapist and burnout coach. She has her own therapy centre, Vivolinio, in Ghent. In addition, she teaches at the Karel de Grote Hogeschool (University of Applied Sciences and Arts) as lecturer in psychology and sexology. She regularly gives lectures on sexuality and love. Chloé has been trying to debunk myths about relationships and sexuality in the media for years. She became known in 2018 as a result of the television programme Koppels (on VTM) and Van Gils en Gaster (on VRT one) and works regularly for radio. Chloé began her career with the book, ‘En ze leefden nog lang en gelukkig’ (And they all lived happily ever after). In her practical keynote sessions, she inspires employers to invest in love and to support their employees at home. We know that a lot of lost work has to do with their personal struggles at home. Help your company to use this to reduce lost work/absenteeism by offering them tools to keep love warm."
722;Chloé De Bie;Speaker, Moderator;Female;Dutch, English;https://readmylips.be/sites/default/files/speakers/DeBie_Chlo%C3%A9_19072018_1_RML.jpg;Chloé De Bie als spreker of moderator op jouw evenement? Neem contact op met sprekersbureau Read My Lips voor meer informatie.;Dutch;"De wereld vandaag, Wetenschap, Veiligheid, Samenleving &amp; diversiteit, Entertainment, Vrije tijd, HR &amp; wellbeing, Bedrijfscultuur, Balans werk/leven";Non-profit;Yes;"Wie is Chloé De Bie?
“All we need is love!” De liefde onderhouden maakt van ons een beter mens en dus ook een betere werknemer! Chloé De Bie is klinisch seksuologe, relatie-, gezins- en systeempsychotherapeute, klinisch psychologe, rouwtherapeute en burn-outcoach. Sinds 2016 heeft ze haar eigen therapiecentrum Vivolinio te Gent. Daarnaast geeft ze les op de Karel de Grote Hogeschool als lector in de psychologie en seksuologie. Ze geeft zeer regelmatig lezingen over seksualiteit en de liefde. Chloé probeert reeds jaren mythes rond relaties en seksualiteit in de media te doorbreken. Zo werd ze in 2018 bekend door het tv-programma Koppels (VTM) en Van Gils en Gasten (één), en werkt ze regelmatig voor de radio. Met haar boek En ze leefden nog lang en gelukkig schreef Chloé haar debuut. In haar praktische keynotes inspireert ze om te investeren in de liefde en om je werknemers thuis te ondersteunen. We weten dat heel wat uitval op het werk te maken heeft met persoonlijke struggles thuis. Help je bedrijf hierop in te zetten om werk-/ziekteverzuim te verminderen door hen handvaten te bieden om de liefde warm te houden.
Luister naar Chloé De Bie in onze podcast Overmorgen. "
117;Chris Van den Abeele;Moderator;Male;Dutch, French, English;https://readmylips.be/sites/default/files/speakers/VandenAbeele_Chris_200125_1.jpg;Who is Chris Van den Abeele?;English;"Current affairs, Media &amp; culture";;Yes;"Who is Chris Van den Abeele?
Chris not only has a famous face, but he also has a famous voice. For over 20 years, he has been a journalist, documentary maker and presenter for the VRT, on radio as well as television. In 2005, he was honoured for his Panorama documentary about illegal betting and the Mafia in Belgian football. And sport will always remain close to Chris’ heart. He also spent quite a while working for TV programme De Zevende Dag, but now works full-time on the radio, where he presents the night time news. Chris can manage your debates or events with empathy and a lot of warmth. But Chris also wants to talk about the burn-out he experienced. He offers tips about how to overcome such breakdowns, but mainly about how to prevent them. “I think a debate or discussion can only be regarded a success if it does not become a boxing match and if the audience is clearly informed. I listen to people with genuine curiosity and warmth. But I also don’t mind throwing in a little bit of subtle critique from time to time.”"
117;Chris Van den Abeele;Moderator;Male;Dutch, French, English;https://readmylips.be/sites/default/files/speakers/VandenAbeele_Chris_200125_1.jpg;Chris Van den Abeele als moderator op jouw evenement? Neem vrijblijvend contact op met sprekersbureau Read My Lips voor meer informatie!;French;Le monde actuel, Médias et culture;;Yes;"Qui est Chris Van den Abeele ?
Chris est un visage familier et, plus encore, une voix familière. Depuis plus de 20 ans, il est journaliste, reporter et présentateur pour la VRT, tant à la radio qu'à la télévision. Il a été salué pour le reportage Panorama sur les Chinois du jeu et la mafia dans le football belge, en 2005. Le sport, d'ailleurs, ne sera jamais loin de Chris. À la télévision, il a également été un invité régulier de 'De Zevende Dag' pendant un certain temps, mais aujourd'hui, il est de retour à la radio à plein temps, pour les informations sur la radio de nuit. Chris guidera votre débat ou votre événement avec beaucoup d'empathie et un cœur chaleureux. En outre, Chris souhaite également témoigner du burn-out qui lui est arrivé. Il donne des conseils sur la manière de surmonter ce type de dépression, et surtout de l'éviter. ""Pour moi, un débat ou une conversation est réussi s'il ne se transforme pas en match de boxe et s'il permet de clarifier quelque chose pour le public. J'écoute les gens avec une oreille curieuse et un cœur chaleureux. Mais dans les notes secondaires, je cache parfois une note critique""."
117;Chris Van den Abeele;Moderator;Male;Dutch, French, English;https://readmylips.be/sites/default/files/speakers/VandenAbeele_Chris_200125_1.jpg;Chris Van den Abeele als moderator op jouw evenement? Neem vrijblijvend contact op met sprekersbureau Read My Lips voor meer informatie!;Dutch;"De wereld vandaag, Media &amp; cultuur";;Yes;"Wie is Chris Van den Abeele?
Chris is een bekend gezicht en nog meer: een bekende stem. Ruim 20 jaar is hij journalist, reportagemaker en presentator voor de VRT, zowel op radio als televisie. Hij werd gelauwerd voor de Panorama-reportage over de Gokchinees en de maffia in het Belgisch voetbal, in 2005. De sport zal trouwens nooit ver weg zijn bij Chris. Voor televisie was hij ook een hele tijd vaste gast bij De Zevende Dag, maar tegenwoordig zit hij weer voltijds bij de radio, voor het nieuws op de nachtradio. Chris begeleidt jouw debat of event met veel invoelen en met een warm hart. Bovendien wil Chris ook getuigen over de burn-out die hem overkwam. Hij geeft tips om over dit soort inzinking te geraken, en vooral om het te voorkomen. “Voor mij is een debat of een gesprek geslaagd als het geen boksmatch wordt en als het aan het publiek iets duidelijk maakt. Ik luister met een nieuwsgierig oor en warm hart naar de mensen. Maar in de bijzinnetjes verberg ik weleens een kritische noot.”"
119;Christian De Coninck;Speaker;Male;Dutch, French, English;https://readmylips.be/sites/default/files/speakers/C.%20De%20Coninck4.jpg;Who is Christian De Coninck?;English;"Current affairs, Safety, Law, Media &amp; culture, Media";Non-profit;No;"Who is Christian De Coninck?
Christian is a commissioner and spokesperson for the Brussels police force. He has investigated cases of vice, murder and armed robberies. In his spare time, he is a writer of crime novels. As a spokesperson, Christian is accustomed to speaking in public. He treats the audience to exciting stories and funny anecdotes about working for the police in Brussels."
119;Christian De Coninck;Speaker;Male;Dutch, French, English;https://readmylips.be/sites/default/files/speakers/C.%20De%20Coninck4.jpg;Christian De Coninck als spreker op jouw evenement? Contacteer vrijblijvend sprekersbureau Read My Lips voor meer informatie.;French;Le monde actuel, Sécurité, Droit, Médias et culture, Media;Non-profit;No;"Qui est Christian De Coninck ?
Christian est commissaire et porte-parole de la police bruxelloise. Il a mené des enquêtes sur des affaires de mœurs, des meurtres et des vols à main armée. Pendant son temps libre, il écrit des romans policiers. En tant que porte-parole, Christian a l'habitude de parler en public. Il raconte à son auditoire des histoires passionnantes et des anecdotes amusantes sur le travail de la police à Bruxelles."
119;Christian De Coninck;Speaker;Male;Dutch, French, English;https://readmylips.be/sites/default/files/speakers/C.%20De%20Coninck4.jpg;Christian De Coninck als spreker op jouw evenement? Contacteer vrijblijvend sprekersbureau Read My Lips voor meer informatie.;Dutch;"De wereld vandaag, Veiligheid, Recht, Media &amp; cultuur, Media";Non-profit;No;"Wie is Christian De Coninck?
Christian is commissaris en woordvoerder bij de Brusselse politie. Hij voerde onderzoek naar zedenzaken, moorden en gewapende overvallen. In zijn vrije tijd is hij schrijver van misdaadromans. Christian is het als woordvoerder gewoon om in het openbaar te spreken. Hij trakteert zijn publiek op spannende verhalen en grappige anekdotes over het politiewerk in Brussel."
85;Christophe Deborsu;Speaker, Moderator;Male;Dutch, French;https://readmylips.be/sites/default/files/speakers/Deborsu_Christophe_200123_foto6.jpg;Who is Christophe Deborsu?;English;"Current affairs, Politics &amp; Government, Society &amp; Diversity, History, Media &amp; culture, Arts &amp; Culture";Non-profit;Yes;"Who is Christophe Deborsu?
Christophe comes from a family of teachers, so it's no coincidence that he is a born storyteller. He was born in Namen, which is one of the two Walloon provinces without a shared boundary with Flanders. Perhaps that is why he went to Study law in Leuven, in Flemish. Although this required a lot of perseverance, Christophe's heart now beats for Wallonia as well as Flanders. So is there anyone better placed to offer an insight into the soul of his Walloon compatriots and take the pulse of his Flemish brothers?
Christophe presents a political talk-show called C'est pas tous les jours dimanche (It's not Sunday every day) on RTL-TVI, which is the Walloon version of De zevende dag (The seventh day) in Flanders. He is also a weekly columnist for Het Belang van Limburg and can regularly be seen on the Flemish public broadcaster, VRT. Christophe is a privileged harbinger of information about Belgium's maze-like political structure. Surprising and enlightening, normally amusing, sometimes cutting-edge in his analyses, always mild in his criticism."
85;Christophe Deborsu;Speaker, Moderator;Male;Dutch, French;https://readmylips.be/sites/default/files/speakers/Deborsu_Christophe_200123_foto6.jpg;Christophe Deborsu comme orateur à votre évènement ? Contactez Read My Lips, notre bureau d’orateurs spécialisés !;French;Le monde actuel, Politique et pouvoirs publics, Société et diversité, Histoire, Médias et culture, Art et culture;Non-profit;Yes;"Qui est Christophe Deborsu ? 
Issu d’une famille d’enseignants, ce n’est pas le fruit du hasard si Christophe est un conteur né. Il est né à Namur, l’une des deux provinces wallonnes sans frontière commune avec la Flandre. Peut-être est-ce la raison pour laquelle il est parti étudier le droit à Louvain, en néerlandais. Il lui a fallu beaucoup de persévérance mais, depuis, le cœur de Christophe bat double : pour la Flandre et pour la Wallonie. Qui donc est mieux placé pour regarder au plus profond de l’âme de ses compatriotes wallons et prendre le pouls de ses frères de sang flamands ?
Christophe anime l’émission de débat politique C’est pas tous les jours dimanche, sur RTL-TVI, version wallonne de De Zevende dag. Il est également chroniqueur hebdomadaire pour Het Belang van Limburg et on peut le voir et l’entendre régulièrement à la VRT. Christophe est votre informateur privilégié dans le sac de nœuds politique appelé « Belgique ». Surprenant et éclairant, la plupart du temps amusant, parfois vif dans ses analyses, toujours doux dans sa critique."
85;Christophe Deborsu;Speaker, Moderator;Male;Dutch, French;https://readmylips.be/sites/default/files/speakers/Deborsu_Christophe_200123_foto6.jpg;Christophe Deborsu als moderator op jouw evenement? Neem vrijblijvend contact op met sprekersbureau Read My Lips voor meer informatie!;Dutch;"De wereld vandaag, Politiek &amp; overheid, Samenleving &amp; diversiteit, Geschiedenis, Media &amp; cultuur, Kunst &amp; cultuur";Non-profit;Yes;"Wie is Christophe Deborsu?
Christophe komt uit een gezin van leraars, geen toeval dus dat hij een geboren verteller is. Hij werd geboren in Namen, een van de twee Waalse provincies zonder gemeenschappelijke grens met Vlaanderen. Misschien was dat de reden waarom hij naar Leuven trok om er rechten te studeren, in het Nederlands. Daar was veel doorzettingsvermogen voor nodig, maar sindsdien heeft Christophe een dubbele hartslag: een Vlaamse en een Waalse. Wie is er dus beter geplaatst om diep in de ziel van zijn Waalse streekgenoten te kijken en de polsslag van zijn Vlaamse bloedbroeders te peilen?
Christophe presenteert het politieke debatprogramma C'est pas tous les jours dimanche, op RTL-TVI, de Waalse tegenhanger van De zevende dag. Hij is ook wekelijkse columnist voor Het Belang van Limburg en is geregeld te zien en te horen op de VRT. Christophe is uw bevoorrechte informateur in het politieke kluwen dat België heet. Verrassend en verhelderend, meestal amusant, soms scherp in zijn analyses, altijd mild in zijn kritiek."
123;Christophe Deborsu - Annick De Wit;Speaker;Male;Dutch, French;https://readmylips.be/sites/default/files/speakers/Deborsu_Christophe_DeWit_Annick_200123_5.jpg;Who are Christophe Deborsu and Annick De Wit?;English;"Current affairs, Politics &amp; Government, Society &amp; Diversity, Media &amp; culture, Arts &amp; Culture, Entertainment, Leisure, Travel";Non-profit;Yes;"Who are Christophe Deborsu and Annick De Wit?
Television journalist Christophe Deborsu and newspaper journalist Annick De Wit fell in love and are now married. They present the story of a happy mixed-marriage in an unhappy and divided nation, which also formed the basis for the book they wrote together: Dag, Bonjour! The starting point for their story is the microcosm of their relationship. They then search for preconceptions and clichés about Flemings and Walloons. Only to immediately disprove them. Annick and Christophe may be an amorous couple, but are mainly journalistic observers in contemporary Belgium. Using a lot of love and humour, they have managed to write a user manual for their country and fellow countrymen. The book has now become an informal essay, which has already surprised many audiences."
123;Christophe Deborsu - Annick De Wit;Speaker;Male;Dutch, French;https://readmylips.be/sites/default/files/speakers/Deborsu_Christophe_DeWit_Annick_200123_5.jpg;Christophe Deborsu en Annick De Wit als sprekers op jouw evenement? Neem vrijblijvend contact op met sprekersbureau Read My Lips voor meer informatie!;French;Le monde actuel, Politique et pouvoirs publics, Société et diversité, Médias et culture, Art et culture, Divertissement, Loisirs, Voyages;Non-profit;Yes;"Qui sont Christophe Deborsu et Annick De Wit ?
Christophe Deborsu, journaliste de télévision, et Annick De Wit, journaliste de presse écrite, sont tombés amoureux et se sont mariés. Ils racontent l'histoire d'un mariage mixte heureux dans une nation malheureuse et divisée, sur laquelle ils ont écrit un livre ensemble : Bye, Bonjour ! Le point de départ est le microcosme de leur relation. À partir de là, ils explorent les préjugés et les clichés sur les Flamands et les Wallons. Pour mieux les démentir aussitôt. Annick et Christophe sont peut-être des amoureux silencieux, mais ils sont avant tout des observateurs journalistiques de la Belgique. Avec beaucoup d'amour et d'humour, ils ont écrit un manuel national pour leurs compatriotes. Le livre est maintenant devenu une série causale, avec laquelle ils ont déjà surpris plus d'un public."
123;Christophe Deborsu - Annick De Wit;Speaker;Male;Dutch, French;https://readmylips.be/sites/default/files/speakers/Deborsu_Christophe_DeWit_Annick_200123_5.jpg;Christophe Deborsu en Annick De Wit als sprekers op jouw evenement? Neem vrijblijvend contact op met sprekersbureau Read My Lips voor meer informatie!;Dutch;"De wereld vandaag, Politiek &amp; overheid, Samenleving &amp; diversiteit, Media &amp; cultuur, Kunst &amp; cultuur, Entertainment, Vrije tijd, Reizen";Non-profit;Yes;"Wie zijn Christophe Deborsu en Annick De Wit?
Televisiejournalist Christophe Deborsu en krantenjournaliste Annick De Wit werden verliefd en traden in het huwelijk. Ze brengen het verhaal van een gelukkig gemengd huwelijk in een ongelukkig verdeelde natie, waar ze samen een boek over schreven: Dag, Bonjour! Het vertrekpunt is de microkosmos van hun relatie. Van daaruit gaan ze op zoek naar vooroordelen en clichés over Vlamingen en Walen. Om die meteen weer te kunnen ontkrachten. Annick en Christophe zijn misschien stille minnaars, maar vooral journalistieke observatoren van België. Met veel liefde en humor hebben ze voor hun land- en lotgenoten een nationale gebruiksaanwijzing geschreven. Het boek is nu een causerie geworden, waarmee ze al menig publiek hebben verrast."
1106;Christophe Jauquet;Speaker;Male;Dutch, French, English;https://readmylips.be/sites/default/files/speakers/Extra%20%2816%29.JPG_RML_RML.jpg;Christophe Jauquet als spreker op jouw evenement? Neem vrijblijvend contact op met sprekersbureau Read My Lips.;English;"Healthcare, Marketing &amp; communication, Marketing, Technology &amp; innovation, Innovation &amp; Trends";;Yes;"hristophe is a visionary and professional keynote speaker. He has been quoted by Deloitte in their 2022 Global Life Sciences Outlook, spoken at the European Parliament and worked with several boards of directors of global corporations. Christophe is also known as the author of the Healthusiasm book, the writer of the popular fortnightly newsletter on health &amp; business trends, and the host of the globally renowned Healthusiasm Podcast on the US-based 'Shift Forward Health' Channel. Before starting his own business, Christophe held various roles as an intrapreneur at Pfizer Inc., for which he received several global innovation awards. He later developed his expertise by working with pharmaceutical companies such as Roche, Takeda &amp; GSK, and Consumer Brands like L'Oreal, Nestlé &amp; Pepsi. Today, Christophe Jauquet inspires business leaders to integrate health &amp; well-being into the core of their business. He is on a mission to make the world a healthier &amp; happier place, one business strategy at a time.

          
  












    

  


  
  
      

      Request your offer here"
1106;Christophe Jauquet;Speaker;Male;Dutch, French, English;https://readmylips.be/sites/default/files/speakers/Extra%20%2816%29.JPG_RML_RML.jpg;Christophe Jauquet als spreker op jouw evenement? Neem vrijblijvend contact op met sprekersbureau Read My Lips.;French;Healthcare, Marketing et communication, Marketing, Technologie et innovation, Innovation et tendances;;Yes;"Christophe est un orateur visionnaire et professionnel. Deloitte l’a cité dans son rapport « Global Life Sciences Outlook 2022 », il a pris la parole au Parlement européen et a collaboré avec plusieurs conseils d’administration d’entreprises mondiales. Christophe est également connu comme auteur du livre Healthusiasm, rédacteur de la populaire newsletter bimensuelle sur les tendances en matière de santé et d’affaires et animateur du podcast de renommée mondiale Healthusiasm sur la chaine américaine « Shift Forward Health ». Avant de lancer sa propre affaire, Christophe a occupé divers postes d’intrapreneur chez Pfizer Inc., pour lesquels il a reçu plusieurs prix mondiaux dans le domaine de l’innovation. Il a ensuite développé son expertise en collaborant avec des sociétés pharmaceutiques telles que Roche, Takeda et GSK, ainsi que des marques grand public comme L’Oréal, Nestlé et Pepsi. Aujourd’hui, Christophe Jauquet inspire des dirigeants d’entreprise à intégrer la santé et le bienêtre au cœur de leur métier. Il a pour mission de faire du monde un lieu plus sain et plus heureux, une stratégie commerciale à la fois.

          
  












    

  


  
  
      

      Offre?"
1106;Christophe Jauquet;Speaker;Male;Dutch, French, English;https://readmylips.be/sites/default/files/speakers/Extra%20%2816%29.JPG_RML_RML.jpg;Christophe Jauquet als spreker op jouw evenement? Neem vrijblijvend contact op met sprekersbureau Read My Lips.;Dutch;"Healthcare, Marketing &amp; communicatie, Marketing, Technologie &amp; innovatie, Innovatie &amp; trends";;Yes;"Christophe is een visionaire, professionele keynote speaker. Hij werd door Deloitte geciteerd in hun ‘2022 Global Life Sciences Outlook’, sprak in het Europees Parlement en werkte samen met verschillende raden van bestuur van multinationals. Christophe is ook bekend als de auteur van het boek Healthusiasm, de schrijver van de populaire tweewekelijkse nieuwsbrief over gezondheid &amp; zakelijke trends, en de host van de Healthusiasm Podcast op het in de VS gevestigde 'Shift Forward Health' kanaal - een podcast die wereldwijd heel wat aanzien geniet. Voordat hij zijn eigen bedrijf begon, bekleedde Christophe verschillende functies als intrapreneur bij Pfizer Inc. Daarvoor heeft hij meerdere wereldwijd bekende innovatieprijzen ontvangen. Later bouwde hij zijn expertise uit door zijn samenwerking met farmaceutische bedrijven zoals Roche, Takeda &amp; GSK, en consumentenmerken zoals L'Oreal, Nestlé en Pepsi. Vandaag inspireert Christophe Jauquet bedrijfsleiders om gezondheid &amp; welzijn te integreren in de kern van hun bedrijf. Hij is vastbesloten om de wereld gezonder en gelukkiger te maken, een bedrijfsstrategie per keer.

          
  












    

  


  
  
      

      Vraag hier een offerte aan"
125;Christophe Sepot;Speaker;Male;Dutch, French, English;https://readmylips.be/sites/default/files/speakers/Sepot_Christophe_200124_1.jpg;Who is Christophe Sepot?;English;"Entertainment, Travel, HR &amp; Wellbeing, Corporate Culture";Non-profit;Yes;"Who is Christophe Sepot?
Adventurer Christophe Sepot crossed the Atlantic Ocean in a rowing boat in just 109 days. He has sailed around the world twice. During his last circumnavigation, he combined sailing with a documentary about women throughout the world: Around the World in 80 Dates. The absence of a phone and internet at sea got Christophe Sepot thinking. He decided to share his adventures with lay people and started to organise ocean crossings for people with no sailing experience.
During his travels and the various professional challenges he undertook, Christophe got the feeling that each new first encounter worked like a ‘reset button’. He thus concluded that you could make any project or challenge, or even your whole life, a lot easier and a lot more fun. All you have to do is stick to a few simple rules. Sepot is currently writing a book that describes these rules: SAY IT: Say Hi, Say Goodbye, Say Thank you, Say Sorry.
This is also the theme he addresses during his presentations. He does this using examples from his travels, work and life. One of the examples Sepot highlights is the importance of saying ‘good morning’ to your colleagues before you get started. This may sound like something really simple but, unfortunately, is not a given and can even have major financial consequences for a company."
125;Christophe Sepot;Speaker;Male;Dutch, French, English;https://readmylips.be/sites/default/files/speakers/Sepot_Christophe_200124_1.jpg;Christophe Sepot als spreker op jouw evenement? Neem vrijblijvend contact op met sprekersbureau Read My Lips.;French;Divertissement, Voyages, RH et bien-être, Culture d’entreprise;Non-profit;Yes;"Qui est Christophe Sepot ?
L'aventurier Christophe Sepot a traversé l'Atlantique à la rame en 109 jours. Il a fait deux fois le tour du monde à la voile. Lors de son dernier tour du monde, il a combiné la voile avec la réalisation d'un documentaire sur les femmes dans le monde : Le tour du monde en 80 dates. L'absence de téléphone et d'internet en mer a fait réfléchir Christophe Sepot. Il décide de partager ses aventures avec les profanes et commence à organiser des traversées océaniques pour ceux qui n'ont pas d'expérience de la voile.
En voyageant et en relevant divers défis professionnels, Christophe Sepot a le sentiment d'être ""réinitialisé"" à chaque nouvelle rencontre. Il en a conclu qu'il était possible de rendre n'importe quel projet, n'importe quel défi et même sa vie entière incroyablement plus facile et amusante. Pour cela, il suffit de suivre quelques règles simples. Sepot est actuellement occupé à écrire un livre décrivant ces règles : SAY IT : Say Hi, Say Goodbye, Say Thank you, Say Sorry.
C'est également ce thème qu'il aborde dans ses présentations. Il le fait à l'aide d'exemples tirés de ses voyages, de son travail et de sa vie. Sepot cite en exemple l'importance de souhaiter le bonjour à ses collègues avant d'agir. Cela semble être un fait élémentaire, mais n'est malheureusement plus considéré comme une évidence aujourd'hui et peut même avoir des conséquences financières importantes pour l'entreprise en question."
125;Christophe Sepot;Speaker;Male;Dutch, French, English;https://readmylips.be/sites/default/files/speakers/Sepot_Christophe_200124_1.jpg;Christophe Sepot als spreker op jouw evenement? Neem vrijblijvend contact op met sprekersbureau Read My Lips.;Dutch;"Entertainment, Reizen, HR &amp; wellbeing, Bedrijfscultuur";Non-profit;Yes;"Wie is Christophe Sepot?
Avonturier Christophe Sepot stak op 109 dagen tijd de Atlantische Oceaan over in een roeiboot. Hij zeilde twee keer de wereld rond. In zijn laatste circumnavigatie combineerde hij het zeilen met het maken van een documentaire over vrouwen in de wereld: Around the World in 80 Dates. Het gebrek aan telefoon en internet op zee, zette Christophe Sepot aan het denken. Hij besloot zijn avonturen te delen met leken en begon oceaanovertochten te organiseren voor mensen zonder zeilervaring.
Tijdens het reizen en de verschillende professionele uitdagingen die hij aanging, kreeg Christophe Sepot het gevoel bij elke nieuwe eerste ontmoeting ‘gereset’ te worden. Hij concludeerde hieruit dat je eender welk project, om het even welke uitdaging en zelfs je hele leven waanzinnig kunt vergemakkelijken en veel leuker kunt maken. Je hoeft je hiervoor enkel te houden aan een paar eenvoudige regels. Sepot is op dit moment volop bezig met het schrijven van een boek dat deze regels beschrijft: SAY IT: Say Hi, Say Goodbye, Say Thank you, Say Sorry.
Het is ook dit thema dat hij behandelt in zijn presentaties. Hij doet dit aan de hand van voorbeelden uit zijn reizen, werk en leven. Sepot haalt als voorbeeld aan hoe belangrijk het is om je collega’s een goeiemorgen te wensen, voor je in actie schiet. Het klinkt als een basisgegeven, maar is vandaag jammer genoeg niet meer vanzelfsprekend en kan zelfs grote financiële gevolgen hebben voor het bedrijf in kwestie."
128;Clo Willaerts;Speaker;Female;Dutch, English;https://readmylips.be/sites/default/files/speakers/Willaerts_Clo_200331_foto3_1000.jpg;Who is Clo Willaerts?;English;"Marketing &amp; communication, Marketing, Social Media, PR &amp; Communication, Management, Enterprise, Strategy, Technology &amp; innovation, Innovation &amp; Trends, ICT &amp; Technology, Creativity";;Yes;"Who is Clo Willaerts?
Clo is a Belgian marketing professional with a whole legion of followers on social media and extensive experience in digital commerce (communities, streaming media, social media and digital transformation) for the travel, finance, media and telecommunications industries. Her popular technology blog has been a reliable source of information since 2004. Having worked as an internet and media professional for almost twenty years, she now travels around the world as consultant, speaker and author.
Clo describes herself as a technology optimist: she never tires of teaching and learning about digital technology and the impact it has on our daily lives. She is a natural talent on stage and regularly presents lectures in Belgium about social media, online privacy, digital marketing, artificial intelligence and future technologies at Karel de Grote Hogeschool, Thomas More, EHSAL Management School, Odisee, Vlerick Leuven Gent Management School and UBA Academy."
128;Clo Willaerts;Speaker;Female;Dutch, English;https://readmylips.be/sites/default/files/speakers/Willaerts_Clo_200331_foto3_1000.jpg;Wie is Clo Willaerts?;Dutch;"Marketing &amp; communicatie, Marketing, Sociale media, PR &amp; communicatie, Management, Ondernemen, Strategie, Technologie &amp; innovatie, Innovatie &amp; trends, ICT &amp; technologie, Creativiteit";;Yes;"Wie is Clo Willaerts?
Clo is een Belgische marketingprofessional met een grote schare volgers op sociale media en een uitgebreide ervaring in digitaal zakendoen (community’s, streaming media, sociale media, digitale transformatie) voor de reis-, financiële, automobiel-, media- en telco-industrie. Haar populaire technologieblog is sinds 2004 een vertrouwde bron van informatie. Nu, na bijna twintig jaar als internet- en mediaprofessional gewerkt te hebben, reist ze de wereld rond als consultant, spreker en auteur.
Clo omschrijft zichzelf als een technologie-optimist: ze wordt nooit moe van het onderwijzen en leren over digitale technologie en de impact die dit heeft op ons dagelijks leven. Ze is een natuurtalent op het podium en geeft regelmatig lezingen in België over sociale media, online privacy, digitale marketing, kunstmatige intelligentie en toekomstige technologieën bij Karel de Grote Hogeschool, Thomas More, EHSAL Management School, Odisee, Vlerick Leuven Gent Management School en UBA Academy."
134;Cynthia Reekmans;Moderator;Female;Dutch, French, English;https://readmylips.be/sites/default/files/speakers/Reekmans_cynthia_200402_foto3.jpg;Who is Cynthia Reekmans?;English;"Current affairs, Politics &amp; Government, Media &amp; culture, Media, Entertainment, Management, HR &amp; Wellbeing, Work/Life Balance, Technology &amp; innovation, Innovation &amp; Trends";;No;"Who is Cynthia Reekmans?
In 2005, at the end of her studies in Romance Languages and Literature, Cynthia Reekmans was crowned Miss Belgian Beauty. She then quickly became the leading lady at TV Limburg. She still works for TV Limburg and can be seen presenting TVL Wonen and TVL Beauty. Cynthia is the perfect host for your event. As presenter and moderator, she is able to combine her natural talent with her excellent language skills. She feels at home in the most diverse fields, from sport and politics to technology and wellbeing. She also keeps up with the latest developments in the business sector. For instance, companies and organisations like Carglass, Audi, JBC, Bizidee, Rabobank, Unizo, Voka, VKW and Confederatie Bouw Limburg have relied on her services."
134;Cynthia Reekmans;Moderator;Female;Dutch, French, English;https://readmylips.be/sites/default/files/speakers/Reekmans_cynthia_200402_foto3.jpg;Cynthia Reekmans als moderator op jouw evenement? Neem vrijblijvend contact op met sprekersbureau Read My Lips!;French;Le monde actuel, Politique et pouvoirs publics, Médias et culture, Media, Divertissement, Management, RH et bien-être, Équilibre travail/vie privée, Technologie et innovation, Innovation et tendances;;Yes;"Qui est Cynthia Reekmans ?
En 2005, à l'issue de ses études en langue et littérature romanes, Cynthia Reekmans est élue Miss Beauté Belge. Elle est rapidement devenue la vedette de TV Limburg, où elle a présenté divers programmes pendant huit ans. Ses années d'expérience font de Cynthia l'hôtesse idéale pour votre événement. En tant que présentatrice et modératrice, elle allie de parfaites compétences linguistiques à un grand naturel. Elle se sent à l'aise dans les sujets les plus divers, du sport à la politique, de la technologie au bien-être. En même temps, elle prend le pouls du monde des affaires. Des entreprises ou organisations de premier plan telles que Carglass, Mercedes, JBC, Bizidee, Rabobank, Unizo, Voka, VKW et Confederatie Bouw Limburg ont fait appel à ses services."
134;Cynthia Reekmans;Moderator;Female;Dutch, French, English;https://readmylips.be/sites/default/files/speakers/Reekmans_cynthia_200402_foto3.jpg;Cynthia Reekmans als moderator op jouw evenement? Neem vrijblijvend contact op met sprekersbureau Read My Lips!;Dutch;"De wereld vandaag, Politiek &amp; overheid, Media &amp; cultuur, Media, Entertainment, Management, HR &amp; wellbeing, Balans werk/leven, Technologie &amp; innovatie, Innovatie &amp; trends";;Yes;"Wie is Cynthia Reekmans?
In 2005, aan het einde van haar studie Romaanse taal- en letterkunde, werd Cynthia Reekmans verkozen tot Miss Belgian Beauty. Al snel werd ze de leading lady van TV Limburg, waar ze 8 jaar lang verschillende programma’s presenteerde. Door haar jarenlange ervaring is Cynthia de perfecte gastvrouw voor jouw event. Als presentatrice en moderator paart ze een perfecte talenkennis aan een groot naturel. Ze voelt zich thuis in de meest uiteenlopende onderwerpen, van sport tot politiek, van techniek tot welzijn. Tegelijk houdt ze de vinger aan de pols van het bedrijfsleven. Zo deden sterbedrijven of organisaties als Carglass, Mercedes, JBC, Bizidee, Rabobank, Unizo, Voka, VKW en Confederatie Bouw Limburg een beroep op haar diensten.
Luister naar Cynthia Reekmans in onze podcast Overmorgen. "
1060;Dado Van Peteghem;Speaker;Male;Dutch, English;https://readmylips.be/sites/default/files/speakers/JOHN_STAPELS_4885%20SMALL.jpg;Dado Van Peteghem als spreker op jouw evenement? Neem vrijblijvend contact op met sprekersbureau Read My Lips voor meer informatie.;English;"Marketing &amp; communication, Management, Technology &amp; innovation";;Yes;"Dado is a founding partner at the digital advisory firm Imagin3 Studio, and co-founder of the platforms Social Seeder and Speakersbase. Dado studied Communication &amp; Computer Sciences at the University of Ghent and is a published author of 3 business books: ""Digital Transformation"" (2014) with Jo Caudron, ""Corporate Venturing"" (2018) with Omar Mohout and ""Metasystems"" (2020) with Nils van Dam. Dado actively helps organizations with their innovation vision and strategy. As a member of the strategy committee of leading fashion group Chalhoub Group in Dubai, he often spends time in the Middle East and Asia."
1060;Dado Van Peteghem;Speaker;Male;Dutch, English;https://readmylips.be/sites/default/files/speakers/JOHN_STAPELS_4885%20SMALL.jpg;Dado Van Peteghem als spreker op jouw evenement? Neem vrijblijvend contact op met sprekersbureau Read My Lips voor meer informatie.;Dutch;"Marketing &amp; communicatie, Management, Technologie &amp; innovatie";;Yes;"Dado is oprichtend partner van het digitale adviesbureau Imagin3 Studio, en medeoprichter van de platforms Social Seeder en Speakersbase. Dado studeerde Communicatie &amp; Computerwetenschappen aan de Universiteit Gent en is auteur van 3 boeken over zaken doen: ""Digital Transformation"" (2014) met Jo Caudron, ""Corporate Venturing"" (2018) met Omar Mohout en ""Metasystems"" (2020) met Nils van Dam. Dado helpt organisaties actief met hun innovatievisie en -strategie. Als lid van het strategiecomité van het toonaangevende modeconcern Chalhoub Group in Dubai brengt hij vaak tijd door in het Midden-Oosten en Azië."
822;Dana Ketels;Speaker;Female;Dutch, English;https://readmylips.be/sites/default/files/speakers/Dana%20Ketels%20%283%29.jpg;"Dana Ketels as a speaker on your event? Contact the speakers&#039; office Read My Lips for more information.";English;"Current affairs, Science, Marketing &amp; communication, Sales &amp; Customer Service, Management, Leadership and Senior Management, HR &amp; Wellbeing, Work/Life Balance";;Yes;"Who is Dana Ketels?
Dana is a communication expert who specialises in non-verbal behaviour. She combines her unique knowledge of behaviour, non-verbal communication and stress management to read and interpret people’s motives and interests. She helps people and organisations to realise more personal leadership and results via effective communication.
Her insights in the field of non-verbal communication can regularly be found in the media. She is an active member of the INSA foundation, which works with the University of Amsterdam to conduct and publish scientific research about repetitive micro-movements in the face that offer an insight into the qualities, pitfalls and needs of people when interacting with others. 
In addition, Dana recently received training from Joe Navarro, the former FBI agent and world-renowned expert in body language. This knowledge offers her a solid foundation for the activities she performs at her Impact Academy. She gets people and organisations to examine themselves so that they become more aware about negative patterns of communication and behaviour during highly tense situations. 
As a speaker, Dana uses an interactive approach, and her well established knowledge and experience, to disprove common myths about body language. She helps the audience to retrieve information from people in a manner that is completely new to them and also allows them to examine their own non-verbal impact.
Dana also conducts multiple team buildings and workshops on topics as communication skills, team dynamics, nonverbal communication and facial expressions, interactive body language. Contact us for more info."
822;Dana Ketels;Speaker;Female;Dutch, English;https://readmylips.be/sites/default/files/speakers/Dana%20Ketels%20%283%29.jpg;Dana Ketels als spreker op jouw evenement? Neem vrijblijvend contact op met sprekersbureau Read My Lips voor meer informatie.;Dutch;"De wereld vandaag, Wetenschap, Marketing &amp; communicatie, Verkoop &amp; klantenservice, Management, Leiderschap &amp; topmanagers, HR &amp; wellbeing, Balans werk/leven";;Yes;"Wie is Dana Ketels?
Dana is communicatiedeskundige met specialisatie in non-verbaal gedrag. Ze combineert haar unieke kennis over gedrag, non-verbale communicatie en stressmanagement om drijfveren en belangen van mensen te lezen en te interpreteren. Ze helpt mens en organisatie op het vlak van impactvolle communicatie voor meer persoonlijk leiderschap en resultaat.
Je vindt haar inzichten op het vlak van non-verbale communicatie regelmatig terug in de media. Ze is actief lid van de INSA Foundation die samen met de Universiteit van Amsterdam wetenschappelijk onderzoek doet en publiceerde over hoogrepeterende microbewegingen in het gezicht die inzicht geven in kwaliteiten, valkuilen en behoeften van mensen in interactie met anderen. 
Daarnaast liet Dana zich recent nog trainen door het Joe Navarro Institute, FBI. Ret., en wereldwijd gerenommeerde lichaamstaalexpert. Deze kennis zorgt voor een stevige fundering tijdens haar activiteiten bij haar eigen Impact Academy. Ze laat mens en organisatie in de spiegel kijken zodat ze zich tijdens spannende momenten bewust worden van negatieve communicatiepatronen en gedragingen. 
Als spreker ontkracht Dana op een interactieve manier lichaamstaalmythes dankzij onderbouwde kennis en ervaring. Zij neemt haar publiek mee in het achterhalen van informatie bij mensen op een niveau dat nog niet eerder werd vertoond en laat hen ook kijken naar hun eigen non-verbale invloed.
Dana geeft ook meerdere teambuildings en workshops over communicatie skills, team dynamiek, non-verbale communicatie en gezichtsuitdrukkingen, interactieve lichaamstaal. Contacteer ons voor meer info. 
 "
895;Dave Sinardet;Speaker, Moderator;Male;Dutch, French, English;https://readmylips.be/sites/default/files/speakers/foto_twitter_0.jpeg;"Dave Sinardet as a speaker or moderator on your event? Contact the speakers&#039; office Read My Lips for more information.";English;"Current affairs, Politics &amp; Government, Society &amp; Diversity";;Yes;"Who is Dave Sinardet?
Dave Sinardet may be a professor, but he certainly doesn’t live in an ivory tower. His mission and his passion: involving everyone in politics. He uses accessible and crystal-clear language to combine his scientific insights with his field knowledge of national politics. So that you really know what is going on. 
As a professor of political science at both a Flemish and a French-speaking university (VUB and Saint-Louis), he grasps the Belgian imbroglio like no one else. 
As an independent observer of political goings-on, his analyses are sharp and critical, yet nuanced. 
And as a leading academic expert on federalism, he is among a handful of people who still know every nook and cranny of Belgium’s state structure. 
This has made Dave Sinardet a highly respected voice in the public debate for almost two decades. And this on both sides of the Belgian language border, which is a unique position in this divided country. 
For the past 15 years, he has been a regular columnist for all of Belgium's quality newspapers. He is also often consulted by other national and foreign media. 
Sinardet has been giving highly-regarded lectures on politics and society for years. He is an inspired and masterful storyteller who likes to interact with his audience. He is also known as a sharp and formidable moderator, especially - although not exclusively - of political debates. He is also a popular panellist and has also successfully started presenting and interviewing in recent years.
 "
895;Dave Sinardet;Speaker, Moderator;Male;Dutch, French, English;https://readmylips.be/sites/default/files/speakers/foto_twitter_0.jpeg;Dave Sinardet comme orateur ou modérateur à votre évènement ? Contactez Read My Lips, notre bureau d’orateurs spécialisés !;French;Le monde actuel, Politique et pouvoirs publics, Société et diversité;;Yes;"Qui est Dave Sinardet ?
Dave Sinardet est certes professeur, mais il se tient bien à l’écart des tours d’ivoire. Sa mission et sa passion : impliquer chacun dans la politique. Dans un langage accessible et limpide, il allie sa vision scientifique et sa connaissance du terrain de la Rue de la Loi. Afin que vous compreniez vraiment. 
En sa qualité de professeur de sciences politiques dans une université flamande et une autre francophone (VUB et Saint-Louis), il sait cerner, comme nul autre, l’imbroglio belge sous tous ses facettes. 
En tant qu’observateur indépendant du monde politique, il se montre pointu, critique et néanmoins nuancé. 
Et en tant qu’expert académique par excellence du fédéralisme, il compte parmi les rares personnes à connaître encore tous les arcanes de la structure de notre État. 
Cela fait de Dave Sinardet une voix très appréciée dans le débat public depuis près de deux décennies. Et cela de part et d’autre de la frontière linguistique, une position unique dans notre Belgique divisée. 
Il a été successivement chroniqueur attitré de tous les journaux belges de qualité au cours des 15 dernières années. D’autres médias nationaux et étrangers frappent également souvent à sa porte. 
Dave Sinardet donne depuis des années des conférences très appréciées sur la politique et la société. C’est un narrateur magistral et inspirant, qui aime interagir avec son public. Il est également connu comme un modérateur acéré et redoutable, surtout, mais non exclusivement, de débats politiques. Il est également un invité apprécié en tant que panéliste et, ces dernières années, il se consacre aussi avec succès à la présentation et l’interview.
 "
895;Dave Sinardet;Speaker, Moderator;Male;Dutch, French, English;https://readmylips.be/sites/default/files/speakers/foto_twitter_0.jpeg;Dave Sinardet als spreker of moderator op jouw evenement? Neem vrijblijvend contact op met sprekersbureau Read My Lips voor meer informatie.;Dutch;"De wereld vandaag, Politiek &amp; overheid, Samenleving &amp; diversiteit";;Yes;"Wie is Dave Sinardet?
Dave Sinardet is dan wel professor, ivoren torens zijn niets voor hem. Zijn missie en zijn passie: iedereen betrekken bij de politiek. In toegankelijke, kristalheldere taal koppelt hij wetenschappelijk inzicht aan terreinkennis van de Wetstraat. Zodat u écht mee bent.
Als professor politieke wetenschappen aan een Vlaamse en Franstalige universiteit (VUB en Saint-Louis) doorgrondt hij als geen ander het Belgische imbroglio in al zijn facetten. Als onafhankelijke observator van het politieke reilen en zeilen komt hij scherp, kritisch en toch genuanceerd uit de hoek. En als dé academische expert over federalisme behoort hij tot het handvol mensen dat nog alle hoekjes en kantjes van onze staatsstructuur kent.
Dat maakt Dave Sinardet al bijna twee decennia tot een zeer gewaardeerde stem in het publieke debat. En dit aan beide kanten van de Belgische taalgrens, een unieke positie in ons gespleten land. Hij was de voorbije 15 jaar achtereenvolgens vaste columnist voor alle Belgische kwaliteitskranten. Ook andere binnen- en buitenlandse media kloppen vaak aan zijn deur.
Sinardet geeft al jaren zeer gesmaakte lezingen over politiek en maatschappij. Hij is een begeesterde en meesterlijke verteller die graag in interactie gaat met zijn publiek. Hij staat eveneens bekend als een spitse en geduchte moderator, vooral maar niet uitsluitend van politieke debatten. Ook als panellid is hij een graag geziene gast en sinds enkele jaren legt hij zich met succes toe op presenteren en interviewen."
135;David Dewulf;Speaker;Male;Dutch, English;https://readmylips.be/sites/default/files/speakers/Dewulf_David_200123_1.jpg;Who is David Dewulf?;English;"Current affairs, Society &amp; Diversity, Philosophy, Religion and Spirituality, Marketing &amp; communication, PR &amp; Communication, Management, Leadership and Senior Management, Enterprise, HR &amp; Wellbeing, Corporate Culture, Work/Life Balance";;Yes;"Who is David Dewulf?
Because a separate study programme was not available for meditation, David opted to study medicine at the Catholic University of Leuven. “I wanted to first establish a solid foundation and then decide a specific direction once I had completed my studies.” After Dewulf had graduated, he spent four years travelling around the world. He studied various traditions wherever he went and, after intensive training in China, earner himself the title of master in Tao Meditation, Qi Gong and Tai Chi. He asked himself the following question when he returned home: “What changed me the most?” The answer was ‘mindfulness’: a form of meditation that encourages people to be more authentic and positive in life.
Doctor Dewulf is the founding father of mindfulness and compassion in our country. He has followed dozens of training courses all over the world, shared his expertise in fifteen books and presented countless lectures, even at Harvard University in the United States.
When watching the news on television as a twelve year-old child, he noticed how New Year's celebrations across the globe were accompanied by copious amounts of alcohol and festivities. But it was the following news item that really surprised young David; people in Japan welcomed the New Year in a state of meditation. “That image, of all those people being in touch with themselves in tranquillity and serenity, really left a lasting impression”, he explains."
135;David Dewulf;Speaker;Male;Dutch, English;https://readmylips.be/sites/default/files/speakers/Dewulf_David_200123_1.jpg;Wie is David Dewulf?;Dutch;"De wereld vandaag, Samenleving &amp; diversiteit, Filosofie, religie &amp; spiritualiteit, Marketing &amp; communicatie, PR &amp; communicatie, Management, Leiderschap &amp; topmanagers, Ondernemen, HR &amp; wellbeing, Bedrijfscultuur, Balans werk/leven";;Yes;"Wie is David Dewulf?
Omdat meditatie vooralsnog geen aparte studierichting is, koos David voor geneeskunde aan de Leuvense universiteit. “Ik wilde een stevige basis hebben en zou na mijn studies wel zien wat ik er verder mee kon doen.” Toen Dewulf zijn diploma op zak had, reisde hij vier jaar lang de wereld rond. Overal waar hij kwam bestudeerde hij de verschillende tradities en na intensieve trainingen in China mocht hij zich meester noemen in de Tao Meditatie, Qi Gong en Tai Chi. Bij thuiskomst stelde hij zichzelf de vraag: “Wat heeft mij nu het meest veranderd?” Dat bleek mindfulness te zijn: een vorm van meditatie die mensen stimuleert om authentiek en positiever in het leven te staan.
Dokter Dewulf is in ons land de grondlegger van mindfulness en compassie. Hij volgde tientallen opleidingen over de hele wereld, schreef over zijn expertise vijftien boeken en gaf ontelbare lezingen, zelfs tot aan de Amerikaanse universiteit Harvard toe.
Als kind van twaalf jaar zag hij op televisie beelden hoe overal ter wereld Nieuwjaar met veel drank en feestgedruis werd ingezet. Een aansluitend item uit Japan waar met meditatie het nieuwe jaar werd verwelkomd, verraste de jonge David. “Dat beeld van die mensen die in alle sereniteit en rust contact maakten met zichzelf vond ik indrukwekkend”, vertelt hij."
89;David Steegen;Speaker;Male;Dutch, French, English;https://readmylips.be/sites/default/files/speakers/Steegen_David_200124_1.jpg;Who is David Steegen?;English;"Current affairs, Politics &amp; Government, Society &amp; Diversity, Media &amp; culture, Media, Marketing &amp; communication, PR &amp; Communication, Entertainment, Sport";;No;"Who is David Steegen?
“Everything he does is an excuse to share his thoughts”; that’s what his close friend Stefan Himpe once said about him in De Morgen. And David Steegen has done a lot. This includes managing communication for a film company, a TV broadcaster, politician Guy Vanhengel, and now RSC Anderlecht. In between, he has also been manager of football services at Belgacom TV, established sports broadcaster Exqi Sport, wrote the books De zomer van Mexico ’86 (The summer of Mexico ‘86) and 100 jaar RSC Anderlecht (100 years of RSC Anderlecht) and worked as a columnist for weekly magazine Bruzz.
As an expert communicator, David Steegen is the perfect person to inform you about the communication policy of an elite sports company. His lectures contain striking examples and captivating anecdotes from daily life as well as stories that can be appreciated by football fans and non-sports enthusiasts alike. He speaks fluently about his favourite sport, but also about his favourite city (Brussels), where Dutch and French speakers are now a minority and where security is a hot issue. He passionately expresses his own take on the city’s past, present and future, as well as that of Belgium in general."
89;David Steegen;Speaker;Male;Dutch, French, English;https://readmylips.be/sites/default/files/speakers/Steegen_David_200124_1.jpg;Wie is David Steegen?;Dutch;"De wereld vandaag, Politiek &amp; overheid, Samenleving &amp; diversiteit, Media &amp; cultuur, Media, Marketing &amp; communicatie, PR &amp; communicatie, Entertainment, Sport";;No;"Wie is David Steegen?
“Alles wat hij doet is een excuus om te kunnen vertellen”, zei boezemvriend Stefan Himpe ooit over hem in De Morgen. En David Steegen) heeft véél gedaan: communicatieverantwoordelijke bij een filmbedrijf en een tv-zender, vervolgens voor politicus Guy Vanhengel en vandaag bij RSC Anderlecht. Tussendoor was hij verantwoordelijke voetbal bij Belgacom TV, stampte hij met Exqi Sport een sportzender uit de grond, schreef hij de boeken De zomer van Mexico ’86 en 100 jaar RSC Anderlecht en is hij columnist bij het weekblad Bruzz.
Als bevlogen communicator is David Steegen de geknipte man om je wegwijs te maken in het communicatiebeleid van een topsportbedrijf. Zijn lezingen overgiet hij met spraakmakende voorbeelden en beklijvende anekdotes uit de dagdagelijkse realiteit en verhalen waaruit zowel voetbalfans als niet-sportminnende bedrijfsleiders heel wat van kunnen opsteken. Hij spreekt met overgave over zijn favoriete sport, maar ook over zijn uitverkoren stad, Brussel, waar Nederlands- én Franstaligen een minderheid vormen, onveiligheid een zwaarwegend thema is. Met verve plaatst hij zijn eigen opvallende accenten bij verleden, heden en toekomst van de hoofdstad, en bij uitbreiding van België."
93;Davy De Vlieger;Speaker;Male;Dutch, French, English;https://readmylips.be/sites/default/files/speakers/Devlieger_davy_200405.foto2_1000.jpg;Who is Davy De Vlieger?;English;"Management, Leadership and Senior Management, Enterprise, Strategy, HR &amp; Wellbeing, Corporate Culture, Work/Life Balance";;Yes;"Who is Davy De Vlieger?
Davy managed the Belgian division of Omega Pharma for 8 years and was also CEO of Etixx NV. In April 2016, he returned to one of his old passions, namely the food industry, where he is now General Manager in Belgium for the multinational Continental Foods, which owns major brands, such as Devos-Lemmens, Royco, Aïki, Imperial and Liebig. Thanks to far-reaching innovation and an excellent marketing strategy, De Vlieger was able to make Omega Pharma a global player in the market for non-prescription medicines and healthcare products.
Management is a team sport, says Davy De Vlieger. “Efficient management is not only based on a healthy long-term vision, but also on how this vision is humanly conveyed to your employees at all levels. Everyone - from the bottom of the ladder to the top - must know what role they play in the overall story. You sometimes have to make difficult choices, but that doesn’t prevent you from communicating them in a respectful and humanly manner. Every link in the executive process must employ the tools needed to execute the plan that you have in mind. If not everyone is on board, it makes no sense to pick up the pace. A good manager is thus a team leader who is always accessible and approachable, who allows for the needs and skills of his team members, but continues to focus on results.”"
93;Davy De Vlieger;Speaker;Male;Dutch, French, English;https://readmylips.be/sites/default/files/speakers/Devlieger_davy_200405.foto2_1000.jpg;Wie is Davy De Vlieger?;French;Management, Leadership et top managers, Entreprendre, Stratégie, RH et bien-être, Culture d’entreprise, Équilibre travail/vie privée;;Yes;"Qui est Davy De Vlieger ?
Davy a dirigé la branche belge d'Omega Pharma pendant huit ans et a également été CEO d'Etixx NV. En avril 2016, il est retourné à ses anciennes amours, l'industrie alimentaire, et est désormais directeur général en Belgique de la multinationale Continental Foods, qui représente des marques fortes telles que Devos-Lemmens, Royco, Aïki, Imperial et Liebig. Grâce à une innovation constante et à une stratégie de marketing sophistiquée, M. De Vlieger a fait d'Omega Pharma un acteur mondial sur le marché des médicaments en vente libre et des produits de soins personnels.
Selon Davy De Vlieger, la gestion est un sport d'équipe. ""Une gestion efficace repose non seulement sur une bonne vision à long terme, mais aussi sur une traduction humaine de cette vision auprès de vos employés à tous les niveaux. Chacun, du bas de l'échelle au sommet, doit savoir quel rôle il joue dans l'histoire globale. Il faut parfois faire des choix difficiles, ce qui n'empêche pas de les communiquer de manière respectueuse et humaine. Chaque maillon du processus de mise en œuvre doit disposer des bons outils pour exécuter le plan que vous avez en tête. Si tout le monde n'est pas dans le bus, il ne sert à rien de passer à la vitesse supérieure. Un bon manager est donc un chef d'équipe toujours disponible et accessible, à l'écoute des besoins et des compétences des membres de son équipe, tout en se concentrant sur les résultats."""
93;Davy De Vlieger;Speaker;Male;Dutch, French, English;https://readmylips.be/sites/default/files/speakers/Devlieger_davy_200405.foto2_1000.jpg;Wie is Davy De Vlieger?;Dutch;"Management, Leiderschap &amp; topmanagers, Ondernemen, Strategie, HR &amp; wellbeing, Bedrijfscultuur, Balans werk/leven";;Yes;"Wie is Davy De Vlieger?
Davy heeft 8 jaar lang de Belgische tak van Omega Pharma geleid en was ook CEO van Etixx NV. In april 2016 keerde hij terug naar een oude liefde, de voedingsindustrie, en nu is hij General Manager in België van de multinational Continental Foods, die staat voor sterke merken als Devos-Lemmens, Royco, Aïki, Imperial en Liebig. De Vlieger heeft dankzij doorgedreven innovatie en een uitgekiende marketingstrategie van Omega Pharma een wereldspeler gemaakt op de markt van de niet-voorschriftgebonden geneesmiddelen en verzorgingsproducten.
Management is een ploegsport, volgens Davy De Vlieger. “Efficiënt management bouwt niet alleen op een goede langetermijnvisie maar ook op een menselijke vertaling van die visie naar je medewerkers op alle niveaus. Iedereen, van onderaan de ladder tot bovenaan, moet weten welke rol hij in het globale verhaal speelt. Soms moet je harde keuzes maken, maar dat belet niet dat je die op een respectvolle en menselijke manier kan communiceren. Elke schakel in het uitvoeringsproces moet over de juiste tools beschikken om het plan dat je voor ogen hebt uit te voeren. Als niet iedereen op de bus zit, heeft het geen zin om een versnelling hoger te schakelen. Een goede manager is dus een teamleader die altijd bereikbaar en benaderbaar is, die inspeelt op de behoeften en vaardigheden van zijn teamleden maar tegelijk focust op de resultaten.”"
524;Delphine Boël;Speaker;Female;Dutch, French, English;https://readmylips.be/sites/default/files/speakers/Bo%C3%ABl_Delphine_200123_1.jpg;Who is Delphine Boël?;English;"Media &amp; culture, Arts &amp; Culture";;No;"Who is Delphine Boël?
Delphine's art makes a real statement, and colour plays a central role in her work. Not only her paintings, but her videos, sculptures and neon creations are vibrant, joyful and idiosyncratic. They are an affectionate source of inspiration for people who have been displaced, but they also bring the powerful and haughty back down to earth. According to collectors of her work, her multimedia creations engender strong emotions, and the themes in her work carry a universal message, which can move each and every one of us, and is also recognisable in all of us."
524;Delphine Boël;Speaker;Female;Dutch, French, English;https://readmylips.be/sites/default/files/speakers/Bo%C3%ABl_Delphine_200123_1.jpg;Delphine Boël comme orateur à votre évènement ? Contactez Read My Lips, notre bureau d’orateurs spécialisés !;French;Médias et culture, Art et culture;;No;"Qui est Delphine Boël ?
Delphine est une artiste de déclaration et la couleur est au cœur de son travail. Non seulement ses peintures, mais aussi ses vidéos, ses sculptures et ses créations au néon sont vivantes, ludiques et décalées. Elles sont une source d’inspiration tendre pour les personnes déplacées, tout en ramenant brusquement à la réalité les puissants et les arrogants. Selon ses collectionneurs, ses créations multimédias évoquent des émotions fortes et son œuvre artistique est porteuse d’un message universel, capable d’exalter chacun de nous et reconnaissable en chacun de nous."
524;Delphine Boël;Speaker;Female;Dutch, French, English;https://readmylips.be/sites/default/files/speakers/Bo%C3%ABl_Delphine_200123_1.jpg;Wie is Delphine Boël?;Dutch;"Media &amp; cultuur, Kunst &amp; cultuur";;No;"Wie is Delphine Boël?
De kunst van Delphine is een statement en kleur staat centraal in haar werk. Niet alleen haar schilderwerk maar ook haar video’s, sculpturen en neoncreaties zijn levendig, speels en eigenzinnig. Ze zijn een tedere inspiratiebron voor wie ontheemd is, maar ze brengen wie machtig en hoogmoedig is ook plots terug tot de realiteit. Volgens haar verzamelaars roepen haar multimediale creaties sterke emoties op en draagt de thematiek van haar artistieke werk een universele boodschap in zich, die ieder van ons in vervoering kan brengen en die in ieder van ons herkenbaar is."
1236;Dieter Penninckx;Speaker;Male;Dutch, English;https://readmylips.be/sites/default/files/speakers/Dieter%20Penninckx%20zwart%20wit.png;Dieter Penninckx as a speaker at your event? Feel free to contact speakers agency Read My Lips for more information.;English;Economics, Management, Leadership and Senior Management, Enterprise, Strategy, CSR (Corporate Social Responsibility);;Yes;"Who is Dieter Penninckx?
Dieter Penninckx is an engineer, family and football man, a scout for life, but above all an entrepreneur. As co-founder of fashion and lifestyle group FNG (which peaked to around €800 million turnover with brands such as Fred&amp;Ginger, Brantano, Claudia Sträter and Swedish Ellos), he was one of Flanders' most promising entrepreneurs. Until May 2020, he was CEO of the group. Dieter was also the main shareholder of KV Mechelen for 5 years.

          
  












    

  


  
  
      

      Request your offer"
1236;Dieter Penninckx;Speaker;Male;Dutch, English;https://readmylips.be/sites/default/files/speakers/Dieter%20Penninckx%20zwart%20wit.png;Dieter Penninckx als spreker op jouw evenement? Neem vrijblijvend contact op met sprekersbureau Read My Lips voor meer informatie.;Dutch;"Economie, Management, Leiderschap &amp; topmanagers, Ondernemen, Strategie, MVO (Maatschappelijk verantwoord ondernemen)";;Yes;"Wie is Dieter Penninckx?
Dieter Penninckx is ingenieur, familie- en voetbalman, scout voor het leven, maar bovenal ondernemer. Als medeoprichter van mode- en lifestylegroep FNG (dat piekte tot ca. € 800 miljoen omzet met merken als Fred&amp;Ginger, Brantano, Claudia Sträter en het Zweedse Ellos) was hij een van Vlaanderens meest belovende ondernemers. Tot mei 2020 was hij CEO van de groep. Dieter was ook 5 jaar lang de hoofdaandeelhouder van KV Mechelen.

          
  












    

  


  
  
      

      Vraag je offerte aan"
632;Dimitri Barbe;Speaker;Male;Dutch;https://readmylips.be/sites/default/files/speakers/dimitri-barbe.jpg;Dimitri Barber als spreker op jouw evenement? Dat kan! Contacteer sprekersbureau Read My LIps voor meer informatie.;Dutch;"De wereld vandaag, Duurzaamheid &amp; klimaat, Marketing &amp; communicatie, Marketing, PR &amp; communicatie, Management, Leiderschap &amp; topmanagers, Ondernemen, Strategie, MVO (Maatschappelijk verantwoord ondernemen), HR &amp; wellbeing, Bedrijfscultuur, Balans werk/leven";Non-profit;Yes;"Wie is Dimitri Barbe?

Dimitri Barbe is vader, ingenieur in tropische landbouw, persoonlijk leider, gastspreker en – als hoofd van make sense – thought leader in duurzaamheidscommunicatie. Hij vindt zijn inspiratie in de natuur en maakt er zijn persoonlijke missie van om die te beschermen. In 2008 richtte Dimitri ons communicatiebureau op om zijn kijk op de wereld te delen en mensen en merken te laten samenwerken met één gemeenschappelijk doel: een wereld in evenwicht, een positieve toekomst.
 "
96;Dirk Barrez;Speaker;Male;Dutch, French, English;https://readmylips.be/sites/default/files/speakers/Barrez_Dirk_200123_1.jpg;Who is Dirk Barrez?;English;"Current affairs, Sustainability &amp; Climate, Politics &amp; Government, Society &amp; Diversity, Economics, Management, Enterprise, CSR (Corporate Social Responsibility)";Non-profit;Yes;"Who is Dirk Barrez?
He is an author and chief editor of PALA.be, which is a popular newsletter and website that tries to find solutions for a more social, ecological and democratic world. He spent over 20 years working as TV journalist and documentary maker for the VRT, and played an important role in programmes such as Panorama and Terzake.
Very few people are able to forecast and understand new developments as he can: from globalisation and the financial crisis, to the need for transition and cooperative enterprise. This clear insight is reflected in enlightening and enduring books and documentaries, as well as countless lectures that enable people to better understand the world around them.
Besides being a journalist, he is an active citizen and social entrepreneur who has (helped to) set up many initiatives such as the TransitieNetwerk Middenveld and the TransitieFestival."
96;Dirk Barrez;Speaker;Male;Dutch, French, English;https://readmylips.be/sites/default/files/speakers/Barrez_Dirk_200123_1.jpg;Dirk Barrez als spreker op jouw evenement? Neem vrijblijvend contact op met sprekersbureau Read My Lips.;French;Le monde actuel, Durabilité et climat, Politique et pouvoirs publics, Société et diversité, Économie, Management, Entreprendre, RSE (responsabilité sociétale des entreprises);Non-profit;Yes;"Qui est Dirk Barrez ?
Il est l'auteur et le rédacteur en chef de PALA.be, un bulletin d'information et un site web très lus qui cherchent des réponses pour un monde plus social, plus écologique et plus démocratique. Pendant plus de 20 ans, il a été journaliste de télévision et reporter pour la VRT, l'un des piliers du Panorama et de Terzake.
Comme peu d'autres, il ressent et comprend ce qui nous arrive : de la mondialisation et de la crise financière à la nécessité d'une transition et d'un esprit d'entreprise coopératif. Cette vision claire se traduit par des livres et des documentaires éclairants qui ont une longue durée de vie et par d'innombrables conférences passionnées qui permettent aux gens de mieux comprendre leur monde.
En plus d'être journaliste, il est un citoyen actif et un entrepreneur social qui a (co)fondé de nombreuses initiatives, telles que le TransitionNetwork Middenveld et le TransitionFestival."
96;Dirk Barrez;Speaker;Male;Dutch, French, English;https://readmylips.be/sites/default/files/speakers/Barrez_Dirk_200123_1.jpg;Dirk Barrez als spreker op jouw evenement? Neem vrijblijvend contact op met sprekersbureau Read My Lips.;Dutch;"De wereld vandaag, Duurzaamheid &amp; klimaat, Politiek &amp; overheid, Samenleving &amp; diversiteit, Economie, Management, Ondernemen, MVO (Maatschappelijk verantwoord ondernemen)";Non-profit;Yes;"Wie is Dirk Barrez?
Hij is auteur en hoofdredacteur van PALA.be, een veelgelezen nieuwsbrief en website die antwoorden zoekt voor een meer sociale, ecologische en democratische wereld. Ruim 20 jaar was hij tv-journalist en reportagemaker voor VRT, een van de sterkhouders van zowel Panorama als Terzake.
Hij voorvoelt en doorgrondt als weinig anderen wat op ons afkomt: van globalisering en financiële crisis tot de noodzaak van transitie en coöperatief ondernemen. Die klare kijk vertaalt zich in verhelderende boeken en documentaires met een lange levensduur en in talloze gedreven lezingen die mensen hun wereld veel beter laten begrijpen.
Naast journalist is hij een actieve burger en maatschappelijk ondernemer die (mee) aan de wieg staat van heel wat initiatieven, zoals het TransitieNetwerk Middenveld en het TransitieFestival."
649;Dirk Draulans;Speaker;Male;Dutch, French, English;https://readmylips.be/sites/default/files/speakers/MIEKE3.jpg;"Dirk Draulans as a speaker on your event? Get in touch with the speakers&#039; office Read My Lips!";English;"Current affairs, Science, Sustainability &amp; Climate, Society &amp; Diversity";Non-profit;Yes;"Who is Dirk Draulans?
Dirk Draulans (1956) is a biologist, journalist and author. He is a Doctor of Science and worked at Oxford University, where he specialised in behavioural science. He has worked for current affairs magazine Knack since 1987. He has written several high-profile books about his experiences as a war correspondent and regular visitor to Africa. In de Putten. Natuurdagboek uit een conflictlandschap (2016, loosely translated: ‘A nature diary from a conflict landscape’) was nominated for the Jan Wolkers Prize as best book in the field of nature.
As a columnist for Knack, he writes about fascinating scientific work; about 'issues' that often contain a scientific element, such as cases involving the illegal use of hormones in cattle farming, and about ‘burning issues’ around the world, such as wars - the Gulf, ex-Yugoslavia, the African conflicts - and environmental catastrophes such as Chernobyl, oil disasters and destruction of world’s rain forests.
 "
649;Dirk Draulans;Speaker;Male;Dutch, French, English;https://readmylips.be/sites/default/files/speakers/MIEKE3.jpg;Dirk Draulans comme orateur à votre évènement ? Contactez Read My Lips, notre bureau d’orateurs spécialisés !;French;Le monde actuel, Sciences, Durabilité et climat, Société et diversité;Non-profit;Yes;"Qui est Dirk Draulans ?
Dirk Draulans (né en 1956) est biologiste, journaliste et écrivain. Il est titulaire d’un doctorat en sciences et a travaillé à l’Université d’Oxford, où il a obtenu un diplôme en sciences du comportement. Depuis 1987, il est rédacteur chez Knack. Il a retranscrit ses expériences en tant que correspondant de guerre et voyageur en Afrique dans de nombreux livres controversés. Son ouvrage In de Putten. Natuurdagboek uit een conflictlandschap (2016) a été nominé pour le prix Jan Wolkers du meilleur livre sur la nature.
En tant que rédacteur chez Knack, il écrit des reportages sur des travaux scientifiques captivants, sur des « affaires » souvent à caractère scientifique, comme les dossiers sur l’utilisation illicite d’hormones dans l’élevage, ainsi que sur des « sujets brulants » dans le monde, comme les guerres – du Golf, l’ex-Yougoslavie, les conflits africains – et les catastrophes environnementales, telles que Tchernobyl, les déversements de pétrole et la disparition des forêts dans le monde.

 "
649;Dirk Draulans;Speaker;Male;Dutch, French, English;https://readmylips.be/sites/default/files/speakers/MIEKE3.jpg;Dirk Draulans als spreker op jouw event? Boek hem eenvoudig via sprekersbureau Read My Lips!;Dutch;"De wereld vandaag, Wetenschap, Duurzaamheid &amp; klimaat, Samenleving &amp; diversiteit";Non-profit;Yes;"Wie is Dirk Draulans?
Dirk Draulans (1956) is bioloog, journalist en schrijver. Hij is doctor in de wetenschappen en werkte aan de universiteit van Oxford, waar hij zich bekwaamde in de gedragswetenschappen. Sinds 1987 is hij redacteur bij Knack. Zijn ervaringen als oorlogscorrespondent en Afrikaganger schreef hij neer in tal van geruchtmakende boeken. In de Putten. Natuurdagboek uit een conflictlandschap (2016) werd genomineerd voor de Jan Wolkers Prijs voor het beste natuurboek.
Als redacteur bij Knack schrijft hij boeiende reportages over wetenschappelijk werk, over affaires die dikwijls een wetenschappelijk tintje hebben, zoals de dossiers rond het illegale gebruik van hormonen in de veeteelt, en over hete hangijzers in de wereld, zoals de oorlogen in de Golf en in ex-Joegoslavië en de Afrikaanse conflicten, en milieurampen zoals Tsjernobyl, olierampen en de verdwijning van de wouden in de wereld.
 "
1011;Dirk Holemans;Speaker;Male;Dutch, English;https://readmylips.be/sites/default/files/speakers/Persfoto1_RML.jpg;Dirk Holemans als spreker op jouw evenement? Neem vrijblijvend contact op met sprekersbureau Read My Lips voor meer informatie.;English;"Current affairs, Science, Sustainability &amp; Climate, Politics &amp; Government, Safety, Law, Society &amp; Diversity, Philosophy, Religion and Spirituality, History, Economics";;Yes;"Who is Dirk Holemans?
Dirk is the driving force behind Think Tank Oikos, which focuses on the shift towards a sustainable society. And that is not a luxury but, rather, a necessity. If we desire a liveable world for our children, then we have to take a different path together now. Fortunately, we know what it takes to build an economy that respects the planet's boundaries and strives for a good life for everyone. With basic training as a bioengineer and studies in philosophy and economics, Holemans combines diverse perspectives as no other in the search for a sustainable future. As a guest lecturer, he provides insights into systems thinking and ecology, so that each of us can actively contribute to social change. As a passionate keynote speaker, he shows organisations the ecological challenges our society faces and how they can tackle them. With his wealth of experience as an academic lecturer, politician, researcher and policy adviser, he knows how to captivate every audience. In addition to books, such as Vrijheid &amp; Zekerheid (Freedom &amp; Security) and Het Ecologisch Kompas (The Ecological Compass), he regularly writes essays and opinion pieces for De Standaard, De Morgen, Knack and The Green European Journal. And his great love for the city in which he lives can be found in the reading and walking book, Honger naar Gent (Hunger for Ghent)."
1011;Dirk Holemans;Speaker;Male;Dutch, English;https://readmylips.be/sites/default/files/speakers/Persfoto1_RML.jpg;Dirk Holemans als spreker op jouw evenement? Neem vrijblijvend contact op met sprekersbureau Read My Lips voor meer informatie.;Dutch;"De wereld vandaag, Wetenschap, Duurzaamheid &amp; klimaat, Politiek &amp; overheid, Veiligheid, Recht, Samenleving &amp; diversiteit, Filosofie, religie &amp; spiritualiteit, Geschiedenis, Economie";;Yes;"Wie is Dirk Holemans?
Dirk is de drijvende kracht achter Denktank Oikos, die focust op de kanteling naar een duurzame samenleving. En dat is geen luxe maar een noodzaak. Willen we een leefbare wereld voor onze kinderen, dan moeten we nu samen een andere weg inslaan. Gelukkig weten we wat nodig is om een economie uit te bouwen die de grenzen van de planeet respecteert, en die streeft naar een goed leven voor iedereen. Met een basisopleiding als bio-ingenieur en studies filosofie en economie combineert Holemans als geen ander diverse perspectieven in de zoektocht naar een duurzame toekomst. Als gastdocent brengt hij inzichten bij over systeemdenken en ecologie, zodat elk van ons actief kan bijdragen aan maatschappelijke verandering. Als gedreven keynote spreker toont hij organisaties de ecologische uitdagingen waar onze samenleving voor staat, en hoe ze die kunnen aanpakken. Met zijn rijke ervaring als academisch docent, politicus, onderzoeker en beleidsadviseur weet hij elk publiek te boeien. Naast boeken als Vrijheid &amp; Zekerheid en Het Ecologisch Kompas schrijft hij regelmatig essays en opiniestukken voor De Standaard, De Morgen, Knack en The Green European Journal. En zijn grote liefde voor de stad waar hij woont, vind je terug in het lees- en wandelboek Honger naar Gent."
163;Dirk Sterckx;Speaker, Moderator;Male;Dutch, French, English;https://readmylips.be/sites/default/files/speakers/Sterckx_Dirk_200409_foto4_1000.jpg;Who is Dirk Sterckx?;English;"Current affairs, Politics &amp; Government, Society &amp; Diversity, Media &amp; culture, Media, Marketing &amp; communication, PR &amp; Communication";Non-profit;No;"Who is Dirk Sterckx?
Long after Dirk had left his job at the public broadcaster and taken up a seat in the European Parliament, the amiable anchorman retained a place in the collective memory. This cannot be said of many members of the European Parliament. The VRT front man and Open Vld politician retired in September 2011.
Europe is unexplored territory for many of us. Dirk knows the ins and outs of the European machine and adopts a fascinating and detailed approach to explain what Europe does and what impact it has on our lives. His many years of television experience on the newsdesk also make him the ideal moderator and presenter."
163;Dirk Sterckx;Speaker, Moderator;Male;Dutch, French, English;https://readmylips.be/sites/default/files/speakers/Sterckx_Dirk_200409_foto4_1000.jpg;Dirk Sterckx als moderator op jouw evenement? Neem vrijblijvend contact op met sprekersbureau Read My Lips voor meer informatie!;Dutch;"De wereld vandaag, Politiek &amp; overheid, Samenleving &amp; diversiteit, Media &amp; cultuur, Media, Marketing &amp; communicatie, PR &amp; communicatie";Non-profit;No;"Wie is Dirk Sterckx?
Lang nadat Dirk de deur van de openbare omroep achter zich dicht had getrokken en in het Europees Parlement zetelde, bleef de minzame ankerman nog steeds in het collectieve geheugen gegrift. Vele Europarlementsleden was dit niet gegeven. De VRT-coryfee en Open Vld-politicus ging in september 2011 met pensioen.
Voor de meesten onder ons is Europa onontgonnen terrein. Dirk kent de Europese mastodont door en door en legt je haarfijn en op een boeiende manier uit hoe Europa in elkaar zit en welke impact het heeft op ons leven. Zijn jarenlange televisie-ervaring op de nieuwsdiensten maken van hem ook een geknipte moderator en presentator."
166;Dominique Baeyens;Speaker;Male;Dutch, French, English;https://readmylips.be/sites/default/files/speakers/Baeyens_Dominique_200123_3.jpg;Who is Dominique Baeyens?;English;Entertainment, Sport, Management, Leadership and Senior Management, Enterprise;;Yes;"Who is Dominique Baeyens?
Dominique Baeyens has an impressive track record as a professional volleyball coach. During his 25-year career, he won 8 national titles, 3 cups and 1 European cup. He was voted coach of the year on 8 occasions and spent 4 years as coach of the national team. Dominique Baeyens combines his passionate drive with strong psychological insight. He shares his ideas with the audience with the same passion.
Dominique is a Master in physical education and has used this expertise to build his coaching career. Under the motto “Coaching with common sense”, no one is better placed to explain how you can build a strong team within your organisation; not only in a sporting context, but also in the world of business."
166;Dominique Baeyens;Speaker;Male;Dutch, French, English;https://readmylips.be/sites/default/files/speakers/Baeyens_Dominique_200123_3.jpg;Dominique Baeyens als spreker op jouw evenement? Neem vrijblijvend contact op met sprekersbureau Read My Lips voor meer informatie.;French;Divertissement, Sport, Management, Leadership et top managers, Entreprendre;;Yes;"Qui est Dominique Baeyens ?
Dominique Baeyens a un palmarès impressionnant en tant qu'entraîneur de volley-ball professionnel. En 30 ans de carrière, il a remporté neuf titres nationaux, trois coupes et une coupe d'Europe. Il a été élu huit fois entraîneur de l'année et a été l'entraîneur de notre équipe nationale de volley-ball pendant quatre ans. 
Il a exposé son point de vue sur le coaching et le travail d'équipe dans le livre Coachen met Gezond Verstand, publié en 2018.
Dominique est titulaire d'une maîtrise en éducation physique et a construit sa carrière d'entraîneur à partir de ce bagage académique.
Dans ses présentations et ses ateliers, il aborde les principes fondamentaux d'un bon travail d'équipe. Pas de grandes théories, mais une vision pragmatique qui débouche sur des conseils utiles pour chaque organisation et entreprise.
Personnellement, je pense que les termes ""équipe"" et ""travail d'équipe"" sont souvent pris à la légère. Nous devons nous rendre compte qu'une équipe qui fonctionne bien n'est pas le fruit du hasard. Il faut du dévouement, de la discipline, de l'engagement et une bonne direction. Je ne connais pas non plus de formule magique pour assurer le succès d'une équipe, mais j'ai acquis une expertise en matière de comportement et de processus d'équipe qui s'applique à toute organisation où des personnes sont appelées à travailler ensemble.
Une équipe et une entreprise de premier plan peuvent apprendre beaucoup l'une de l'autre, mais ce n'est pas une bonne idée de tout copier. 
Lors de mes présentations/ateliers, j'explore avec vous ce qui est utile dans votre contexte spécifique. Quelles sont les idées et les conseils qui apportent une valeur ajoutée aux activités de votre organisation ?"
166;Dominique Baeyens;Speaker;Male;Dutch, French, English;https://readmylips.be/sites/default/files/speakers/Baeyens_Dominique_200123_3.jpg;Dominique Baeyens als spreker op jouw evenement? Neem vrijblijvend contact op met sprekersbureau Read My Lips voor meer informatie.;Dutch;"Entertainment, Sport, Management, Leiderschap &amp; topmanagers, Ondernemen";;Yes;"Wie is Dominique Baeyens?
Dominique Baeyens heeft een indrukwekkend palmares als coach in het professionele volleybal. In zijn 30-jarige carrière behaalde hij negen landstitels, drie bekers en één Europabeker. Hij werd acht keer verkozen als Coach van het jaar en was gedurende vier jaar coach van onze Nationale Volleybalploeg. 
Zijn visie over coaching en teamwork schreef hij neer in het boek Coachen met Gezond Verstand, uitgegeven in 2018.
Dominique is Master in de lichamelijke opvoeding en heeft vanuit die wetenschappelijke achtergrond zijn trainerscarrière opgebouwd.
In zijn presentaties en workshops bespreekt hij de fundamenten van goed teamwork. Geen hoogdravende theorieën, maar een pragmatische visie die leidt tot nuttige tips voor elke organisatie en bedrijf.
“Persoonlijk vind ik dat er vaak lichtzinnig met de termen 'team' en 'teamwork' wordt omgesprongen. We moeten beseffen dat een goed functionerend team er niet zomaar komt. Dat vergt inzet, discipline, betrokkenheid en goed leiderschap. Een toverformule om een team succesvol te maken ken ik evenmin, maar ik heb wel een expertise opgebouwd in teamgedrag en teamprocessen die toepasbaar is in elke organisatie waar mensen geacht worden om samen te werken.
Een topteam en een topbedrijf kunnen veel van elkaar opsteken maar het is geen goed idee om alles zomaar te kopiëren. 
Tijdens mijn presentaties/workshops ga ik samen met jullie op zoek naar wat er nuttig is binnen jullie specifieke context. Welke ideeën en tips zorgen voor een meerwaarde binnen de werking van jullie organisatie.“
 "
839;Dorien Leyers;Moderator;Female;Dutch, French, English;https://readmylips.be/sites/default/files/speakers/Dorien%20Leyers%20%289%29.jpg;Dorien Leyers als moderator op jouw evenement? Neem vrijblijvend contact op met sprekersbureau Read My Lips voor meer informatie!;English;"Current affairs, Media &amp; culture, Technology &amp; innovation";;Yes;"Who is Dorien Leyers?
Having grown up with music and live performance, I have always felt comfortable on stage and backstage. However, I have a strong academic background as I studied culture and languages, which led me to the archives of the city of Valladolid, Spain, where I graduated in history in 2004. The combination of these different worlds made me what I am today. I started working as an event manager in 2006, organising events for Nespresso, Club Med, Orange, Google, Apple, NN Insurance Belgium and many other companies. Over the past 15 years, however, I never lost touch with my life on stage, hosting and moderating (inter)national events for BMW, Umicore, Viabuild, VDAB, Bacardi-Martini, Securitas, ... in Dutch, French, English and Spanish. To be a good event host/moderator, you have to analyse the needs of your clients, understand the content, be flexible, be able to improvise on the spot and put a touch of personality in everything you do."
839;Dorien Leyers;Moderator;Female;Dutch, French, English;https://readmylips.be/sites/default/files/speakers/Dorien%20Leyers%20%289%29.jpg;Dorien Leyers als moderator op jouw evenement? Neem vrijblijvend contact op met sprekersbureau Read My Lips voor meer informatie!;French;Le monde actuel, Médias et culture, Technologie et innovation;;Yes;"Qui est Dorien Leyers ?
Ayant grandi avec la musique et le spectacle vivant, je me suis toujours sentie à l'aise sur scène comme en coulisses. Pourtant, j'ai un solide bagage académique puisque j'ai étudié la culture et les langues, ce qui m'a conduit aux archives de la ville de Valladolid, en Espagne, où j'ai obtenu mon diplôme d'histoire en 2004. La combinaison de ces différents univers fait de moi ce que je suis aujourd'hui. J'ai commencé à travailler comme gestionnaire d'événements en 2006, organisant des événements pour Nespresso, Club Med, Orange, Google, Apple, NN Insurance Belgium et bien d'autres entreprises. Au cours des 15 dernières années, je n'ai cependant jamais perdu le contact avec ma vie sur scène, accueillant et modérant des événements (inter)nationaux pour BMW, Umicore, Viabuild, VDAB, Bacardi-Martini, Securitas, ... en néerlandais, français, anglais et espagnol. Pour être un bon animateur/modérateur d'événements, il faut analyser les besoins de ses clients, comprendre le contenu, être flexible, être capable d'improviser sur place et mettre une touche de personnalité dans tout ce que l'on fait."
839;Dorien Leyers;Moderator;Female;Dutch, French, English;https://readmylips.be/sites/default/files/speakers/Dorien%20Leyers%20%289%29.jpg;Dorien Leyers als moderator op jouw evenement? Neem vrijblijvend contact op met sprekersbureau Read My Lips voor meer informatie!;Dutch;"De wereld vandaag, Media &amp; cultuur, Technologie &amp; innovatie";;Yes;"Wie is Dorien Leyers?
Omdat ik ben opgegroeid met muziek en live entertainment, voel ik me al zo lang als ik me kan herinneren op mijn gemak op het podium, maar ook achter de schermen. Toch heb ik een sterke academische achtergrond omdat ik cultuur en talen heb gestudeerd, wat me naar het stadsarchief van Valladolid - Spanje heeft geleid, waar ik in 2004 mijn diploma geschiedenis heb behaald. De combinatie van deze verschillende werelden maakt mij tot wie ik nu ben. Ik begon in 2006 te werken als eventmanager en organiseerde evenementen voor Nespresso, Club Med, Orange, Google, Apple, NN Insurance Belgium en vele andere bedrijven. In de afgelopen vijftien jaar heb ik echter nooit de voeling met mijn leven op het podium verloren en (inter)nationale evenementen gehost en gemodereerd voor BMW, Umicore, Viabuild, VDAB, Bacardi-Martini, Securitas, ... in het Nederlands, Frans, Engels &amp; Spaans. Een goede host/moderator van een evenement zijn, draait om het analyseren van de behoeften van je klanten, de inhoud begrijpen, flexibel zijn, ter plekke kunnen improviseren en een vleugje persoonlijkheid steken in alles wat je doet."
422;Dries Henau - Yuri Vandenbogaerde;Speaker;Male;Dutch, English;https://readmylips.be/sites/default/files/speakers/Henau_Dries_Vandenbogaerde_Yuri_200124_1_0.jpg;Who are Dries Henau - Yuri Vandenbogaerde?;English;"Marketing &amp; communication, Marketing, Sales &amp; Customer Service, Social Media, PR &amp; Communication, Management, Leadership and Senior Management, Enterprise, Strategy, HR &amp; Wellbeing, Corporate Culture";;Yes;"Who are Dries Henau and Yuri Vandenbogaerde?
Dries Henau and Yuri Vandenbogaerde, who have shared joys and sorrows privately for fifteen years, founded WASBAR in 2012. Three years later, they sold this unique concept - a cross between a snack bar and launderette - to Top Brands, the group that also has the Pizza Hut, Boulangerie Paul and Ellis brands in its portfolio. In 2018, the entrepreneurial couple repeated this feat and put Chez Claire on the map in no time. A year later, they sold this retail concept based on luxury eclairs to patisserie market leader La Lorraine, which today sells the refined pastries in Delhaize stores.
In 2015, Henau and Vandenbogaerde founded the PR agency Ambassy, which they sold to Duval Union in 2019. The PR agency was later renamed MMBSY. In their WASBAR period, the duo also wrote 4 books for their target group: Make a Plan; Mind your Manners; Plan your Holiday, and Fix it Fast. Just in case it wasn't already clear: the two know how to get things done.
Today, 'The Brand Guys' are doing what they like best: developing brands and concepts for companies and giving lectures on entrepreneurship, brand development &amp; storytelling. Dries and Yuri are known for their contemporary take on branding and marketing; both men are in touch with modern society and possess the courage needed to act on their beliefs. Two men from whom everyone can learn something. "
422;Dries Henau - Yuri Vandenbogaerde;Speaker;Male;Dutch, English;https://readmylips.be/sites/default/files/speakers/Henau_Dries_Vandenbogaerde_Yuri_200124_1_0.jpg;Dries Henau en Yuri Vandenbogaerde als sprekers op jouw evenement? Contacteer sprekersbureau Read My Lips vrijblijvend voor meer informatie!;Dutch;"Marketing &amp; communicatie, Marketing, Verkoop &amp; klantenservice, Sociale media, PR &amp; communicatie, Management, Leiderschap &amp; topmanagers, Ondernemen, Strategie, HR &amp; wellbeing, Bedrijfscultuur";;Yes;"Wie zijn Dries Henau en Yuri Vandenbogaerde?
Dries Henau en Yuri Vandenbogaerde, die ook privé al vijftien jaar lief en leed delen, richtten in 2012 WASBAR op. Dit unieke concept - een kruising tussen eetcafé en wasserette - verkochten ze drie jaar later aan Top Brands, de groep die ook de merken Pizza Hut, Boulangerie Paul en Ellis in portefeuille heeft. In 2018 deed het ondernemerskoppel dit huzarenstukje nog eens over en zetten ze in een mum van tijd Chez Claire op de kaart. Dit winkelconcept rond luxe-eclairs verkochten ze een jaar later aan La Lorraine, marktleider in patisserie die de verfijnde gebakjes vandaag aan de man brengt in de Delhaize-winkels.
In 2015 richtten Dries Henau en Yuri Vandenbogaerde pr-bureau Ambassy op, dat ze in 2019 verkochten aan Duval Union. Later kreeg het pr-bureau de naam MMBSY. In hun WASBAR-periode schreef het duo ook nog eens 4 boeken voor hun doelgroep: Trek je plan, Hou je manieren, Trek je plan op vakantie en Snel Gefikst. Moest het nog niet duidelijk zijn: het tweetal weet van aanpakken.
Vandaag doen ’The Brand Guys’ wat ze het liefst doen: merken en concepten ontwikkelen voor bedrijven en lezingen geven rond ondernemerschap, merkontwikkeling &amp; storytelling. Dries en Yuri staan voor een eigentijdse kijk op branding en marketing, twee mannen met een goede feeling voor wat er vandaag leeft en het lef om dat ook waar te maken. Twee mannen van wie iedereen iets kan leren. "
653;Eddie Groenwals;Speaker, Moderator;Male;Dutch, French, English;https://readmylips.be/sites/default/files/speakers/IMG_3214.jpg;Eddie Groenwals als moderator jouw event? Contacteer sprekersbureau Read My Lips en zij maken dit voor jou mogelijk!;English;Current affairs, Economics;;Yes;"Who is Eddie Groenwals?
With a career spanning more than 40 years in journalism, Eddie Groenwals has seen many evolutions in the media world. He began his career in sports editorial at radio and TV at VRT. At the end of 1988, he transferred to VTM to help shape the commercial television channel. After 14 years as a sports reporter, he retrained as a specialist in domestic politics. In 2000, he returned to public broadcasting to become editor-in-chief and producer of various commentary programs such as Terzake and De zevende dag on television or De Ochtend and De Wereld Vandaag on radio. Still, field work did not leave him either and he continued to do news reporting in various fields. 
So Eddie is at home in many fields and especially has a broad view on audiovisual media in general. 
Listen to Eddie Groenwals in our podcast Overmorgen. "
653;Eddie Groenwals;Moderator;Male;Dutch, French, English;https://readmylips.be/sites/default/files/speakers/IMG_3214.jpg;Eddie Groenwals als spreker op jouw event? Contacteer sprekersbureau Read My Lips en zij maken dit voor jou mogelijk!;French;Le monde actuel, Économie;;Yes;"Qui est Eddie Groenwals?
Avec ses plus de 40 années de carrière dans le journalisme, Eddie Groenwals a connu de nombreuses évolutions dans le monde des médias. Il a commencé sa carrière aux rédactions sportives de la radio et de la télévision à la VRT. Fin 1988, il est passé à VTM pour participer à la concrétisation de la télévision commerciale. Après 14 années comme journaliste sportif, il s’est spécialisé et s’est fait un nom en tant que spécialiste en politique intérieure. En 2000, il est retourné à la radiodiffusion publique pour y devenir rédacteur en chef et donc compilateur de différents programmes d’actualités tels que Terzake et De 7de dag à la télévision ou De Ochtend et De Wereld Vandaag à la radio. Cependant, le travail sur le terrain lui disait toujours, et il a continué à dégager du temps pour faire des reportages dans différents domaines. 
Il est donc à l’aise sur de nombreux terrains et a surtout une vision approfondie et une vue d’ensemble des médias audiovisuels. 
 "
653;Eddie Groenwals;Speaker, Moderator;Male;Dutch, French, English;https://readmylips.be/sites/default/files/speakers/IMG_3214.jpg;Eddie Groenwals als moderator jouw event? Contacteer sprekersbureau Read My Lips en zij maken dit voor jou mogelijk!;Dutch;De wereld vandaag, Economie;;Yes;"Wie is Eddie Groenwals?
Met een loopbaan die meer dan 40 jaar overspant in de journalistiek heeft Eddie Groenwals heel wat evoluties in de mediawereld meegemaakt. Hij begon zijn carrière op de sportredacties van radio en tv bij de VRT. Eind 1988 stapte hij over naar VTM om er mee gestalte te geven aan de commerciële televisiezender. Na 14 jaar als sportverslaggever herschoolde hij zich als specialist in binnenlandse politiek. In 2000 keerde hij terug naar de openbare omroep om er eindredacteur en samensteller te worden van verschillende duidingsprogramma’s zoals Terzake en De zevende dag op tv of De Ochtend en De Wereld Vandaag voor de radio. Toch liet ook het veldwerk hem niet los en bleef hij in verschillende domeinen aan nieuwsverslaggeving doen. 
Eddie is op vele terreinen thuis dus en heeft vooral een brede kijk op de audiovisuele media in het algemeen. 
Luister naar Eddie Groenwals in onze podcast Overmorgen. "
139;Eddy Willems;Speaker;Male;Dutch, English;https://readmylips.be/sites/default/files/speakers/Eddy%20Willems.jpg;"Eddy Willems as a speaker about technology or security on your event? Contact speakers&#039; office Read My Lips!";English;"Current affairs, Technology &amp; innovation, ICT &amp; Technology";;Yes;"Who is Eddy Willems?
Eddy studied Computer Science. After graduating, he went to work as a systems analyst and programmer in the commercial sector. As a young programmer, he soon confronted the issue of malware. “One day, I started my PC, but nothing happened. The only thing I saw was a message on the screen, asking me to transfer money to a certain account number. Without realising it at the time, this was my very first experience with ‘ransomware’; programs developed to take your PC hostage and only release it once payment has been made. Thankfully, I was able to overcome the issue in a few minutes and could continue my work without any problems.”
Eddy is now a guru when it comes to internet security and is a director in various organisations. Eddy is currently security evangelist at German security company G DATA CyberDefense. His main task involves spreading the ‘good word’ about anti-malware to the general public. Eddy is an inspirational speaker and presents lectures on cyber issues to all kinds of audiences across the globe, from children to seasoned experts."
139;Eddy Willems;Speaker;Male;Dutch, English;https://readmylips.be/sites/default/files/speakers/Eddy%20Willems.jpg;Eddy Willems als spreker op jouw evenement? Neem vrijblijvend contact op met Read My Lips!;Dutch;"De wereld vandaag, Technologie &amp; innovatie, ICT &amp; technologie";;Yes;"Wie is Eddy Willems?
Eddy studeerde computerwetenschappen. Na zijn studies ging hij aan de slag als systeemanalist en programmeur in de bedrijfswereld. Als jonge programmeur kwam hij snel in aanraking met malware. “Op een dag startte ik mijn pc, maar er gebeurde helemaal niets. Er was alleen een scherm te zien waarop stond dat je geld moest storten op een bepaald rekeningnummer. Zonder het te beseffen had ik kennisgemaakt met de eerste ‘ransomware’, programma’s ontwikkeld om je pc te gijzelen en slechts na betaling weer vrij te laten. Gelukkig had ik het probleem in enkele minuten omzeild en konden we ongehinderd voortwerken.”
Nu is Eddy een goeroe inzake veiligheid op het internet en zetelt hij als directeur in diverse organisaties. Eddy is momenteel security evangelist bij het Duitse beveiligingsbedrijf G DATA CyberDefense. Zijn voornaamste taak is om de ‘blijde antimalware-boodschap’ te verspreiden bij het grote publiek. Eddy is een inspirerende spreker en geeft wereldwijd lezingen over cyberproblemen voor elk soort publiek, van kinderen tot experten.
Luister naar Eddy Willems in onze podcast Overmorgen. "
877;Eline De Munck;Moderator;Female;Dutch, English;https://readmylips.be/sites/default/files/speakers/DSC_1542zwcrop.jpg;"Eline De Munck as a moderator on your event? Contact the speakers&#039; office Read My Lips for more information.";English;"Marketing &amp; communication, Entertainment, Management";;Yes;"Who is Eline De Munck?
Eline De Munck was a face on television for more than 15 years, and around seven years ago she set up the Belgian eyewear brand, Odette Lunettes. Eline is still the managing director of the brand, which is now distributed in more than 16 countries. In addition, she has had her own clothing line, and she still participates in many TV shows, performs in theatre shows and musicals and gives keynotes and company presentations several times a week."
877;Eline De Munck;Moderator;Female;Dutch, English;https://readmylips.be/sites/default/files/speakers/DSC_1542zwcrop.jpg;Eline De Munck als moderator op jouw evenement? Neem vrijblijvend contact op met sprekersbureau Read My Lips voor meer informatie.;Dutch;"Marketing &amp; communicatie, Entertainment, Management";;Yes;"Wie is Eline De Munck?
Eline De Munck werkte meer dan 15 jaar als gezicht voor televisie en richtte 7 jaar geleden het Belgische brillenmerk Odette Lunettes op. Eline is nog steeds zaakvoerder van het merk, dat intussen in meer dan 16 landen verdeeld wordt. Daarnaast heeft ze ook haar eigen kledinglijn gehad en werkt ze nog steeds mee aan talloze tv-shows, treedt ze op in theatershows en musicals en geeft ze meermaals per week keynotes en bedrijfspresentaties."
171;Eline De Munck - Bob Geraets;Speaker;Female;Dutch, English;https://readmylips.be/sites/default/files/speakers/Demunck_Eline_200405_foto3_1000.jpg;Who are Eline De Muynck and Bob Geraerts?;English;Management, Enterprise, Strategy;;Yes;"Who are Eline De Munck and Bob Geraets?
Eline De Munck and Bob Geraets got to know each other at JIM, which is a youth broadcaster owned by Medialaan. Eline is an actress and singer, and worked there as a presenter, while Bob worked as chief editor and director. In 2015, they channelled all their efforts into their entrepreneurial activities and founded a eyewear brand called Odette Lunettes.
It was a journey into the unknown but, thanks to their passion, creativity and drive, the brand quickly developed into a leading label that is also doing well at international level. It has certainly been exciting, and that's the way they like it. They started their business without investors, and with only their personal savings. If they failed, they would lose everything. They were well aware of that. But they made a conscious decision to set off on this adventure and to learn all the lessons that came with it. Eline De Munck and Bob Geraets are true entrepreneurs. But their young enterprise has been a real learning experience. How can you be a successful entrepreneur these days? Bob and Eline tell a remarkable and inspirational story about suffering many setbacks but always getting up again, about the need for a fresh perspective and about entrepreneurship 2.0."
171;Eline De Munck - Bob Geraets;Speaker;Female;Dutch, English;https://readmylips.be/sites/default/files/speakers/Demunck_Eline_200405_foto3_1000.jpg;Eline De Muynck en Bob Geraerts als sprekers op jouw evenement? Contacteer sprekersbureau Read My Lips voor meer informatie!;Dutch;Management, Ondernemen, Strategie;;Yes;"Wie zijn Eline De Munck en Bob Geraets?
Eline De Munck en Bob Geraets hebben elkaar leren kennen in de coulissen van JIM, de jongerenzender van Medialaan. Actrice en zangeres Eline werkte er als presentatrice, Bob als eindredacteur en regisseur. In 2015 kozen ze voluit voor het ondernemerschap en startten het brillenmerk Odette Lunettes op.
Een stap in het donker, maar door hun passie, creativiteit en gedrevenheid is het merk in korte tijd uitgegroeid tot een kwaliteitslabel dat ook internationaal scoort. Spannend is het in elk geval, en dat vinden ze goed. Ze hebben hun zaak opgestart zonder investeerders, alleen met eigen spaarcenten. Als het niet lukt zijn ze alles kwijt. Dat weten ze. Maar ze hebben bewust gekozen voor het avontuur en voor de levenslessen die bij zo’n avontuur horen. Eline De Munck en Bob Geraets zijn ondernemers pur sang. Maar hun beginnend ondernemerschap was een harde leerschool. Succesvol ondernemen, hoe je dat vandaag? Bob en Eline brengen een opmerkelijk en inspirerend verhaal over vaak vallen en altijd weer opstaan, over de noodzaak van een frisse kijk en over ondernemerschap 2.0."
174;Elke Geraerts;Speaker;Female;Dutch, English;https://readmylips.be/sites/default/files/speakers/Geeraerts_elke_200402_foto2_1000.jpg;"Elke Geraerts as a speaker on your event? Contact the speakers&#039; office Read My Lips for more information.";English;"Management, Leadership and Senior Management, Enterprise, HR &amp; Wellbeing, Corporate Culture, Work/Life Balance, Technology &amp; innovation, Innovation &amp; Trends, ICT &amp; Technology, Creativity";;Yes;"Who is Elke Geraerts?
""We must renew our focus on what makes humans so unique - our brain."" Psychologist Elke Geraerts believes this is the only way for us to be the best version of ourselves. One in four working Belgians suffers from burnout or is in the danger zone. But there is no need to panic, because our brain can be trained in the same way as muscles: body building for your brain, if you like.
Elke's speciality is the unique way in which she translates new psychological insights into fresh and accessible day-to-day applications. Her keynotes are not clinical lectures but practical workshops in which she inspires and challenges participants. She offers tips and tricks that you can immediately implement in your company or organisation. Would you like to know more about how to reinforce mental resilience in your company? Would you like to take control of your (professional) life? Or would you like to learn new survival techniques for our digital world? Elke Geraerts can get you started..."
174;Elke Geraerts;Speaker;Female;Dutch, English;https://readmylips.be/sites/default/files/speakers/Geeraerts_elke_200402_foto2_1000.jpg;Elke Geraerts als spreker op jouw evenement? Neem vrijblijvend contact op met sprekersbureau Read My Lips voor meer informatie!;Dutch;"Management, Leiderschap &amp; topmanagers, Ondernemen, HR &amp; wellbeing, Bedrijfscultuur, Balans werk/leven, Technologie &amp; innovatie, Innovatie &amp; trends, ICT &amp; technologie, Creativiteit";;Yes;"Wie is Elke Geraerts?
""We moeten opnieuw inzetten op wat ons als mens uniek maakt, en dat is ons brein."" Psychologe Elke Geraerts is ervan overtuigd dat we alleen zo de beste versie van onszelf kunnen worden. Eén op de vier werkende Belgen heeft momenteel een burn-out of zit in de gevarenzone. Dat is geen reden voor paniek, want ons brein kan getraind worden als een spier, fitness voor je hersens, zeg maar.
Hét handelsmerk van Elke is de unieke manier waarop ze nieuwe psychologische inzichten vertaalt naar frisse en toegankelijke day-to-day toepassingen. Haar keynotes zijn geen droge lezingen maar praktische workshops waarin ze inspireert en uitdaagt. Ze reikt ook tips en tricks aan die je meteen binnen je bedrijf of organisatie kunt toepassen. Wil je meer weten over hoe je de hefbomen van mentale veerkracht in jouw bedrijf kunt versterken? Wil je het roer van je eigen (beroeps)leven in handen nemen? Of wil je nieuwe survivaltechnieken leren voor onze digitale wereld? Elke Geraerts zet je op weg ...
Luister naar Elke Geraerts in onze podcast Overmorgen. "
145;Erika Van Tielen;Moderator;Female;Dutch, French, English;https://readmylips.be/sites/default/files/speakers/VanTielen_erika_200402_foto1_1000.jpg;Who is Erika Van Tielen?;English;Entertainment, Management;;Yes;"Who is Erika Van Tielen?
Erika was just 19 and still studying Communication Science at the Catholic University of Leuven when she was given the chance to join children’s channel Ketnet as a wrapper. Over 10 years later, she is a familiar face in the Flemish media landscape. For instance, she has been a presenter for VTM, travelled around the world for travel programme Vlaanderen Vakantieland and hosted various radio programmes for Qmusic and Studio Brussel. These days she is a fully fledged actor, in programmes such as Familie. She also features in commercials and writes about her life and parenting experiences on her blog, erikavantielen.be.
But presenting live on stage remains her biggest passion. Erika is always perfectly prepared and ensures a well-balanced mix between seriousness and spontaneity. “The better you know what you’re talking about, the better you can improvise; and that’s what I love. My ultimate goal is to make everything appear easy, so people think I am making things up as I go along.” &lt;laughs&gt;"
145;Erika Van Tielen;Moderator;Female;Dutch, French, English;https://readmylips.be/sites/default/files/speakers/VanTielen_erika_200402_foto1_1000.jpg;Erika Van Tielen als moderator op jouw evenement? Neem vrijblijvend contact op met sprekersbureau Read My Lips voor meer informatie!;French;Divertissement, Management;;Yes;"Qui est Erika Van Tielen ?
Erika avait à peine 19 ans et étudiait encore les sciences de la communication à la KUL lorsqu'elle a eu l'occasion de travailler comme wrapper pour Ketnet. Plus de dix ans plus tard, elle est un nom bien établi dans le monde des médias flamands. Elle a notamment été animatrice à VTM, a parcouru le monde pour Vlaanderen Vakantieland et a présenté divers programmes sur Qmusic et Studio Brussel. Aujourd'hui, elle joue beaucoup, notamment dans Familie. Elle lit des publicités et écrit sur sa vie et sa maternité sur son blog erikavantielen.be.
Mais la présentation en direct reste sa première et sa plus grande passion. Erika est toujours parfaitement préparée et offre une combinaison équilibrée de sérieux et de spontanéité. ""Plus on connaît le sujet, plus on peut improviser, et c'est ce que j'aime. Mon but ultime est de faire en sorte que tout ait l'air si facile qu'on ait l'impression que j'y ai pensé sur le champ"". (rires)"
145;Erika Van Tielen;Moderator;Female;Dutch, French, English;https://readmylips.be/sites/default/files/speakers/VanTielen_erika_200402_foto1_1000.jpg;Erika Van Tielen als moderator op jouw evenement? Neem vrijblijvend contact op met sprekersbureau Read My Lips voor meer informatie!;Dutch;Entertainment, Management;;Yes;"Wie is Erika Van Tielen?
Erika was amper 19 en nog studente Communicatiewetenschappen aan de KUL, toen ze bij Ketnet aan de slag mocht als wrapper. Ruim 10 jaar later is ze een gevestigde waarde in de Vlaamse mediawereld. Ze was onder meer omroepster bij VTM, reisde de wereld rond voor Vlaanderen Vakantieland en praatte verschillende programma’s aan elkaar op Qmusic en Studio Brussel. Tegenwoordig acteert ze volop, onder meer in Familie. Ze leest reclamespots in en schrijft over haar leven en het moederschap op haar blog erikavantielen.be.
Toch blijft live presenteren haar eerste en grootste liefde. Erika is altijd perfect voorbereid en zorgt voor een evenwichtige combinatie van sérieux en spontaniteit. “Hoe beter je de materie kent, hoe meer je kan improviseren en daar hou ik wel van. Mijn ultieme doel is om het allemaal zo easy te laten overkomen dat het lijkt alsof ik het ter plekke aan het bedenken ben.” (lacht)"
598;Etienne de Callataÿ;Speaker;Male;Dutch, French, English;https://readmylips.be/sites/default/files/speakers/deCallatay_Etienne_200129_2.png;Etienne de Callataÿ comme orateur à votre évènement ? Contactez Read My Lips, notre bureau d’orateurs spécialisés !;French;Économie;;Yes;"Qui est Etienne de Callataÿ
          
  

















  



        
    
                  Spécialiste des finances publiques, habitué de décrypter les questions socio-économiques.
Vulgariser : un service rendu à la collectivité
""Je suis une sorte de journaliste de luxe""
Etienne de Callataÿ (1962) n'a pas son pareil pour décortiquer l'actualité socio-économique. Fréquemment sollicité par les médias, vous connaissez certainement son visage et sa voix. Tax-shift fédéral, réforme des pensions, fluctuation de la zone euro, crise grecque, ... quel que soit le sujet et sa complexité, il veille à décrypter de façon intelligible, sans jargon excessif. S'il aime convaincre, il cherche surtout à élever le débat intellectuel. Sa tasse de thé ? L'équilibrage entre préoccupations sociales et économie de marché.
Socio-économie
Etienne de Callataÿ (1962) passe son enfance dans la périphérie bruxelloise mais choisit Namur pour ses études supérieures. En candis, il cumule sciences politiques et sciences économiques, puis opte pour l'économie en licences. Vu que le débat politique le passionne, quoi de mieux selon lui qu'une bonne compréhension des questions économico-financières pour le cerner? En 1986, il peaufine ses études à la London School of Economics.
Institutionnel
Son premier job sera la Banque Nationale, en 1987. Il y travaille au services d'études, dans la cellule finances publiques. ""Pendant cinq ans, j'y ai appris le goût de l'excellence car à la Banque Nationale, il ne fallait pas écrire vite, il fallait écrire juste !"". Ce poste lui offre aussi la possibilité de développer des proximités avec le monde politique et les institutions internationales. Il quitte d'ailleurs Bruxelles en 1992 pour Washington, où il intègre le FMI et le département de dépenses publiques, en particulier la division en charge des pays industrialisés. Il y fait également de nombreuses missions d'assistance technique, dans des pays en développement.
Cabinet politique
En 1996, le cabinet Dehaene recherche un chef de cabinet adjoint, francophone et au profil d' économiste. Etienne est candidat mais manque de soutien politique. A Washington, il rencontre Philippe Maystadt, alors Ministre des Finances. Le PSC accepte de l'adouber, il obtient le poste. Ce sera au final une expérience extrêmement enrichissante même si, politiquement, elle fut assez difficile. Car le contexte est singulier. Déjà les grandes reformes du gouvernement Dehaene (plan global, indice santé, pensions,...) sont passées et la coalition est désormais davantage préoccupée à se neutraliser. Mais ce sont surtout les années Dutroux et la crise de la dioxine. En 1999, le CD&amp;V perd les élections, et avec lui le PSC.
Private Banking
Plutôt que de travailler pour une autre famille politique ou retourner à Washington, Etienne postule dans le secteur privé. La Banque Degroof l'engage comme Chief Economist et il y devient membre du comité de direction. Il y est aussi responsable d'une équipe d'analystes financiers. Mais il apprécie particulièrement son rôle de communiquant, tant en interne, que vers l'extérieur. En 2015, une fin sera mise à cette collaboration avec Degroof pour retourner à l'enseignement académique. Mais au printemps de 2016 nous retrouvons Etienne au berceau d’ Orcadia Asset Management, le gestionnaire de patrimoine tout neuf, dont il est aussi bien Président que Chief Economist.
Parler vrai!
Etienne de Callataÿ aime vulgariser les questions socio-économiques. Au travers de blogs, via les médias, lors des cours qu'il donne à l'université de Namur ou lors de conférences, il cherche sans cesse à expliquer, décrypter, convaincre. Et contribuer ainsi à l'animation du débat intellectuel. ""Modestement, de la sorte, je tente de rendre service à la collectivité."""
146;Etienne de Callataÿ;Speaker;Male;Dutch, French, English;https://readmylips.be/sites/default/files/speakers/Decallatay_Etienne_200405_foto2_1000.jpg;Who is Etienne de Callataÿ?;English;Economics;;Yes;"Who is Etienne de Callataÿ?
Etienne is particularly good when it comes to explaining economic and financial cases. He is mainly invited by French-speaking media to explain the economic climate, socio-economic policy, public finances and events within the Euro zone and elsewhere in the world. No matter what the subject is, he looks for an understandable explanation without using academic or financial jargon. He also likes debating and tries to use his well-informed contributions to improve the standard of discussions. He is particularly fascinated by how the free-market economy can be combined with social provision for the population."
146;Etienne de Callataÿ;Speaker;Male;Dutch, French, English;https://readmylips.be/sites/default/files/speakers/Decallatay_Etienne_200405_foto2_1000.jpg;Wie is Etienne de Callataÿ?;Dutch;Economie;;Yes;"Wie is Etienne de Callataÿ?
Etienne is bijzonder goed onderlegd om economische en financiële dossiers uit te leggen. Hij wordt vooral in de Franstalige media uitgenodigd omtrent de economische conjunctuur, het socio-economische beleid, de openbare financiën en de spanningen en aardverschuivingen binnen de Eurozone of op wereldvlak. Wat het onderwerp ook is, hij zoekt naar een begrijpbare verklaring, zonder academisch of beursjargon te gebruiken. Bovendien gaat hij graag in debat en probeert hij de conversatie met zijn inhoudelijke inbreng naar een hoger niveau te tillen. Hij is bijzonder gefascineerd door het samengaan van de vrije markteconomie met de sociale voorzorg voor de bevolking."
149;Eva Daeleman;Speaker;Female;Dutch, English;https://readmylips.be/sites/default/files/speakers/Daeleman_eva_200405_foto1.jpg;Who is Eva Daeleman?;English;"Current affairs, Sustainability &amp; Climate, Society &amp; Diversity, Philosophy, Religion and Spirituality, Media &amp; culture, Arts &amp; Culture, Media, Entertainment, Leisure, Travel, HR &amp; Wellbeing, Work/Life Balance";;No;"Who is Eva Daeleman?
Eva started working for MNM radio when she was 19, and her television career took off two years later. She had enough money in the bank and a great boyfriend. In short, everything you need to be happy. But things weren’t quite that simple. She suffered a burnout and her life was cast into darkness. This was the turning point; the moment when she had to rearrange her whole life. It wasn’t easy, but many bruises, tears and scars later, a new Eva appeared. She now works as a yoga teacher, awareness coach, reiki master, entrepreneur and speaker. In her lectures, she shares her insights and vision concerning resilience, a more aware lifestyle, vulnerability and … how you can become a bit wiser every day.
Eva has lived by the seaside since 2019. Together with her husband Stijn, she set up a project called Elke Dag Vakantie (‘every day is a holiday’): this involves a popular podcast, online courses and inspiration weekends. Because life is too short to be counting down to the weekend. She wrote a book called Woman Up, about using your female strength in life, and continues to look for the life that is in keeping with the person she is today. She uses a dose of humour to share the story of her search on stage, on her Instagram page and during her work as coach and yoga teacher."
149;Eva Daeleman;Speaker;Female;Dutch, English;https://readmylips.be/sites/default/files/speakers/Daeleman_eva_200405_foto1.jpg;Wie is Eva Daeleman?;Dutch;"De wereld vandaag, Duurzaamheid &amp; klimaat, Samenleving &amp; diversiteit, Filosofie, religie &amp; spiritualiteit, Media &amp; cultuur, Kunst &amp; cultuur, Media, Entertainment, Vrije tijd, Reizen, HR &amp; wellbeing, Balans werk/leven";;No;"Wie is Eva Daeleman?
Op haar 19de begon Eva voor MNM te werken, twee jaar later schoot haar televisiecarrière uit de startblokken. Ze had een volle bankrekening en een tof lief. Kortom, alles om gelukkig te zijn. Maar zo eenvoudig bleek het niet te gaan. Ze belandde in een burn-out, haar leven zag er zwarter dan zwart uit. Het werd een omslagpunt om de zaken, haar leven anders aan te pakken. Dat ging niet vanzelf, maar vele blauwe plekken, huilbuien en littekens later is er een andere Eva. Ze is nu actief als yogalerares, bewustzijnscoach, reiki-master, ondernemer en spreekster. In haar lezingen deelt ze haar inzichten over en visie op veerkracht, op bewuster leven, op kwetsbaarheid en … op hoe je elke dag wat levenswijzer kunt worden.
Sinds 2019 woont Eva aan zee. Samen met haar man Stijn startte ze het project Elke Dag Vakantie: een populaire podcast, online courses en inspiratieweekends. Omdat het leven te kort is om af te tellen naar het weekend. Ze schreef Woman Up, over leven vanuit je vrouwelijke kracht en blijft zoeken naar een leven dat past bij wie ze vandaag is. Die zoektocht deelt ze met een knipoog op het podium, haar Instagrampagina en tijdens haar werk als coach en yogaleerkracht."
970;Eveline De Ridder;Speaker;Female;Dutch;https://readmylips.be/sites/default/files/speakers/Eveline%20de%20Ridder%20001%20kopi%C3%ABren.jpg;Eveline De Ridder als spreker op jouw evenement? Neem vrijblijvend contact op met sprekersbureau Read My Lips voor meer informatie.;Dutch;"Marketing &amp; communicatie";;Yes;"Wie is Eveline De Ridder?
Eveline De Ridder heeft meer dan 20 jaar expertise in reputatiemanagement en crisiscommunicatie voor bedrijven. In 2008 richtte ze samen met 3 andere 'partners in crime' het communicatieagentschap Whyte Corporate Affairs op, dat de afgelopen jaren in relatief korte tijd uitgegroeide tot de absolute marktleider in België met betrekking tot onder meer bedrijfscommunicatie, public affairs, issue management en crisiscommunicatie. Eveline is een ervaren en enthousiaste spreker over alle Corporate Affairs-gerelateerde onderwerpen. Als auteur van het boek ""Communiceren als het (nog niet) brandt"" wil ze vooral het crisisbewustzijn bij bedrijven verhogen."
915;Evy Gruyaert;Speaker, Moderator;Female;Dutch;https://readmylips.be/sites/default/files/speakers/start%20to%20feel%20great%20%40stefaniefaveere%20%20088%20zw.png;Evy Gruyaert als spreker of moderator op jouw evenement? Neem vrijblijvend contact op met sprekersbureau Read My Lips voor meer informatie.;Dutch;"Media &amp; cultuur, Media, Entertainment, MVO (Maatschappelijk verantwoord ondernemen), HR &amp; wellbeing, Balans werk/leven";;Yes;"Wie is Evy Gruyaert?
Evy Gruyaert is een echt mediabeestje. Ze studeerde Vertaler-Tolk, maar ontdekte later dat media haar ideale biotoop zijn. Ze begon bij Radio Donna, de voorloper van MNM, en presenteerde er meer dan 10 jaar lang allerlei radioprogramma's. Tegelijkertijd was ze ook een vaste waarde bij tv-zender Eén, waar ze onder meer De Rode Loper, Vlaanderen Vakantieland, De Mia's, de Kom op tegen Kanker Show, De Thuisploeg, Zoo of Love, Topstarter en Vlaanderen Sportland presenteerde. Uit dat laatste programma groeide het sportieve luik rond ‘Start 2 Run', de populaire app die beginnende én geoefende lopers op een positieve manier ondersteunt in hun opbouw naar een bepaald aantal kilometers. Van 5 km tot een heuse marathon en alles daartussen. Ook Nederland viel voor de charmes van deze Vlaamse stem via de app 'Hardlopen met Evy'. Als Yoga teacher ontwikkelde ze samen met Energy Lab ook nog de ‘Yoga met Evy’-app, waarmee ze ook reeds vele Vlamingen op de yogamat kreeg. Naast het pure bewegen focust Evy intussen ook op de andere zaken die ervoor zorgen dat je je als mens goed in je vel voelt. Een gezonde geest in een gezond lichaam, weet je wel? 
Op tv is Evy sinds haar overstap naar Vier in 2013 intussen al te zien geweest in 'Hoeveel ben je waard' en 'de val van 1 miljoen', daarnaast presenteerde ze op Nostalgie 2 jaar lang radio én is ze ook al 7 jaargangen lang de Host van het Vier-programma Stukken van Mensen, waar ze samen met de kunstdealers al 7 seizoenen lang leuke deals sluit met al even leuke stukken én mensen. Ze heeft ook haar eigen juwelencollectie Malice Boutique, een Belgische love brand, 100% made in Belgium, met de superkrachten van halfedelstenen, in zilver en verguld én met opnieuw die typische knipoog. Inclusief empowering quotes en een occasionele f*ck it want het leven is niet altijd 'a walk in the park', right? 
Haar nieuwste wapenfeit is het boek Start to feel great, een soort leesbare doos tiktakjes waar je uit kan putten om zo leuk en fijn mogelijk écht jezelf te kunnen zijn. Dat kleine duwtje in de rug dat je van 0 naar 1 kan brengen.... Niet belerend, wel empowering, positief, inspirerend en echt, met twee voeten in het leven, onderbouwd door de wetenschappelijke achtergrond van 7 experten op het vlak van mind, body, voeding, slaap, geuren, kleuren en stem.
Bekijk nu ook het wellbeingtraject Start to feel great met Evy waarmee je een welbeing traject op maat kan kiezen met de 7 experten die Evy bij elkaar verzamelde in haar boek. "
865;Fien Sabbe;Speaker, Moderator;Female;Dutch, English;https://readmylips.be/sites/default/files/speakers/Fien%20Sabbe%20%2812%29.jpg;"Fien Sabbe as a speaker or moderator on your event? Contact the speakers&#039; office Read My Lips for more information.";English;"Current affairs, Law, Media &amp; culture, Arts &amp; Culture";;Yes;"Who is Fien Sabbe?
After studying law and theatre sciences at KU Leuven (Catholic University of Louvain), Fien Sabbe moved to Newcastle to study and work for several months. Upon her return, she started working for the public broadcaster, VRT. For some years, her voice could be heard every day on Radio Donna. She subsequently moved to Radio 1. 
On TV, meanwhile, she presented popular talk shows on Sunday afternoons. In 1994, Fien became the first woman to provide support for the TV sport team. She later became the face of the cultural magazine ‘L!nk on Canvas’. She hosted the festive presentation of the Golden Owl Literature Prize for ten years. 
Fien also hosted the Flanders-Ghent International Film Festival for many years. She taught presentation as a subject at the Herman Teirlinck Institute for a long time. For De Morgen, she carried out portrait interviews for Zeno, the weekend supplement.  
In 2013, Fien embarked on a new adventure. She became a lawyer mediator, specialising in juvenile and family law. She has also been a deputy justice of the peace in Ghent since 2020.  
Today she continues to present and moderate for a live audience. Fien was one of the founders of the high-profile literary programme UitRead, which she still moderates. She is a much sought-after speaker at authors' meetings, and manages debates on the most diverse topics in smoothly skilful manner with considerable flair. Her well-known radio voice can be heard regularly in documentaries, audio guides, advertisements and corporate videos.     
 "
865;Fien Sabbe;Speaker, Moderator;Female;Dutch, English;https://readmylips.be/sites/default/files/speakers/Fien%20Sabbe%20%2812%29.jpg;Fien Sabbe als spreker of moderator op jouw evenement? Neem vrijblijvend contact op met sprekersbureau Read My Lips!;Dutch;"De wereld vandaag, Recht, Media &amp; cultuur, Kunst &amp; cultuur";;Yes;"Wie is Fien Sabbe?
Fien Sabbe trok na haar studies rechten en theaterwetenschappen aan de KU Leuven enkele maanden naar Newcastle om er te studeren en te werken. Na haar terugkeer ging ze aan de slag bij de openbare omroep, de VRT. Jarenlang was ze een dagelijkse stem bij Radio Donna. Nadien verhuisde ze naar Radio 1. 
Op tv presenteerde ze ondertussen praatprogramma’s als 1 voor iedereen op zondagnamiddag. Ze versterkte in 1994 als eerste vrouw de tv-sportdienst. Later werd ze het gezicht van het culturele magazine L!nk op Canvas. Ze leidde tien jaar lang de feestelijke uitreiking van De Gouden Uil Literatuurprijs in goede banen. 
Ze was ook vele jaren de gastvrouw van het Internationaal Filmfestival van Vlaanderen-Gent. Aan het Herman Teirlinck Instituut doceerde ze lange tijd het vak presentatie. Voor De Morgen maakte ze portretinterviews voor Zeno, de weekendbijlage.  
In 2013 begon ze aan een nieuw avontuur. Ze werd advocaat/bemiddelaar, gespecialiseerd in jeugd- en familierecht. Sedert 2020 is ze ook plaatsvervangend vrederechter in Gent.  
Vandaag blijft ze volop presenteren en modereren voor een live publiek. Ze stond mee aan de wieg van het spraakmakende literaire programma Uitgelezen, dat ze nog steeds modereert. Ze is een veelgevraagde gesprekspartner bij auteursontmoetingen en leidt met vlotte flair debatten over de meest uiteenlopende onderwerpen in goede banen. Haar gekende radiostem laat zich regelmatig horen in documentaires, audioguides, reclame en bedrijfsfilms.     
 "
855;Filip De Rycke;Moderator;Male;Dutch, French, English;https://readmylips.be/sites/default/files/speakers/Filip%20De%20Rycke%20%282%29.jpg;"Filip De Rycke as a moderator on your event? Contact the speakers&#039; office Read My Lips for more information.";English;"Current affairs, Media &amp; culture, Technology &amp; innovation, Innovation &amp; Trends";;Yes;"Who is Filip De Rycke?
Filip has been a journalist for more than 20 years, 15 of which as head of news, political analyst and news anchor at BRUZZ, Flemish-Brussels Media. Fully bilingual (Dutch/French), Filip is also a much sought-after Brussels expert with the French-speaking media (LN24, RTBF and BX1). Consequently, he is entirely in touch with the sensitivities that exist on both sides of the linguistic divide. Communication expert and professional presenter, moderator and master of ceremonies, Filip hosts many live/hybrid events for EBP, FPS Public Health, IrisCare, the Brussels Region and BNP Paribas Fortis, among others. With his radio and television experience, you can also rely on Filip to present pod and vodcasts. His boyish curiosity and his no-nonsense approach invariably produce memorable highlights. Filip is also an award-winning documentary maker. In 2007, he won the National Geographic Travel Prize at the Trento Film Festival (It.) with ""Swept Away, adrift between Alaska &amp; Siberia"". The film tells the story of the late polar explorer Dixie Dansercoer’s expedition to the Bering Srait."
855;Filip De Rycke;Moderator;Male;Dutch, French, English;https://readmylips.be/sites/default/files/speakers/Filip%20De%20Rycke%20%282%29.jpg;Filip De Rycke comme modérateur à votre évènement ? Contactez Read My Lips, notre bureau d’orateurs spécialisés !;French;Le monde actuel, Médias et culture, Technologie et innovation, Innovation et tendances;;Yes;"Qui est Filip De Rycke ?
Filip est journaliste depuis plus de 20 ans. Il travaille notamment depuis 15 ans en tant que rédacteur en chef, analyste politique et présentateur du journal chez BRUZZ, le média flamand et bruxellois. Parfait bilingue (néerlandais/français), Filip est un expert de l’actualité bruxelloise largement sollicité par les médias francophones (LN24, RTBF et BX1). Il connait ainsi mieux que quiconque les sensibilités qui règnent de part et d’autre de la frontière linguistique. Expert en communication et présentateur professionnel, modérateur et Master of Ceremony, Filip anime de nombreux évènements en direct/hybrides, notamment pour EBP, le SPF Santé publique, IrisCare, la Région de Bruxelles-Capitale ou encore BNP Paribas Fortis. Fort de son expérience dans la radiodiffusion et la télévision, Filip est également un présentateur de choix pour des podcasts et vodcasts. Avec sa curiosité espiègle et son approche pragmatique, le public ne peut que passer un bon moment. Filip est également un réalisateur de documentaires primé. En 2007, son documentaire « Swept Away, adrift between Alaska and Siberia » a remporté le National Geographic Travel Prize lors du festival du film de Trente (Italie). Ce documentaire retrace l’histoire de l’expédition du Détroit de Béring de l’explorateur polaire Dixie Dansercoer."
855;Filip De Rycke;Moderator;Male;Dutch, French, English;https://readmylips.be/sites/default/files/speakers/Filip%20De%20Rycke%20%282%29.jpg;Filip De Rycke als moderator op jouw evenement? Neem vrijblijvend contact op met sprekersbureau Read My Lips voor meer informatie.;Dutch;"De wereld vandaag, Media &amp; cultuur, Technologie &amp; innovatie, Innovatie &amp; trends";;Yes;"Wie is Filip De Rycke?
Filip is meer dan 20 jaar journalist, waarvan 15 chef nieuws, politiek analist en nieuwsanker bij BRUZZ, de Vlaams-Brusselse Media. Als perfecte tweetalige (N/F) is Filip ook een veel gevraagde Brussel-expert bij de Franstalige media (LN24, RTBF en BX1). Daardoor kent hij als geen ander de gevoeligheden die leven aan beide kanten van de taalgrens.
Als communicatie-expert en professioneel presentator, moderator en Master of Ceremony host Filip tal van live/hybride events voor onder meer EBP, FOD Volksgezondheid, IrisCare, Het Brussels Gewest of nog BNP Paribas Fortis. Met zijn radio- en televisie-ervaring kan je bij Filip ook aankloppen voor het presenteren van pod -en vodcasts. Zijn jongensachtige nieuwsgierigheid, zijn no-nonsense aanpak zorgen steevast voor fijne momenten.
Filip is ook een Award Winning documentairemaker. In 2007 won hij met “Swept Away, adrift between Alaska &amp; Siberia” de National Geographic Travel Prize op het Filmfestival van Trento (It.). De film vertelt het verhaal over de Beringstraat Expeditie van de overleden poolreiziger Dixie Dansercoer."
527;Filip Meert;Speaker;Male;Dutch;https://readmylips.be/sites/default/files/speakers/Meert_Filip_200124_1.jpg;Who is Filip Meert?;English;Current affairs, Law;Non-profit;No;"Who is Filip Meert?
After blatant mistakes by the police force and courts, Filip spent four years in prison as an innocent man. He later worked with investigative journalist Wim Van den Eynde to pen this mind-blowing story in his book, De bloedkamer (the blood chamber). During this lecture, the speaker explains how he ended up in this nightmare and how the incompetence of several government officials ruined his life. His tale is about randomness and negligence, and the powerlessness that normal citizens feel when they find themselves in such situations. Nonetheless, his story is one of great hope. Thanks to his amazing inner strength, he has recovered as a person and wants to share his experience with the audience."
527;Filip Meert;Speaker;Male;Dutch;https://readmylips.be/sites/default/files/speakers/Meert_Filip_200124_1.jpg;Filip Meert als spreker op jouw evenement? Neem vrijblijvend contact op met sprekersbureau Read My Lips.;Dutch;De wereld vandaag, Recht;Non-profit;No;"Wie is Filip Meert?
Filip heeft door flagrante dwalingen van politie en gerecht vier jaar lang onschuldig in de gevangenis gezeten. Samen met onderzoeksjournalist Wim Van den Eynde schreef hij dit hallucinante verhaal neer in De bloedkamer. Deze spreker vertelt in zijn lezing hoe hij in die nachtmerrie terechtkwam en hoe de onbekwaamheid van een aantal overheidsfunctionarissen zijn leven ruïneerde. Het gaat over willekeur, nalatigheid en de machteloosheid van gewone burgers die hieraan ten prooi vallen. Toch is zijn verhaal ook enorm hoopvol. Dankzij zijn ongelofelijke innerlijke kracht staat Filip er opnieuw als mens en wil hij met zijn publiek delen wat hem overkomen is."
903;Filip Muyllaert;Speaker;Male;Dutch, English;https://readmylips.be/sites/default/files/speakers/Filip%20Muyllaert-.jpg;"Filip Muyllaert as a speaker on your event? Contact the speakers&#039; office Read My Lips for more information.";English;"Marketing &amp; communication, Management, HR &amp; Wellbeing";;Yes;"Who is Filip Muyllaert?
Filip Muyllaert is a presentation strategist and professional keynote speaker who captivates audiences worldwide. Over the years, Filip has received wide acclaim for his highly inspiring and surprising speeches and the lasting impact they have had on his audience. This master storyteller boasts two specific topics of expertise: motivational speeches on the one hand, and keynotes that focus on inspiring leadership communication on the other. As a presentation strategist, Filip Muyllaert has over 15 years’ experience coaching executives and young potentials. Filip is the author of ‘How Leaders Speak to Inspire’ (2022), a translation of the original book in Dutch (Inspirerend spreken als leider). The book is highly recommended by world-famous marketing guru Seth Godin, American leadership expert Marshall Goldsmith, as well as numerous C-level executives in Belgium and the Netherlands."
903;Filip Muyllaert;Speaker;Male;Dutch, English;https://readmylips.be/sites/default/files/speakers/Filip%20Muyllaert-.jpg;Filip Muyllaert als spreker op jouw evenement? Neem vrijblijvend contact op met sprekersbureau Read My Lips voor meer informatie!;Dutch;"Marketing &amp; communicatie, Management, HR &amp; wellbeing";;Yes;"Wie is Filip Muyllaert?
Filip Muyllaert is een presentatiestrateeg en professioneel keynote spreker die wereldwijd zijn publiek begeestert. Als spreker wordt Filip al vele jaren alom geprezen om zijn sterk inspirerende en verrassende speeches en de blijvende impact ervan op zijn publiek. Deze meester-storyteller is gespecialiseerd in twee specifieke onderwerpen: enerzijds ‘motivational speeches’ en anderzijds keynotes gefocust op inspirerende leiderschapscommunicatie. Als presentatiestrateeg heeft Filip Muyllaert meer dan 15 jaar ervaring met het coachen van leidinggevenden en ‘young potentials’. Filip is auteur van het boek Inspirerend spreken als leider (2022), waarvan er ook een Engelstalige editie bestaat (How Leaders Speak to Inspire). Het boek werd sterk aanbevolen door de wereldbekende marketinggoeroe Seth Godin, de Amerikaanse leiderschapsexpert Marshall Goldsmith en tal van C-level managers in België en Nederland."
155;Filip Van den Abeele;Speaker;Male;Dutch, English;https://readmylips.be/sites/default/files/speakers/Vandenabeele_filip_2000402_foto3_1000.jpg;"Filip Van den Abeele as a speaker at your event? Contact the speakers&#039; office Read My Lips for more information.";English;"Current affairs, Science, Sustainability &amp; Climate, Technology &amp; innovation, Innovation &amp; Trends, ICT &amp; Technology, Creativity";;Yes;"Who is Filip Van den Abeele?
Filip is a self-employed pipeline engineer in the oil and gas industry and his expertise is in great demand. When he was Head of Science at the VRT, he could perfectly explain science and technology in an understandable manner, with plenty of room for humour. In every panel discussion or lecture, he thus invariably presents some rather remarkable conclusions. So it comes as no surprise that Filip is greatly appreciated as a presenter of events or moderator of study days and debates.
But he recently also discovered his sense of entrepreneurship. In addition to his copywriting bureau and production house for radio, TV and multimedia, he founded Subseawolf in 2012, a steadily growing consultancy firm that offers engineering services for the design, installation and management of pipelines and offshore infrastructure.
In 2009, together with Lieven Scheire he published a book called Wat als de olie op is? (What happens when the oil runs out?), in which the two friends addressed the issue of our energy supply. “The aim was to move away from cynicism and encourage people towards realism.” Oil, gas, coal, nuclear energy, solar panels, wind energy, bio fuels, hydro power and hydrogen: the pros and cons of all types of energy are considered. This involves dispelling certain myths, without being patronising."
155;Filip Van den Abeele;Speaker, Moderator;Male;Dutch, English;https://readmylips.be/sites/default/files/speakers/Vandenabeele_filip_2000402_foto3_1000.jpg;Filip Van den Abeele als spreker of moderator op jouw evenement? Neem vrijblijvend contact op met sprekersbureau Read My Lips!;Dutch;"De wereld vandaag, Wetenschap, Duurzaamheid &amp; klimaat, Technologie &amp; innovatie, Innovatie &amp; trends, ICT &amp; technologie, Creativiteit";;Yes;"Wie is Filip Van den Abeele?
Als zelfstandig pijplijningenieur voor de olie- en gasindustrie is Filip een veelgevraagd expert. Als Chef Wetenschap van de VRT kon hij als geen ander wetenschap en techniek uitleggen op een bevattelijke manier, met een laagje spitsvondige humor. In elk panelgesprek of lezing zorgt hij steevast voor verrassende conclusies. Niet verwonderlijk dat Filip ook als presentator van events of moderator van studiedagen of debatten enorm gesmaakt wordt.
Maar ook het ondernemersbloed begint te kriebelen. Naast een copywritersbureau en een productiehuis voor radio, tv en multimedia sticht hij begin 2012 Subseawolf, een gezond groeiend consultancybedrijf dat engineeringdiensten aanbiedt voor het ontwerp, installeren en beheren van pijpleidingen en offshore infrastructuur.
Met Lieven Scheire laat hij in 2009 het boek Wat als de olie op is? op de wereld los, waarin de twee spitsbroeders zich buigen over het energievraagstuk. “Het is geen aanzet tot cynisme, maar een uitnodiging tot realisme.” Van olie, gas en steenkool over kernenergie tot zonnepanelen, windenergie, biobrandstoffen, waterkracht en waterstof: elke energievorm wordt gewikt en gewogen. Daarbij worden mythes ontkracht zonder dat het belerend wordt.
 
Luister naar Filip Van den Abeele in onze podcast Overmorgen. "
1197;Fleur van Groningen;Speaker, Moderator;Female;Dutch;https://readmylips.be/sites/default/files/speakers/foto_zw.jpg;Fleur van Groningen als spreker of moderator op jouw evenement? Neem vrijblijvend contact op met sprekersbureau Read My Lips voor meer informatie.;Dutch;"Healthcare, De wereld vandaag, Filosofie, religie &amp; spiritualiteit, Kunst &amp; cultuur";;Yes;"Wie is Fleur van Groningen?
Fleur van Groningen (1982) schrijft, schildert, spreekt en moedert. Ze is journalist voor De Morgen en columnist voor Psychologies en The Art Couch. Voor De Morgen maakt ze de succesvolle podcast Mensenkennis, gebaseerd op haar boek ‘Voelen zonder filter’, die al aan een tweede seizoen toe is. Eerder schreef en tekende Fleur voor onder andere Knack, De Morgen, Het Nieuwsblad, NRC Handelsblad en Goedele. In 2017 publiceerde ze de bestseller Leven zonder filter, over haar ervaring met hoogsensitiviteit (60.000 verkochte exemplaren). In 2020 volgde Mijn kind, mijn spiegel, over trauma en moederschap. Voelen zonder filter (2022), tevens een bestseller, is haar zesde boek en gaat over omgaan met emoties en herstellen van trauma.

          
  












    

  


  
  
      

      Vraag hier je offerte aan"
425;Florence Pérès;Speaker;Female;Dutch, French, English;https://readmylips.be/sites/default/files/speakers/Peres_Florence_200124_1.jpg;Who is Florence Pérès?;English;"Management, Strategy, HR &amp; Wellbeing, Corporate Culture, Work/Life Balance, Technology &amp; innovation, ICT &amp; Technology";;Yes;"Who is Florence Pérès?
Florence spent over 20 years working in the world of internet and digital media. At the same time, she also studied health sciences and trained to be a mindfulness coach and stress &amp; burnout coach.
She has been a trainer and senior consultant at Better Minds at Work since 2016, where her work includes the ‘Focus je brein en Digitale Balans’ (Focus your brain and Digital Balance) programme, which is based on the Touchpoints method that she has personally developed. She helps organisations to formulate focus and connectivity policy, and trains employees and managers to become more mentally resilient and more resistant against stress. Her book, which is titled Digital Detox, was published in 2017."
425;Florence Pérès;Speaker;Female;Dutch, French, English;https://readmylips.be/sites/default/files/speakers/Peres_Florence_200124_1.jpg;Florence Pérès comme orateur à votre évènement ? Contactez Read My Lips, notre bureau d’orateurs spécialisés !;French;Management, Stratégie, RH et bien-être, Culture d’entreprise, Équilibre travail/vie privée, Technologie et innovation, TIC et technologie;;Yes;"Qui est Florence Pérès ? 
Florence a été active plus de 20 ans dans le monde de l’Internet et des médias numériques. Dans un parcours parallèle, elle s’est plongée dans des études en sciences de la santé et a également suivi une formation pour devenir entraineuse de pleine conscience et coach en stress et en burn out. 
Depuis 2016, elle est formatrice et senior consultant chez Better Minds at Work, où elle a notamment mis sur pied le programme « Focus your brain and Digital Balance », basé sur la méthode Touchpoints, qu’elle a elle-même développée. Elle aide les organisations à établir une politique sur la concentration et la connectivité, et elle forme les travailleurs et les dirigeants à renforcer la résilience mentale et à mieux gérer le stress. Son ouvrage Digital Detox est paru en 2017. 
 "
425;Florence Pérès;Speaker;Female;Dutch, French, English;https://readmylips.be/sites/default/files/speakers/Peres_Florence_200124_1.jpg;Wie is Florence Pérès?;Dutch;"Management, Strategie, HR &amp; wellbeing, Bedrijfscultuur, Balans werk/leven, Technologie &amp; innovatie, ICT &amp; technologie";;Yes;"Wie is Florence Pérès?
Florence was meer dan 20 jaar actief in de wereld van het internet en digitale media. In een parallel parcours verdiepte ze zich in gezondheidswetenschappen en volgde ze ook een opleiding tot mindfulnesstrainer en stress &amp; burn-out-coach.
Ze is sinds 2016 trainer en senior consultant bij Better Minds at Work, waar ze o.a. het programma ‘Focus je brein en Digitale Balans’ uitwerkte, gebaseerd op de Touchpoints-methode, die ze zelf ontwikkelde. Ze helpt organisaties bij het opstellen van een focus- en connectiviteitsbeleid en ze leidt werknemers en leidinggevenden op in het opbouwen van meer mentale veerkracht en in het beter omgaan met stress. Haar boek Digital Detox is in 2017 verschenen."
431;Fran Bambust;Speaker;Female;Dutch, English;https://readmylips.be/sites/default/files/speakers/Bambust_Fran_200123_1.jpg;Who is Fran Bambust?;English;"Marketing &amp; communication, Marketing, PR &amp; Communication, Management, Leadership and Senior Management, Strategy";;Yes;"Who is Fran Bambust?
Fran is an amazing communication expert. Her 7E model teaches you how efficient communication can result in more effective policy.  Why do people do what they do? And in particular: how can you get them to do something differently?
Fran is a gifted orator. Her story is a fascinating mix of behavioural psychology and communication advice. She always adds a personal touch to the professional experience that she shares. Don’t expect a conventional lecture, but a barrage of insights, tips, questions and puzzles. The audience will be continuously challenged and enthusiastically absorbed into her story."
431;Fran Bambust;Speaker;Female;Dutch, English;https://readmylips.be/sites/default/files/speakers/Bambust_Fran_200123_1.jpg;Wie is Fran Bambust?;Dutch;"Marketing &amp; communicatie, Marketing, PR &amp; communicatie, Management, Leiderschap &amp; topmanagers, Strategie";;No;"Wie is Fran Bambust?
Fran is een straffe communicatie-experte. Via haar 7E-model leert ze je hoe efficiënte communicatie tot een effectiever beleid leidt.  Waarom doen mensen wat ze doen? En vooral: hoe kan je hen ertoe bewegen om iets op een andere manier te gaan doen?
Fran bezit de gave van het woord. Haar verhaal is een boeiende mix van gedragspsychologie en communicatieadvies. Ze doorspekt haar professionele ervaring altijd met een persoonlijke toets. Verwacht geen droog exposé, wel een spervuur van inzichten, tips, vragen en raadsels. Als toehoorder word je voortdurend uitgedaagd en enthousiast meegesleurd in haar verhaal."
767;Francesca Vanthielen;Moderator;Female;Dutch, English;https://readmylips.be/sites/default/files/speakers/Francesca%20Vanthielen%20%283%29.jpg;"Francesca Vanthielen as a speaker on your event? Contact the speakers&#039; office Read My Lips for more information.";English;"Current affairs, Science, Sustainability &amp; Climate, Media &amp; culture, Arts &amp; Culture, Media, Economics, Management, Leadership and Senior Management, Enterprise, Strategy, CSR (Corporate Social Responsibility)";;Yes;"Who is Francesca Vanthielen?
Francesca Vanthielen is a news anchor for the Business News Broadcaster, Kanaal Z, where she also presents the weekend programme, Trends Talk. Francesca obtained a master’s degree in Applied Economics (1994) and later also in International Politics (2009) at KU Leuven. For a long time, she worked for VTM and combined her work with various social commitments, as ambassador for UNHCR (United Nations High Commissioner for Refugees), and as one of the initiators of the G1000 movement (Belgian platform for democratic innovation) and a co-founder of the NGO Klimaatzaak (Climate Case). In 2016, she worked as Deputy Head of Communications at the Centre for Equal Opportunities, UNIA. In addition to working with Kanaal Z, Francesca regularly cooperates on podcasts for De Tijd and Knack."
767;Francesca Vanthielen;Moderator;Female;Dutch, English;https://readmylips.be/sites/default/files/speakers/Francesca%20Vanthielen%20%283%29.jpg;Francesca Vanthielen comme orateur à votre évènement ? Contactez Read My Lips, notre bureau d’orateurs spécialisés !;French;Le monde actuel, Sciences, Durabilité et climat, Médias et culture, Art et culture, Media, Économie, Management, Leadership et top managers, Entreprendre, Stratégie, RSE (responsabilité sociétale des entreprises);;No;"Qui est Francesca Vanthielen ?
Francesca Vanthielen est présentatrice JT sur la chaîne d’affaires Kanaal Z, où elle anime également l’émission du week-end Trends Talk. Francesca a décroché une maitrise en sciences économiques appliquées (1994) et également en politique internationale par la suite (2009) à la KULeuven. Elle a longtemps travaillé pour VTM, en combinaison avec plusieurs engagements sociaux : ambassadrice auprès de l’organisation pour les réfugiés UNHCR, co-initiatrice du G1000 et cofondatrice de l’Affaire Climat. En 2016, elle a travaillé en tant que chef de service adjointe communication au centre pour l’égalité des chances UNIA. En plus de Kanaal Z, Francesca participe régulièrement à des podcasts pour De Tijd et Knack."
767;Francesca Vanthielen;Moderator;Female;Dutch, English;https://readmylips.be/sites/default/files/speakers/Francesca%20Vanthielen%20%283%29.jpg;Francesca Vanthielen als moderator op jouw evenement? Neem vrijblijvend contact op met sprekersbureau Read My Lips voor meer informatie.;Dutch;"De wereld vandaag, Wetenschap, Duurzaamheid &amp; klimaat, Media &amp; cultuur, Kunst &amp; cultuur, Media, Economie, Management, Leiderschap &amp; topmanagers, Ondernemen, Strategie, MVO (Maatschappelijk verantwoord ondernemen)";;Yes;"Wie is Francesca Vanthielen?
Francesca Vanthielen is nieuwsanker bij de businesszender Kanaal Z, waar ze ook het weekendprogramma Trends Talk presenteert. Francesca behaalde een master in TEW (1994) en later ook in Internationale Politiek (2009) aan de KULeuven. Ze werkte lange tijd voor VTM en combineerde dat met verschillende maatschappelijke engagementen: ambassadrice bij de vluchtelingenorganisatie UNHCR,  mede-initiatiefneemster van de G1000 en medeoprichtster van de Klimaatzaak. In 2016 werkte ze als adjunct-diensthoofd communicatie op het gelijkekansencentrum UNIA. Naast Kanaal Z  werkt Francesca geregeld mee aan podcasts voor De Tijd en Knack. "
436;Frank Raes;Moderator;Male;Dutch;https://readmylips.be/sites/default/files/speakers/Raes_Frank_200128_1zw.jpg;Who is Frank Raes?;English;"Current affairs, Media &amp; culture";;No;"Who is Frank Raes?
Journalist Frank Raes has been entertaining football enthusiasts with his colourful sports reporting for over thirty years. Thanks to his versatility, he has become one of the most respected sports journalists in Flanders. Raes has earned his spurs not only as a commentator, but also as a presenter. He has of course presented football programmes on the VRT, but also ventured into game shows. In addition, he writes football-related columns for Het Nieuwsblad and De Standaard. With over 2500 television interviews behind him, he is undoubtedly one of the most experienced and skilled sports interviewers and moderators in our country."
436;Frank Raes;Moderator;Male;Dutch;https://readmylips.be/sites/default/files/speakers/Raes_Frank_200128_1zw.jpg;Frank Raes als moderator op jouw evenement? Neem vrijblijvend contact op met sprekersbureau Read My Lips voor meer informatie!;Dutch;"De wereld vandaag, Media &amp; cultuur";;No;"Wie is Frank Raes?
Al meer dan dertig jaar weet journalist Frank Raes voetballiefhebbers te bekoren met zijn kleurrijke sportverslaggeving. Hij groeide door zijn veelzijdigheid uit tot een van de meest gerespecteerde sportjournalisten van Vlaanderen. Niet alleen als commentator, ook als presentator verdiende Raes zijn strepen. Hij presenteert uiteraard de voetbalmagazines van de VRT, maar waagde zich ook aan quizprogramma’s. Daarnaast schrijft hij voetbalcolumns voor Het Nieuwsblad en De Standaard. Met meer dan 2500 televisie-interviews op zijn palmares is hij zonder meer een van de meest ervaren en gedegen sportinterviewers en -moderators van ons land."
437;Frank Van Massenhove;Speaker;Male;Dutch, English;https://readmylips.be/sites/default/files/speakers/VanMassenhove_Frank_200124_1.jpg;Who is Frank Van Massenhove?;English;"Management, Leadership and Senior Management, Enterprise, HR &amp; Wellbeing, Corporate Culture, Work/Life Balance";;Yes;"Who is Frank Van Massenhove?
Frank is a civil service manager with a mission. Under his leadership, the FPS Social Security department was transformed into an organisation that also inspires many private companies. Civil servants are allowed to evaluate their managers and the vast majority of employees are allowed to work from home. His progressive HR policy is still viewed with scepticism. Unjustifiably, says Van Massenhove (and proves it).
Stop telling employees where and when they have to work. First and foremost, look at the results. It’s all about the results. People at the FPS/SS department have stopped clocking in and out, yet are now working harder and more efficiently than ever before. Frank explains how this is possible. And why work should be viewed from another perspective. He is a motivational speaker and defends his ideas with passion. He also likes to get involved in public debates on social media. But what he likes even more is to debate with his audiences."
437;Frank Van Massenhove;Speaker;Male;Dutch, English;https://readmylips.be/sites/default/files/speakers/VanMassenhove_Frank_200124_1.jpg;Wie is Frank Van Massenhove?;Dutch;"Management, Leiderschap &amp; topmanagers, Ondernemen, HR &amp; wellbeing, Bedrijfscultuur, Balans werk/leven";;Yes;"Wie is Frank Van Massenhove?
Frank is een overheidsmanager met een missie. Onder zijn leiding werd de FOD Sociale Zekerheid omgevormd tot een voorbeeldorganisatie, waar ook veel privébedrijven inspiratie in zoeken en vinden. Ambtenaren mogen er hun eigen chefs beoordelen en een overgrote meerderheid van het personeel mag thuis werken. Zo’n vooruitstrevend hr-beleid wordt nog altijd argwanend bekeken. Ten onrechte, beweert (en bewijst) Van Massenhove.
Stop met te zeggen waar en wanneer je werknemers moeten werken. Kijk in de eerste plaats naar hun resultaten. It’s all about the results. Op de FOD Sociale Zekerheid zijn de prikklokken stilgevallen en toch wordt er harder en efficiënter gewerkt. Frank vertelt je hoe dat kan. En waarom een andere kijk op werken nodig is. Hij is een gedreven verteller en hij verdedigt zijn zaak met vuur. Hij mengt zich graag in het publieke debat via de sociale media. Maar nog liever gaat hij de discussie aan met zijn publiek."
441;Frans Crols;Speaker;Male;Dutch;https://readmylips.be/sites/default/files/speakers/Crols_Frans_200128_1zw.jpg;Who is Frans Crols?;English;"Current affairs, Politics &amp; Government, Society &amp; Diversity, Philosophy, Religion and Spirituality, History, Media &amp; culture, Media, Economics, Technology &amp; innovation, Innovation &amp; Trends";Non-profit;No;"Who is Frans Crols?
Frans helped to set up the weekly magazine Trends, was an authority in financial-economic reporting in Flanders and is an advocate of the Flemish movement. For over thirty years, this speaker was perfectly placed to examine the ins and outs of Belgium's industrial sector. This means he possesses the extensive knowledge needed to tell a fascinating story. He is able to share his views with undying passion and persuasion. He is also an experienced moderator, who can successfully oversee all types of debates and interviews.
Frans retired in 2007 and received an honorary award for his long journalism career from minister-president Kris Peeters, in the presence of leading politicians and figureheads from industry. He is still active as chairman of the advisory board at Trends, but also as freelancer for his own magazine and publications such as Neerlandia and the satirical conservative-nationalist magazine ‘t Pallieterke."
441;Frans Crols;Speaker;Male;Dutch;https://readmylips.be/sites/default/files/speakers/Crols_Frans_200128_1zw.jpg;Frans Crols als spreker op jouw evenement? Neem vrijblijvend contact op met sprekersbureau Read My Lips.;Dutch;"De wereld vandaag, Politiek &amp; overheid, Samenleving &amp; diversiteit, Filosofie, religie &amp; spiritualiteit, Geschiedenis, Media &amp; cultuur, Media, Economie, Technologie &amp; innovatie, Innovatie &amp; trends";Non-profit;No;"Wie is Frans Crols?
Frans stond mee aan de wieg van het weekblad Trends, was toonaangevend voor de financieel-economische verslaggeving in Vlaanderen en verdedigt vurig de Vlaamse zaak. Meer dan dertig jaar keek deze spreker vanaf de eerste rij toe op wat er gebeurde in de Belgische bedrijfswereld. Hierdoor beschikt hij over een gigantische kennis om een boeiend relaas te berde te brengen. Vol vuur en met niet-aflatende overredingskracht doet hij zijn standpunten uit de doeken. Hij  is eveneens een ervaren moderator die debatten en interviews telkenmale in goede banen weet te leiden.
In 2007 ging Frans met pensioen en ontving hij uit handen van Kris Peeters en te midden van toppolitici en kopstukken uit de economische wereld een eremedaille voor zijn decennialange journalistieke carrière. Nog steeds is hij in de weer als voorzitter van de adviesraad van Trends, maar ook als vrije medewerker voor zowel zijn eigen blad, als onder andere Neerlandia of het satirisch rechts-nationalistische ‘t Pallieterke."
590;Fred Colantonio;Speaker, Moderator;Male;French, English;https://readmylips.be/sites/default/files/speakers/FredColantonio-2022-001-zw.jpg;Fred Colantonio comme orateur à votre évènement ? Contactez Read My Lips, notre bureau d’orateurs spécialisés !;French;Marketing et communication, Marketing, Ventes et service à la clientèle, Médias sociaux, Relations publiques et communication, Management, Leadership et top managers, Entreprendre, Stratégie, RH et bien-être, Culture d’entreprise, Technologie et innovation, Innovation et tendances, TIC et technologie, Créativité;;Yes;"Qui est Fred Colantonio ?
Criminologue de formation, Fred quitte l’administration belge en 2006 après 5 ans de pratique. Il fonde une société de conseils pour accompagner les entreprises face aux défis liés à la transformation numérique, la différenciation et l’innovation, le leadership et l’entrepreneuriat, l’échec et le rebond. 
Conférencier professionnel international labellisé, Fred a livré +900 conférences dans 14 pays sur 3 continents, touchant des dizaines de milliers de personnes. Depuis 2010, Fred a publié 9 livres, dont 4 best-sellers et 3 parus à la fois en Europe et au Québec."
181;Frédéric Deborsu;Speaker, Moderator;Male;Dutch, French;https://readmylips.be/sites/default/files/speakers/Deborsu_Fr%C3%A9d%C3%A9ric_200123_1.jpg;Who is Frédéric Deborsu?;English;"Current affairs, History, Media &amp; culture";Non-profit;Yes;"Who is Frédéric Deborsu?
Frédéric is a true journalist and a little bit hyperactive. After 10 years as a sports journalist at public broadcaster RTBF and a brief foray into entertainment, he is now an investigative journalist for the programme ‘Questions à la Une’.
He is perfectly bi-lingual and specialises in the relationship between Wallonia and Flanders. He also works for the VRT and writes columns for newspapers and magazines. He uses humour, intelligence and a direct style to bring life to any debate."
181;Frédéric Deborsu;Speaker, Moderator;Male;Dutch, French;https://readmylips.be/sites/default/files/speakers/Deborsu_Fr%C3%A9d%C3%A9ric_200123_1.jpg;Frédéric Deborsu als moderator op jouw evenement? Neem vrijblijvend contact op met sprekersbureau Read My Lips voor meer informatie!;Dutch;"De wereld vandaag, Geschiedenis, Media &amp; cultuur";Non-profit;Yes;"Wie is Frédéric Deborsu?
Frédéric is een journalist uit één stuk, ja zelfs wat hyperactief. Na 10 jaar sportjournalistiek aan de RTBF en een omweg in het entertainment is hij nu onderzoeksjournalist voor het programma Questions à la Une.
Hij is perfect tweetalig en gespecialiseerd in de relaties tussen Wallonië en Vlaanderen. Hij werkt ook voor de VRT en schrijft kronieken voor dag- en weekbladen. Met zijn directe stijl zal Frédéric jouw debatten met humor en op een intelligente wijze leven inblazen."
449;Frederik De Swaef;Speaker, Moderator;Male;Dutch;https://readmylips.be/sites/default/files/speakers/DeSwaef_Frederik_200123_1.jpg;Who is Frederik De Swaef?;English;"Media &amp; culture, Media, Marketing &amp; communication, Marketing, Social Media";Non-profit;No;"Who is Frederik De Swaef?
Frederik's fluent and humorous style is enough to charm any audience. As chief editor for regional news at News City, which also includes Het Laatste Nieuws and VTM NIEUWS, he is perfectly placed to know which challenges society will face due to the digital revolution. From his day-to-day experience, he is able to offer very specific answers to the challenges that accompany digitalisation. His lecture doesn’t contain major predictions for the future, but practical tips which you can immediately use to reach more people online. A unique look behind the scenes at the Flemish media."
449;Frederik De Swaef;Speaker, Moderator;Male;Dutch;https://readmylips.be/sites/default/files/speakers/DeSwaef_Frederik_200123_1.jpg;Frederik De Swaef als spreker of moderator op jouw evenement? Neem vrijblijvend contact op met sprekersbureau Read My Lips voor meer informatie!;Dutch;"Media &amp; cultuur, Media, Marketing &amp; communicatie, Marketing, Sociale media";Non-profit;No;"Wie is Frederik De Swaef?
Frederik charmeert met zijn vlotte, humoristische stijl elk publiek. Als hoofdredacteur bij Gazet van Antwerpen weet hij als geen ander voor welke uitdagingen de maatschappij staat dankzij de digitale revolutie. Uit zijn dagelijkse ervaring kan hij heel concrete antwoorden bieden op de uitdagingen die de digitalisering met zich meebrengt. In zijn lezing geen grote voorspellingen over de toekomst maar praktische tips die je direct kan toepassen om online meer mensen te bereiken. En een unieke kijk achter de schermen van de Vlaamse media."
935;Geertrui Mieke De Ketelaere;Speaker, Moderator;Female;Dutch, French, English;https://readmylips.be/sites/default/files/speakers/Foto1%20Mieke%20De%20Ketelaere%20ZW.png;"Geertrui Mieke De Ketelaere as a speaker or moderator on your event? Contact the speakers&#039; office Read My Lips!";English;"Economics, Management, Technology &amp; innovation";;Yes;"Who is Geertrui Mieke De Ketelaere?
Geertrui Mieke De Ketelaere is Adjunct Professor at Vlerick Business School and Strategic Advisor at imec (IDLab). She holds a Master’s Degree in Civil and Industrial Engineering and specialized in robotics and artificial intelligence during her studies. Over the last 28 years, she has worked for several multinationals on all aspects of data and analytics (IBM, Microsoft, SAP, SAS, etc). From a business consulting point of view, she is specialized in defining the AI business canvas, from potential value to predefined risks. With her understanding of the hindsight, insight, and foresight of AI technologies, she also frequently acts as an expert and coach behind the scenes. In her public presentations and recent book, Mieke puts the focus on the demystification of the hype around AI. In 2018, she was nominated ‘ICT Woman of the Year’ in Belgium. The State Secretary of Digitalization, Mathieu Michel, appointed Mieke as ‘Digital Mind’ in 2020.
Can be booked in English, Dutch, French and German."
935;Geertrui Mieke De Ketelaere;Speaker, Moderator;Female;Dutch, French, English;https://readmylips.be/sites/default/files/speakers/Foto1%20Mieke%20De%20Ketelaere%20ZW.png;Geertrui Mieke De Ketelaere comme orateur ou modérateur à votre evenement? Contactez Read My Lips!;French;Économie, Management, Technologie et innovation;;Yes;"Qui est Geertrui Mieke De Ketelaere ?
Geertrui Mieke De Ketelaere est professeure adjointe à la Vlerick Business School et conseillère stratégique à l’imec (IDLab). Elle est titulaire d’un master en génie civil et industriel et s’est spécialisée dans la robotique et l’intelligence artificielle (IA) pendant ses études. Au cours des 28 dernières années, elle a travaillé sur tous les aspects des données et de l’analyse pour plusieurs multinationales (IBM, Microsoft, SAP, SAS, etc.). Du point de vue du conseil aux entreprises, elle est spécialisée dans la définition du canevas professionnel de l’intelligence artificielle, de la valeur potentielle aux risques prédéfinis. Forte de ses connaissances et de son regard rétrospectif et prospectif sur les technologies d’IA, elle intervient aussi fréquemment comme experte et coach dans les coulisses. Dans ses présentations publiques et son livre récent, Mieke met l’accent sur la démystification du battage médiatique autour de l’IA. En 2018, elle a été nominée « ICT Woman of the Year » en Belgique. Le Secrétaire d’État à la Digitalisation, Mathieu Michel, a nommé Mieke « Digital Mind » en 2020.
Peut être réservé en anglais, néerlandais, français and allemand."
935;Geertrui Mieke De Ketelaere;Speaker, Moderator;Female;Dutch, French, English;https://readmylips.be/sites/default/files/speakers/Foto1%20Mieke%20De%20Ketelaere%20ZW.png;Geertrui Mieke De Ketelaere als spreker of moderator op jouw evenement? Neem vrijblijvend contact op met sprekersbureau Read My L;Dutch;"Economie, Management, Technologie &amp; innovatie";;Yes;"Wie is Geertrui Mieke De Ketelaere?
Geertrui Mieke De Ketelaere is adjunct-professor aan de Vlerick Business School en strategisch adviseur bij imec (IDLab). Ze heeft een master burgerlijk en industrieel ingenieur en specialiseerde zich tijdens haar studies in robotica en kunstmatige intelligentie. De afgelopen 28 jaar heeft ze voor verschillende multinationals gewerkt aan alles wat te maken heeft met data en analyse (IBM, Microsoft, SAP, SAS, enz.). Op het gebied van business consulting is ze een expert in het definiëren van het bedrijfscanvas voor AI, van potentiële waarde tot vooraf gedefinieerde risico’s. Dankzij haar inzicht in het verleden, het heden en de toekomst van AI-technologieën treedt ze ook vaak achter de schermen op als deskundige en coach. In haar publieke presentaties en recente boek Mens Versus Machine legt Mieke de focus op de demystificatie van de hype rond AI.  In 2018 werd ze genomineerd als ‘ICT-vrouw van het jaar’ in België. De staatssecretaris voor Digitalisering, Mathieu Michel, stelde Mieke in 2020 aan als ‘Digital Mind’.
Kan geboekt worden in het Nederlands, Engels, Frans en Duits."
452;Geoffrey Enthoven;Speaker;Male;Dutch, English;https://readmylips.be/sites/default/files/speakers/Enthoven_Geoffrey_200124_1.jpg;Who is Geoffrey Enthoven?;English;"Media &amp; culture, Arts &amp; Culture, Media, Management, Enterprise";Non-profit;Yes;"Who is Geoffrey Enthoven?
Geoffrey directed the successful film Hasta La Vista. In Flanders, over 250,000 people visited the cinema to see three disabled guys travel to a brothel in Spain. But this success didn’t come as a complete surprise. With films such as Meisjes, Vidange Perdue and Les enfants de l’amour, Enthoven earned a reputation as a director who dared to tackle difficult social themes. Because of this experience, Geoffrey is perfectly placed to explain how a cinema film is made and how you can run a successful production house in Belgium. With his clearly formulated vision, this passionate speaker is always in demand."
452;Geoffrey Enthoven;Speaker;Male;Dutch, English;https://readmylips.be/sites/default/files/speakers/Enthoven_Geoffrey_200124_1.jpg;Geoffrey Enthoven als spreker op jouw evenement? Neem vrijblijvend contact op met sprekersbureau Read My Lips.;Dutch;"Media &amp; cultuur, Kunst &amp; cultuur, Media, Management, Ondernemen";Non-profit;Yes;"Wie is Geoffrey Enthoven?
Geoffrey is de regisseur van de succesfilm Hasta La Vista. In Vlaanderen gingen meer dan 250.000 mensen kijken hoe drie invaliden samen naar een bordeel in Spanje trekken. Dat succes komt niet onverwacht. Met films als Meisjes, Vidange Perdue en Les enfants de l’amour verwierf Enthoven een reputatie als de regisseur die maatschappelijke thema’s durft aan te pakken. Met die ervaring is Geoffrey uitstekend geplaatst om toe te lichten hoe een bioscoopfilm wordt gemaakt en hoe je in België een productiehuis tot een succes maakt. Zijn helder geformuleerde visie maakt van deze gloedvolle spreker een absolute aanrader."
910;Gil Renders;Speaker;Female;Dutch, English;https://readmylips.be/sites/default/files/speakers/_DSC8672-2%20zw.jpg;"Gil Renders as a speaker on your event? Contact the speakers&#039; office Read My Lips for more information!";English;"Current affairs, Management, HR &amp; Wellbeing, Corporate Culture";;Yes;"Who is Gil Renders?
Gil Renders is a leadership and transformation coach, psychotherapist and speaker. She founded her coaching practice ‘Echte Leiders Dansen’ ('Real Leaders Dance') in 2014. She uses it to guide (senior) managers, entrepreneurs and coaches on their path towards courageous and balanced leadership. When doing so, she combines her background as Germanist and theatre-maker with her expertise in system-based work, voice dialogue, mindfulness and unifying communication. She uses her sharp, analytical mind and radical sense of empathy to quickly dispel restrictive survival behaviours, and offers useful tips for dealing with yourself and your surroundings in a healthier and more loving manner. She does this with a strong experience-based approach and a deep sense of commitment. Gil’s keynotes offer her audience a compelling total experience: she combines knowledge and wisdom with a love for literature, dance and music. She always wholeheartedly personifies the subject matter she is talking about. Topics that fascinate her include the effectiveness of vulnerable leadership, the impact of the m/f balance in yourself and your organisation, and the emergence of new paradigms in the leadership landscape. The themes addressed in her keynotes are also covered during her successful Echte Leiders Dansen."
910;Gil Renders;Speaker;Female;Dutch, English;https://readmylips.be/sites/default/files/speakers/_DSC8672-2%20zw.jpg;Gil Renders als spreker op jouw evenement? Neem vrijblijvend contact op met sprekersbureau Read My Lips voor meer informatie!;Dutch;"De wereld vandaag, Management, HR &amp; wellbeing, Bedrijfscultuur";;Yes;"Wie is Gil Renders?
Gil Renders is leiderschaps- en transformatiecoach, psychotherapeute en spreekster. In 2014 richtte ze haar coachingpraktijk ‘Echte Leiders Dansen’ op. Ze begeleidt er (hogere) leidinggevenden, ondernemers en coaches op hun pad naar moedig en gebalanceerd leiderschap. Hierbij combineert ze haar achtergrond als germaniste en theatermaker met haar expertise in systemisch opstellingenwerk, voice dialogue, mindfulness en verbindende communicatie. Met haar scherpe, analytische geest en radicaal invoelingsvermogen ontmaskert ze snel belemmerende overlevingspatronen en reikt ze krachtige handvatten aan om zowel jezelf als je omgeving op een gezondere en liefdevollere manier tegemoet te treden. Ze gelooft daarbij sterk in een ervaringsgerichte aanpak en werkt vanuit een diepe betrokkenheid. In haar keynotes neemt Gil de toeschouwer mee in een beklijvende totaalervaring: ze combineert kennis en wijsheid met een liefde voor literatuur, dans en muziek. In elk moment belichaamt ze ten volle waarover ze spreekt. Topics die haar bezielen gaan over de kracht van kwetsbaar leidinggeven, de impact van m/v-balans in jezelf en je organisatie, en de opkomst van een nieuw paradigma in het leiderschapslandschap. De thema’s van haar keynotes komen ook aan bod in haar succesvolle podcast Echte Leiders Dansen."
654;Gina Peeters;Speaker, Moderator;Female;Dutch, English;https://readmylips.be/sites/default/files/speakers/Gina%20solo_HR_RML.jpg;Gina Peeters als moderator op jouw event? Contacteer sprekersbureau Read My Lips!;English;"Current affairs, Management, Leadership and Senior Management, HR &amp; Wellbeing, Corporate Culture, Work/Life Balance";;Yes;"Who is Gina Peeters?
Following an exciting career in the media world, Gina Peeters (aka Geena Lisa) focused on people-oriented work as a coach, trainer, and keynote and public speaker. Gina Peeters works for numerous organisations as a cognitive behavioural coach, talent and job coach, heart coherence coach and stress and burnout coach. As a coach, she provides training on all elements of people-oriented and conscious positive leadership, as well as mental fitness training. With her expertise, she gives guidance to individuals, employees, teams and managers. Her areas of focus are Positive Intelligence, coaching skills, impactful communication, energy recovery, stress management and corporate well-being. As an experienced speaker, Gina is a much sought-after keynote speaker, moderator and host of (online) events. In 2021, together with well-being pioneer Isabelle Hoebrechts, she wrote the book 'Positive Intelligence, how you can be consciously positive in life'. In 2023, the two authors published the book 'Oxygen for the brain, the impact of positive intelligence on your organisation and leadership. "
654;Gina Peeters;Speaker, Moderator;Female;Dutch, English;https://readmylips.be/sites/default/files/speakers/Gina%20solo_HR_RML.jpg;Gina Peeters als moderator op jouw event? Contacteer sprekersbureau Read My Lips!;Dutch;"De wereld vandaag, Management, Leiderschap &amp; topmanagers, HR &amp; wellbeing, Bedrijfscultuur, Balans werk/leven";;Yes;"Wie is Gina Peeters?
Gina Peeters (aka Geena Lisa) richtte zich na een boeiende carrière in de mediawereld op een mensgerichte job als coach, trainer, keynote en publieke spreker. Gina werkt voor talrijke organisaties als cognitieve gedragscoach, talent- en jobcoach, hartcoherentiecoach en stress- en burn-outbegeleider. Als trainer geeft ze opleidingen over alle deelelementen van mensgericht en bewust positief leiderschap, alsook opleidingen rond mentale fitheid. Met haar expertise begeleidt ze individuen, medewerkers, teams en leidinggevenden. Haar focusdomeinen zijn Positieve Intelligentie, coachende vaardigheden, impactvolle communicatie, energieherstel, stressbeheer en corporate wellbeing. Als ervaren spreker is Gina een veelgevraagde keynote spreker, moderator en gastvrouw van (online) events. In 2021 schreef ze, samen met wellbeing pionier Isabelle Hoebrechts, het boek ‘Positieve Intelligentie, hoe kan je bewust positief in het leven staan’. In 2023 verscheen van beide auteurs het boek 'Zuurstof voor het brein, de impact van positieve intelligentie op je organisatie en leiderschap. 
Luister naar Gina Peeters in onze podcast Overmorgen. "
1033;"Gina Peeters &amp; Isabelle Hoebrechts";Speaker;Female;Dutch, English;https://readmylips.be/sites/default/files/speakers/Geena%2C%20Isabelle_achterflap_HR_RML.jpg;"Gina Peeters &amp; Isabelle Hoebrechts als keynote spreker op jouw event? Contacteer sprekersbureau Read My Lips!";English;"Current affairs, Management, Leadership and Senior Management, Enterprise, Strategy, CSR (Corporate Social Responsibility), HR &amp; Wellbeing";;Yes;"Who are Gina Peeters &amp; Isabelle Hoebrechts?
Isabelle Hoebrechts is a pioneer in the world of well-being and the employee journey as well as employer branding. She headed the Institute for Neurocognitivism for many years and is the founder of 361°, creating happy employees. She has been committed to (greater) well-being and HR strategies in companies for many years and has set up and followed up on the implementation of well-being processes in countless companies. She is the author of Positive Impact, Help, I have Stress, and Top of your mind. Together with Gina, she forms a strong team that inspires, informs and motivates. 

Gina Peeters is a cognitive behavioural coach, talent and job coach, heart coherence coach and stress and burnout coach. Following an exciting career in the media world, Gina focused on people-oriented work as a coach, trainer, keynote speaker and public speaker. With her expertise, she gives guidance to individuals, employees, teams and managers. Together with Isabelle Hoebrechts, she puts well-being and mental health on the map. Her areas of focus are positive intelligence, neurocognitivism, leadership and corporate well-being.
 "
1033;"Gina Peeters &amp; Isabelle Hoebrechts";Speaker;Female;Dutch, English;https://readmylips.be/sites/default/files/speakers/Geena%2C%20Isabelle_achterflap_HR_RML.jpg;"Gina Peeters &amp; Isabelle Hoebrechts als keynote spreker op jouw event? Contacteer sprekersbureau Read My Lips!";Dutch;"De wereld vandaag, Management, Leiderschap &amp; topmanagers, Ondernemen, Strategie, MVO (Maatschappelijk verantwoord ondernemen), HR &amp; wellbeing";;Yes;"Wie zijn Gina Peeters &amp; Isabelle Hoebrechts?
Isabelle Hoebrechts is pionier in de wereld van wellbeing en employee journey en employer branding. Ze stond vele jaren aan het hoofd van het instituut voor Neurocognitivisme en is oprichtster van 361°, creating happy employees. Ze zet zich al jaren in voor (meer) wellbeing en HR-strategieën in bedrijven en heeft de implementatie van wellbeingtrajecten opgezet en opgevolgd, in talloze bedrijven. Ze is auteur van Positieve Impact, Help, ik heb Stress en Top of your mind. Samen met Gina vormt ze een sterk team dat inspireert, informeert en motiveert. 
Gina Peeters is cognitieve gedragscoach, talent- en jobcoach, hartcoherentiecoach en stress- en burn-outbegeleider. Na een boeiende carrière in de mediawereld richtte Gina zich op een mensgerichte job als coach, trainer, keynote en publieke spreker. Met haar expertise begeleidt ze individuen, medewerkers, teams en leidinggevenden. Samen met Isabelle Hoebrechts zet ze wellbeing en mentale gezondheid op de kaart. Haar focusdomeinen zijn Positieve Intelligentie, neurocognitivisme, leiderschap en corporate wellbeing.
 "
183;Greet Op de Beeck;Moderator;Female;Dutch, English;https://readmylips.be/sites/default/files/speakers/OpdeBeeck_Greet_200125_2.jpg;Who is Greet Op de Beeck?;English;Current affairs, Economics;;Yes;"Who is Greet Op de Beeck?
Greet was once a finalist in quiz show De Slimste Mens ter Wereld on VRT and is now mainly known for her in-depth reports for VRT current affairs programmes such as Panorama and Koppen. She learned the ropes of journalism on the news desk at Radio 1, where she focused on the Balkans, Baltic States and (later) Europe. She shows a lot of empathy in her interviews and is able to get straight to the heart of the matter. Greet also has this empathetic style as presenter and moderator: she moderates calmly, so that panel members have the opportunity to truly debate and the audience has the chance to participate."
183;Greet Op de Beeck;Moderator;Female;Dutch, English;https://readmylips.be/sites/default/files/speakers/OpdeBeeck_Greet_200125_2.jpg;Greet Op de Beeck als moderator op jouw evenement? Neem vrijblijvend contact op met sprekersbureau Read My Lips voor meer informatie!;Dutch;De wereld vandaag, Economie;;Yes;"Wie is Greet Op de Beeck?
Greet was ooit finaliste van De Slimste Mens ter Wereld op VRT en is nu vooral bekend voor haar diepgaande reportages voor de actualiteitenprogramma’s van de VRT, zoals Panorama en Koppen. Ze leerde de stiel van journalist op de nieuwsredactie van Radio 1 en had de Balkan, de Baltische Staten en later Europa als uitverkoren domein. In haar interviews probeert ze de mensen met veel empathie te benaderen om dingen echt te doorgronden. Ook als presentatrice en moderator hanteert Greet deze empathische stijl: ze modereert op een rustige manier, zodat panelleden de kans krijgen om het debat echt te voeren, en het publiek de ruimte om te participeren."
455;Guy Tegenbos;Speaker, Moderator;Male;Dutch;https://readmylips.be/sites/default/files/speakers/Tegenbos_Guy_200124_1.jpg;Guy Tegenbos als moderator op jouw evenement? Neem vrijblijvend contact op met sprekersbureau Read My Lips voor meer informatie!;Dutch;"De wereld vandaag, Politiek &amp; overheid, Samenleving &amp; diversiteit, Economie";Non-profit;Yes;"Wie is Guy Tegenbos?
Meer dan 30 jaar heeft Guy als journalist bij De Standaard gewerkt, het binnenlandse politieke en maatschappelijke gebeuren scherp geanalyseerd en er 20 jaar ook rake commentaren over geschreven. Hij was een gezaghebbende stem in het politieke en maatschappelijke debat en is dat als columnist gebleven. Guy is een uitstekend moderator en heeft een voorliefde voor beleidsdebatten. Als spreker gaat hij graag dieper in op de politieke actualiteit, op het beleid en op de manke politieke cultuur."
457;Hajo Beeckman;Speaker, Moderator;Male;Dutch, English;https://readmylips.be/sites/default/files/speakers/Hajo%20Beeckman%20%283%29.jpg;Who is Hajo Beeckman?;English;"Current affairs, Science, Sustainability &amp; Climate, Politics &amp; Government, Economics, HR &amp; Wellbeing, Work/Life Balance, Technology &amp; innovation, Innovation &amp; Trends, ICT &amp; Technology, Creativity";;Yes;"Who is Hajo Beeckman?
Traffic in Belgium is often in a mess. Your daily guide through the traffic jams on Flemish roads is VRT traffic anchor Hajo Beeckman. From a privileged position, he also follows the latest trends in mobility at VRT NWS. The corona and energy crises temporarily relieved some pressure on the transport system, but since 2023 we have already been stuck in traffic jams longer than in the years before the pandemic. 
And that will clash with European climate goals, which require us to electrify or switch to hydrogen, drive cars less, live closer together and use bicycles or public transport more often. 
In his lectures, Hajo takes a critical look at the stream of proposals with which Belgian and Flemish policymakers and analysts want to achieve those goals. Will we achieve them at all? Will they solve traffic jams? What works? And who is selling nonsense? Why shouldn't ships and planes emit less? In an often emotional and polarized debate, he looks for rational solutions.

          
  












    

  


  
  
      

      Request an offer"
457;Hajo Beeckman;Speaker, Moderator;Male;Dutch, English;https://readmylips.be/sites/default/files/speakers/Hajo%20Beeckman%20%283%29.jpg;Hajo Beeckman als spreker of moderator op jouw evenement? Neem contact op met sprekersbureau Read My Lips!;Dutch;"De wereld vandaag, Wetenschap, Duurzaamheid &amp; klimaat, Politiek &amp; overheid, Economie, HR &amp; wellbeing, Balans werk/leven, Technologie &amp; innovatie, Innovatie &amp; trends, ICT &amp; technologie, Creativiteit";;Yes;"Wie is Hajo Beeckman?
Het verkeer in België zit vaak in de knoop. Jouw dagelijkse gids door de files op de Vlaamse wegen is VRT-verkeersanker Hajo Beeckman. Vanuit een bevoorrechte positie volgt hij bij VRT NWS ook de laatste trends in mobiliteit. De corona- en de energiecrisis zorgden tijdelijk voor wat minder druk op het vervoersysteem maar sinds 2023 staan we alweer langer in de file dan in de jaren voor de pandemie. 
En dat gaat botsen met de Europese klimaatdoelstellingen, die ons verplichten om te elektrificeren of over te stappen op waterstof, minder met de auto te rijden, dichter bij elkaar te wonen en vaker de fiets of het openbaar vervoer te gebruiken. 
Hajo kijkt in zijn lezingen met een kritische blik naar de stroom van voorstellen waarmee Belgische en Vlaamse beleidsmakers en analisten die doelstellingen willen bereiken. Gaan we ze überhaupt halen? Los je er files mee op? Wat werkt er? En wie verkoopt er onzin? Waarom moeten schepen en vliegtuigen niet minder uitstoten? In een vaak emotioneel en gepolariseerd debat zoekt hij naar rationele oplossingen.
Luister naar Hajo Beeckman in onze podcast Overmorgen. 

          
  












    

  


  
  
      

      Vraag nu een vrijblijvende offerte aan"
529;Hanne Decoutere;Moderator;Female;Dutch, French, English;https://readmylips.be/sites/default/files/speakers/Decoutere_Hanne_200125_1_0.jpg;Who is Hanne Decoutere?;English;Current affairs, Management;;Yes;"Who is Hanne Decoutere?
Hanne spent many years working for the VRT before she appeared as newsreader for the first time in September 2012. She first worked for Jan Van Rompaey in Ombudsjan, and then for Terzake and Het Journaal, where she mainly reported on politics with her legal background. The talented journalist is a very charismatic presenter and moderator, is particularly interested in France and has a soft spot for ballet.
Sitting still is not for Hanne Decoutere; stress and deadlines keep her on her toes. Her inner stage artist also gets to shine during her work as news presenter: “I see presenting the news as a performance. It’s more stressful than you'd think and, being a perfectionist, I spend a lot of time writing my text. My style is perhaps a little more formal than the others, but I always try to be welcoming.” This combination of focus, resistance to stress and determination, as well as her open and graceful appearance, make Hanne Decoutere an ideal moderator. Her motto is straightforward: be a strong woman in a man's world."
529;Hanne Decoutere;Moderator;Female;Dutch, French, English;https://readmylips.be/sites/default/files/speakers/Decoutere_Hanne_200125_1_0.jpg;Hanne Decoutere als moderator op jouw evenement? Neem vrijblijvend contact op met sprekersbureau Read My Lips voor meer informatie!;French;Le monde actuel, Management;;Yes;"Qui est Hanne Decoutere ?
Hanne travaillait à la VRT depuis des années lorsqu'elle est apparue pour la première fois à l'écran en tant que présentatrice en septembre 2012. Elle a d'abord travaillé pour Jan Van Rompaey à Ombudsjan, puis pour Terzake et Het Journaal op één, où, en tant qu'avocate, elle faisait principalement des reportages politiques. Cette journaliste à lunettes présente et modère avec beaucoup de charisme, s'intéresse particulièrement à la France et a un faible pour le ballet.
Hanne Decoutere n'aime pas rester assise, le stress et les délais la tiennent en haleine. La bête de scène qui sommeille en elle trouve également un bon exutoire dans son travail de présentatrice : ""Je considère la présentation du journal télévisé comme une performance. C'est plus stressant qu'on ne le pense et, perfectionniste comme je le suis, je consacre beaucoup de temps à mon écriture. Mon style est peut-être un peu plus professionnel que d'autres, mais j'essaie toujours d'être chaleureuse. Cette combinaison de concentration, de résistance au stress et de persévérance avec une apparence ouverte et gracieuse sert bien Hanne Decoutere en tant que modératrice. Sa devise ne ment pas : s'affirmer comme une femme forte dans un monde d'hommes."
529;Hanne Decoutere;Moderator;Female;Dutch, French, English;https://readmylips.be/sites/default/files/speakers/Decoutere_Hanne_200125_1_0.jpg;Hanne Decoutere als moderator op jouw evenement? Neem vrijblijvend contact op met sprekersbureau Read My Lips voor meer informatie!;Dutch;De wereld vandaag, Management;;Yes;"Wie is Hanne Decoutere?
Hanne was al jaren aan de slag bij de VRT toen ze in september 2012 voor het eerst als nieuwslezeres op het scherm verscheen. Ze werkte eerst voor Jan Van Rompaey in Ombudsjan, dan voor Terzake en Het Journaal op één, waar ze als juriste vooral politieke verslaggeving deed. De beslagen journaliste presenteert en modereert met veel charisma, heeft een bijzondere interesse voor Frankrijk en een zwak voor ballet.
Stilzitten is niets voor Hanne Decoutere, de stress en de deadlines houden haar scherp. En het podiumbeest in haar vindt ook een goede uitlaatklep in haar werk als anker: “Het nieuws presenteren zie ik als een performance. Het is stresserender dan je zou denken en ik steek, perfectionistisch als ik ben, veel tijd in mijn teksten schrijven. Mijn stijl is misschien iets zakelijker dan die van de anderen, maar ik probeer altijd warm te zijn.” Die combinatie van focus, stressbestendigheid en doorzettingsvermogen met een open, gracieuze uitstraling komt Hanne Decoutere als moderator goed van pas. Haar motto liegt er niet om: jezelf als sterke vrouw neerzetten in een mannenwereld."
1171;Hannelore Simoens;Moderator;Female;Dutch;https://readmylips.be/sites/default/files/speakers/HANNELORE%20SIMOENS%2007-zw%20klein.jpg;Hannelore Simoens as a moderator at your event? Feel free to contact speakers bureau Read My Lips for more information.;English;Inclusie, Current affairs, Management;;Yes;"Who is Hannelore Simoens?
Hannelore has been working as a journalist for VTM News for six years now, and has quickly become a regular on Wetstraat. She dares to ask and ask through. Always sharp and witty, but also human and warm. She holds a master's degree in Language and Literature from the VUB (Dutch-English-Spanish), but also degrees from the London School of Economics (Internationals Politics) and King's College London (International Relations). After her studies, she first worked for years as a PhD student and assistant professor, but actually always knew that her heart was in journalism. Her first book on political renewal will soon be published. But Hannelore is interested in more than just the Street of Law. She keeps abreast of all social evolutions, always driven by her curiosity and her eagerness to learn. She is also working behind the scenes for more inclusion.

          
  












    

  


  
  
      

      Request an offer here"
1171;Hannelore Simoens;Moderator;Female;Dutch;https://readmylips.be/sites/default/files/speakers/HANNELORE%20SIMOENS%2007-zw%20klein.jpg;Hannelore Simoens als moderator op jouw evenement? Neem vrijblijvend contact op met sprekersbureau Read My Lips voor meer informatie.;French;Inclusie, Le monde actuel, Management;;Yes;"Qui est Hannelore Simoens ?
Hannelore travaille depuis six ans comme journaliste pour VTM News et est rapidement devenue une habituée de la Wetstraat. Elle ose poser des questions et les poser jusqu'au bout. Elle est toujours vive et pleine d'esprit, mais aussi humaine et chaleureuse. Elle est titulaire d'une maîtrise en langue et littérature de la VUB (néerlandais-anglais-espagnol), mais aussi de diplômes de la London School of Economics (politique internationale) et du King's College London (relations internationales). Après ses études, elle a d'abord travaillé pendant des années comme doctorante et professeur assistant, mais elle a toujours su que son cœur était dans le journalisme. Son premier livre sur le renouveau politique sera bientôt publié. Mais Hannelore ne s'intéresse pas seulement à la rue de la Loi. Elle se tient au courant de toutes les évolutions sociales, toujours poussée par sa curiosité et sa soif d'apprendre. Elle travaille également en coulisses pour une plus grande inclusion.

          
  












    

  


  
  
      

      Demander votre offre ici"
1171;Hannelore Simoens;Moderator;Female;Dutch;https://readmylips.be/sites/default/files/speakers/HANNELORE%20SIMOENS%2007-zw%20klein.jpg;Hannelore Simoens als moderator op jouw evenement? Neem vrijblijvend contact op met sprekersbureau Read My Lips voor meer informatie.;Dutch;Inclusie, De wereld vandaag, Management;;Yes;"Wie is Hannelore Simoens?
Hannelore werkt intussen 6 jaar als journalist voor VTM Nieuws, en is al snel een vaste waarde geworden in de Wetstraat. Ze durft te vragen en door te vragen. Altijd scherp en snedig, maar ook menselijk en warm. Ze heeft een masterdiploma Taal- en Letterkunde van de VUB (Nederlands-Engels-Spaans) op zak, maar heeft tevens diploma's behaald aan de London School of Economics (Internationals Politics) en King's College London (International Relations). Ze werkte na haar studies eerst jarenlang als doctoraatsstudente en assistent-professor, maar wist eigenlijk altijd al dat haar hart bij de journalistiek lag. Binnenkort verschijnt haar eerste boek over politieke vernieuwing. Maar Hannelore is in meer dan alleen de Wetstraat geïnteresseerd. Ze is op de hoogte van alle maatschappelijke evoluties, telkens gedreven door haar nieuwsgierigheid en haar leergierigheid. Ze zet zich achter de schermen ook in voor meer inclusie.

          
  












    

  


  
  
      

      Hannelore boeken?"
186;Hans Diels;Speaker;Male;Dutch, English;https://readmylips.be/sites/default/files/speakers/Hans_Diels-01.jpg;"Hans Diels as a speaker on your event? Contact the speakers&#039; office Read My Lips for more information.";English;"Current affairs, Politics &amp; Government, Economics";Non-profit;Yes;"Who is Hans Diels?
Hans is a future thinker and geo-political expert on business platform ETION. He will talk you through the main trends that are changing the world and take a closer look at the impact they will have on us as citizens and entrepreneurs. He shows how the political, social and technological changes that we are currently facing merely herald an even more turbulent period of geo-political unrest. With passion, he will guide you through a world full of change. In his book, Het Onzekerheidsvoordeel, he offers companies a foothold in today’s world of uncertainty. "
186;Hans Diels;Speaker;Male;Dutch, English;https://readmylips.be/sites/default/files/speakers/Hans_Diels-01.jpg;Hans Diels als spreker op jouw evenement? Neem vrijblijvend contact op met sprekersbureau Read My Lips voor meer inforatie!;Dutch;"De wereld vandaag, Politiek &amp; overheid, Economie";Non-profit;Yes;"Wie is Hans Diels?
Hans is toekomstdenker en geopolitiek expert bij ondernemersplatform ETION. Hij neemt je mee door de grote trends die de wereld veranderen, en gaat dieper in op de impact die ze zullen hebben op ons als burgers en als ondernemers. Hij toont aan hoe de politieke, maatschappelijke en technologische evoluties die we vandaag meemaken, slechts voorbodes zijn van een nog turbulentere geopolitieke periode. Met veel vuur gidst hij je door een wereld in volle verandering. In zijn boek Het Onzekerheidsvoordeel geeft hij bedrijven handvaten om hun weg te kunnen zoeken in deze onzekere wereld.  "
714;Heidi Van Tielen;Moderator;Female;Dutch, English;https://readmylips.be/sites/default/files/speakers/Heidi%20Van%20Tielen%20%282%29.jpg;"Heidi Van Tielen as a moderator on your event? Contact the speakers&#039; office Read My Lips for more information!";English;"Media &amp; culture, Entertainment";;Yes;"Who is Heidi Van Tielen?
Heidi Van Tielen has been heard on national radio for over 10 years. You probably know her as a morning show host on Qmusic and Joe. She has also presented her own TV programmes and has appeared as a guest in several TV shows. 
Heidi has interviewed the biggest performers in the course of her radio and TV work, and has hosted with great enthusiasm and love for the public in small venues, but also on stadiums such as the Sportpaleis and Ethias Arena. Through her work for Red Nose Day, she has interviewed many young people and care providers in recent years. 
Spontaneity, humour and accessibility are her greatest assets. She also holds a university degree in Language and Literature: Latin and Greek.
 "
714;Heidi Van Tielen;Moderator;Female;Dutch, English;https://readmylips.be/sites/default/files/speakers/Heidi%20Van%20Tielen%20%282%29.jpg;Heidi Van Tielen als moderator op jouw evenement? Neem contact op met sprekersbureau Read My Lips voor meer informatie!;Dutch;"Media &amp; cultuur, Entertainment";;Yes;"Wie is Heidi Van Tielen?
Heidi Van Tielen is al meer dan 10 jaar te horen op de nationale radio. Je kent haar waarschijnlijk als presentatrice van de ochtendshows op Qmusic en Joe. Ze heeft ook haar eigen tv-programma's gepresenteerd en ze was als gaste te zien in verschillende tv-shows. 
Heidi heeft door haar radio- en tv-werk al de grootste artiesten mogen interviewen en ze presenteerde met veel enthousiasme én liefde voor het publiek in kleine zalen, maar ook op grote podia zoals die van het Sportpaleis en de Ethias Arena. Door haar werk voor Rode Neuzen Dag interviewde ze de afgelopen jaren ook heel veel jongeren en zorgverleners. 
Spontaniteit, humor en toegankelijkheid zijn haar grootste troeven. Daarnaast heeft ze ook een universitair diploma Taal- en Letterkunde: Latijn en Grieks.
Luister naar Heidi Van Tielen in onze podcast Overmorgen. "
1147;Helden van het verzet;Speaker;Male;Dutch, French, English;https://readmylips.be/sites/default/files/speakers/01zw.jpeg;Wil jij De helden van het verzet als sprekers op jouw evenement? Neem vrijblijvend contact op met sprekersbureau Read My Lips voor meer informatie.;English;Current affairs, Philosophy, Religion and Spirituality, History;;Yes;"Who are 'Heroes of the Resistance'?
'Heroes of the Resistance' was founded by two passionate speakers, Dany Neudt and Tim Van Steendam.
More than fifteen thousand Belgian resistance heroes died during World War II. Fifteen thousand mothers, fathers, sons and daughters who gave their lives for our freedom. They were executed, beheaded, tortured to death, shot in the street ... They were often ordinary citizens who did extraordinary things against the Nazi occupiers. Unfortunately, just about all of them have been forgotten. High time to change that! That is why historian Dany Neudt and writer Tim van Steendam founded the non-profit organization Heroes of the Resistance. With their lectures, they bring to you the blood-curdling stories of the resistance that leave no one untouched.

          
  












    

  


  
  
      

      Vraag hier je offerte aan"
1147;Helden van het verzet;Speaker;Male;Dutch, French, English;https://readmylips.be/sites/default/files/speakers/01zw.jpeg;Wil jij De helden van het verzet als sprekers op jouw evenement? Neem vrijblijvend contact op met sprekersbureau Read My Lips voor meer informatie.;French;Le monde actuel, Philosophie, religion et spiritualité, Histoire;;Yes;"Qui est 'Héros de la Résistance'?
L'association ""Héros de la Résistance"" a été fondée par deux orateurs passionnés, Dany Neudt et Tim Van Steendam.
Plus de quinze mille héros de la résistance belge sont morts pendant la Seconde Guerre mondiale. Quinze mille mères, pères, fils et filles qui ont sacrifié leur vie pour notre liberté. Ils ont été exécutés, décapités, torturés à mort, abattus dans la rue... Il s'agissait souvent de citoyens ordinaires qui ont accompli des choses extraordinaires contre l'occupant nazi. Malheureusement, ils ont presque tous été oubliés. Il est grand temps de changer cela ! C'est pourquoi l'historien Dany Neudt et l'écrivain Tim van Steendam ont créé l'asbl Héros de la Résistance. Avec leurs conférences, ils vous font découvrir les histoires à glacer le sang de la résistance, qui ne laissent personne indifférent.

          
  












    

  


  
  
      

      Vraag hier je offerte aan"
1147;Helden van het verzet;Speaker;Male;Dutch, French, English;https://readmylips.be/sites/default/files/speakers/01zw.jpeg;Wil jij De helden van het verzet als sprekers op jouw evenement? Neem vrijblijvend contact op met sprekersbureau Read My Lips voor meer informatie.;Dutch;"De wereld vandaag, Filosofie, religie &amp; spiritualiteit, Geschiedenis";;Yes;"Wie zijn 'De helden van het verzet'?
'De helden van het verzet' werd opgericht door twee gedreven spreker, Dany Neudt en Tim Van Steendam.
Tijdens de Tweede Wereldoorlog stierven ruim vijftienduizend Belgische verzetshelden. Vijftienduizend moeders, vaders, zonen en dochters die hun leven lieten voor onze vrijheid. Ze werden geëxecuteerd, onthoofd, doodgemarteld, op straat neergeschoten … Het waren vaak doodgewone burgers die buitengewone dingen deden tegen de nazistische bezetter. Helaas zijn ze zowat allemaal vergeten. Hoog tijd om dat veranderen! Daarvoor richten historicus Dany Neudt en schrijver Tim van Steendam de vzw Helden van het Verzet op. Met hun lezingen brengen ze de bloedstollende verzetsverhalen die niemand onberoerd laten graag tot bij jullie.

          
  












    

  


  
  
      

      Vraag hier je offerte aan"
882;Helen Goedgebeur;Moderator;Female;Dutch, French, English;https://readmylips.be/sites/default/files/speakers/Helen%20Goedgebeur%20%282%29.jpg;"Helen Goedgebeur as a moderator on your event? Contact the speakers&#039; office Read My Lips for more information.";English;"Current affairs, Law, Media &amp; culture, Media";;Yes;"Who is Helen Goedgebeur?
Helen Goedgebeur (b. 1991) has worked as a legal journalist at VRT NWS since 2018, and reports for both radio (Radio 1, Radio 2, Klara, MNM, StuBru) and television (Het Journaal). She has reported on numerous high-profile court cases both at home and abroad in her capacity as court reporter. 
Helen spent five years studying Law at the University of Leuven prior to obtaining a Master's Degree in Journalism at the VUB (Free University of Brussels). She coupled this with a specialisation in Teaching Social Sciences and Philosophy. She commenced work as a teaching assistant at KU Leuven’s Faculty of Law immediately following her studies. After several years working as a newsreader at radio stations MNM and StuBru, Helen now combines her three greatest passions: law, language and presentation. 
Helen is an extremely enthusiastic and entertaining speaker and moderator at general or legal-orientated events. “I believe the job of a journalist is to communicate technically complex topics and cases to viewers and listeners in a clear and comprehensible way.’’
 "
882;Helen Goedgebeur;Moderator;Female;Dutch, French, English;https://readmylips.be/sites/default/files/speakers/Helen%20Goedgebeur%20%282%29.jpg;Helen Goedgebeur comme modérateur à votre évènement ? Contactez Read My Lips, notre bureau d’orateurs spécialisés !;French;Le monde actuel, Droit, Médias et culture, Media;;Yes;"Qui est Helen Goedgebeur ?
Helen Goedgebeur (1991) est journaliste judiciaire à VRT NWS depuis 2018 et réalise des reportages à la fois pour la radio (Radio 1, Radio 2, Klara, MNM, StuBru) et pour la télévision (Het Journaal). En tant que reporter judiciaire, elle a déjà réalisé de nombreux reportages sur des procès très médiatisés en Belgique et à l’étranger.
Helen a étudié le droit à la KU Leuven pendant cinq ans, avant d’obtenir un master complémentaire en journalisme à la VUB. Elle a combiné cela avec une formation spécifique de professeur en sciences sociales et en philosophie. Tout de suite après ses études, elle a commencé à travailler comme assistante pédagogique à la faculté de droit de la KU Leuven. Après avoir présenté plusieurs années le journal pour les stations de radio MNM et StuBru, elle allie maintenant ses trois grandes passions : le droit, la langue et la présentation. 
Helen est une oratrice ou modératrice tout à fait enthousiaste et souriante pour des événements d’ordre général ou à caractère plutôt juridique. « Je crois que c’est notre force, en tant que journalistes, de rapporter d’une manière compréhensible et claire à notre téléspectateur et à notre auditeur des sujets ou des dossiers souvent difficiles sur le plan technique. »
 "
882;Helen Goedgebeur;Moderator;Female;Dutch, French, English;https://readmylips.be/sites/default/files/speakers/Helen%20Goedgebeur%20%282%29.jpg;Helen Goedgebeur als moderator op jouw evenement? Neem vrijblijvend contact op met sprekersbureau Read My Lips voor meer informatie.;Dutch;"De wereld vandaag, Recht, Media &amp; cultuur, Media";;Yes;"Wie is Helen Goedgebeur?
Helen Goedgebeur (1991) is sinds 2018 actief als justitiejournaliste bij VRT NWS en brengt zowel verslag uit voor radio (Radio 1, Radio 2, Klara, MNM, StuBru), als voor televisie (Het Journaal). Als gerechtsverslaggever maakte ze al vele verschillende reportages over spraakmakende processen in zowel binnen- als buitenland.
Helen studeerde vijf jaar lang Rechten aan de KU Leuven, waarna ze een extra master behaalde in de Journalistiek aan de VUB. Dit combineerde ze met een Specifieke Lerarenopleiding Maatschappijwetenschappen en Filosofie. Meteen na haar studies ging ze aan de slag als onderwijsassistente aan de Faculteit Rechtsgeleerdheid van de KU Leuven. Na vervolgens enkele jaren te werken als nieuwslezer bij radiozenders MNM en StuBru, combineert ze nu haar drie grote passies: recht, taal én presentatie.
Helen is een perfect enthousiaste en goedlachse spreker of moderator voor algemene evenementen of evenementen met een eerder juridische insteek. “Het is geloof ik onze kracht als journalist om vaak technisch moeilijke onderwerpen of dossiers op een bevattelijke en heldere manier te brengen aan onze kijker en luisteraar.
 "
189;Hendrik Winkelmans;Speaker;Male;Dutch, English;https://readmylips.be/sites/default/files/speakers/Winkelmans_Hendrik_200125_3.jpg;Who is Hendrik Winkelmans?;English;Management, Leadership and Senior Management, Enterprise, Strategy, CSR (Corporate Social Responsibility);;No;"Who is Hendrik Winkelmans?
Hendrik is an entrepreneur and former lawyer and McKinsey consultant. By bike! (B) and Hans Struijk (NL), he was able - together with his wife Catherine - to establish two market leaders in bicycle retail in the Benelux within just six years. Winkelmans was literally true to his name (winkel: shop) as he went from one bicycle store to the other, and ended up as CEO of a chain that employed 250 people.
In 2017, he sold his flourishing company in order to coach young entrepreneurs and invest in their companies. Hendrik talks about entrepreneurship and innovation with passion and honesty, and is particularly inspirational for start-ups, scale-ups or mature companies that are looking for a boost.

Hendrik Winkelmans is also a speaker and panel member concerning entrepreneurship and is always aware of the latest developments. He speaks with a lot of passion and knowledge, but is also very honest about entrepreneurship and innovation. He is familiar with the ‘gilded cage’ of senior management, the obstacles presented by large structures and the importance of self-knowledge and modesty as entrepreneur."
189;Hendrik Winkelmans;Speaker;Male;Dutch, English;https://readmylips.be/sites/default/files/speakers/Winkelmans_Hendrik_200125_3.jpg;Wie is Hendrik Winkelmans?;Dutch;"Management, Leiderschap &amp; topmanagers, Ondernemen, Strategie, MVO (Maatschappelijk verantwoord ondernemen)";;No;"Wie is Hendrik Winkelmans?
Hendrik is ondernemer, ex-advocaat en -McKinsey consultant. Met Fiets! (B) en Hans Struijk (NL) heeft hij in zes jaar tijd samen met zijn vrouw Catherine de marktleiders in de fietsretail binnen de Benelux uit de grond gestampt. Winkelmans heeft zijn naam toen letterlijk waargemaakt, met een tocht van deur tot deur bij fietsenmakers, om te eindigen als CEO van een keten met 250 medewerkers.
In 2017 verkocht hij zijn bloeiende bedrijf om voortaan jonge ondernemers te coachen en te investeren in hun bedrijven. Hendrik praat met passie en kwetsbaarheid over ondernemen en innoveren, en is bijzonder inspirerend voor start-ups, scale-ups of mature bedrijven die op zoek zijn naar zuurstof.

Hendrik Winkelmans is ook spreker en panellid rond ondernemerschap en houdt altijd de vinger aan de pols. Hij praat met veel passie en kennis van zaken, maar ook vanuit de buik over ondernemerschap en innovatie. Hij kent de zogenaamde ‘gouden kooi’ van topkaders, de remmingen van grote structuren, het belang van zelfkennis en bescheidenheid als ondernemer."
1261;Herman Konings;Speaker;Male;Dutch, English;https://readmylips.be/sites/default/files/speakers/Foto%20niet%20beschikbaar%20%281%29_3.png;Herman Konings as a speaker at your event? Feel free to contact speakers office Read My Lips for more information.;English;"Current affairs, Society &amp; Diversity, Innovation &amp; Trends";;Yes;"Who is Herman Konings?
Herman Konings, born 1964, holds a master's degree in theoretical psychology (KU Leuven) and runs the Antwerp-based trend and future research agency Pocket Marketing/nXt.
As a trend analyst and change psychologist, Herman regularly gives consultations, workshops and lectures to companies, societies, governments and higher education about trend shifts and future expectations. Between 2000 and 2023, Herman has given some 3,200 lectures and working meetings, including some 800 in the Netherlands and over 200 outside the Benelux.
Herman is an unadulterated storyteller who knows how to captivate the audience in a compelling journey into the wonderful world of passions and interests, of trends and future expectations, of what is and what will be.

          
  












    

  


  
  
      

      Request your offer"
1261;Herman Konings;Speaker;Male;Dutch, English;https://readmylips.be/sites/default/files/speakers/Foto%20niet%20beschikbaar%20%281%29_3.png;"Herman Konings comme orateur lors de votre événement ? N&#039;hésitez pas à contacter le bureau de conférenciers Read My Lips pour plus d&#039;informations.";French;Le monde actuel, Société et diversité, Innovation et tendances;;Yes;"Qui est Herman Konings ?
Herman Konings, né en 1964, est titulaire d'une maîtrise en psychologie théorique (KU Leuven) et dirige l'agence anversoise de recherche sur les tendances et l'avenir Pocket Marketing/nXt.
En tant qu'analyste des tendances et psychologue du changement, Herman donne régulièrement des consultations, des ateliers et des conférences aux entreprises, aux sociétés, aux gouvernements et à l'enseignement supérieur sur les changements de tendances et les attentes futures. Entre 2000 et 2023, Herman a donné quelque 3 200 conférences et réunions de travail, dont environ 800 aux Pays-Bas et plus de 200 en dehors du Benelux.
Herman est un conteur infaillible qui sait comment captiver le public dans un voyage fascinant dans le monde merveilleux des passions et des intérêts, des tendances et des attentes futures, de ce qui est et de ce qui sera.

          
  












    

  


  
  
      

      Demander votre offre"
1261;Herman Konings;Speaker;Male;Dutch, English;https://readmylips.be/sites/default/files/speakers/Foto%20niet%20beschikbaar%20%281%29_3.png;Herman Konings als spreker op jouw evenement? Neem vrijblijvend contact op met sprekersbureau Read My Lips voor meer informatie.;Dutch;"De wereld vandaag, Samenleving &amp; diversiteit, Innovatie &amp; trends";;Yes;"Wie is Herman Konings?
Herman Konings, bouwjaar 1964, is master in de theoretische psychologie (KU Leuven) en beheerder van het Antwerpse trend- en toekomstonderzoeksbureau Pocket Marketing/nXt.
Als trendanalist en veranderingspsycholoog geeft Herman regelmatig consults, workshops en lezingen aan bedrijven, venootschappen, overheden en het hoger onderwijs over trendverschuivingen en toekomstverwachtingen. Tussen 2000 en 2023 heeft Herman zo'n 3200 lezingen en werkmeetings gegeven, waarvan een 800-tal in Nederland en ruim 200 buiten de Benelux.
Herman is een onvervalste verhalenverteller die de toeschouwer in een meeslepend parcours weet te begeesteren voor de wondere wereld van passies en interesses, van trends en toekomstverwachtingen, van wat is en wat zal zijn.

          
  












    

  


  
  
      

      Vraag je offerte aan"
192;Herman Toch;Speaker;Male;Dutch, English;https://readmylips.be/sites/default/files/speakers/Toch_Herman_200124_2.jpg;Who is Herman Toch?;English;"Management, Leadership and Senior Management, Enterprise, Strategy, CSR (Corporate Social Responsibility), HR &amp; Wellbeing, Corporate Culture, Work/Life Balance";;Yes;"Who is Herman Toch?
A new generation of ‘winners’ is conquering the arena. They are companies, entrepreneurs and organisations that appear to effortlessly attract talent, attention and resources. They are difficult to categorise when examined from a traditional perspective. They do not fall under ‘for profit’ because they focus on society. But they also do not fall under ‘non-profit’ because profitability is very important. These new winners are opting for society-building entrepreneurship. They are combining better for me + better for the world and are playing their own game: The Positive Sum Game.
The arrival of these new players has changed the commercial landscape into a continuum. A new world has thus developed between, and on the boundaries of, profit and non-profit. A world that is currently home to the most popular companies, brands and organisations. A world where entrepreneurs, managers and employees can show more of their human side."
192;Herman Toch;Speaker;Male;Dutch, English;https://readmylips.be/sites/default/files/speakers/Toch_Herman_200124_2.jpg;Herman Toch als moderator op jouw evenement? Neem vrijblijvend contact op met sprekersbureau Read My Lips voor meer informatie.;Dutch;"Management, Leiderschap &amp; topmanagers, Ondernemen, Strategie, MVO (Maatschappelijk verantwoord ondernemen), HR &amp; wellbeing, Bedrijfscultuur, Balans werk/leven";;Yes;"Wie is Herman Toch?
Een nieuwe generatie ‘winnaars’ neemt het speelveld over. Het zijn bedrijven, ondernemers en organisaties die schijnbaar moeiteloos talent, aandacht en middelen aantrekken. Wie hen door een klassieke bril bekijkt, kan hen moeilijk plaatsen. Ze vallen niet onder de noemer ‘profit’, want ze zetten in op de maatschappij. Maar ze horen ook niet bij ‘non-profit’, want winst is er wel degelijk belangrijk. De nieuwe winnaars gaan voor maatschappijbouwend ondernemen. Ze combineren better for me + better for the world en spelen hun eigen spel: The Positive Sum Game.
De komst van deze nieuwe spelers heeft de bedrijfseconomische ruimte hertekend tot een continuüm. Tussen en op de grenzen van profit en non-profit heeft zich een nieuwe wereld ontvouwd. Een wereld waar vandaag de meest gegeerde bedrijven, merken en organisaties wonen. Een wereld waar ondernemers, managers en medewerkers meer mens kunnen zijn.
Luister naar Herman Toch in onze podcast Overmorgen. "
735;Hermina Van Coillie;Speaker;Female;Dutch, English;https://readmylips.be/sites/default/files/speakers/Hermina_Van_Coillie_02_RML.jpg;"Hermina Van Coillie as a speaker on your event? Contact the speakers&#039; office Read My Lips for more information.";English;"Current affairs, Science, Society &amp; Diversity, Management, Leadership and Senior Management, Enterprise, Strategy, CSR (Corporate Social Responsibility), HR &amp; Wellbeing, Corporate Culture, Work/Life Balance";;Yes;"Who is Hermina Van Coillie?
Hermina Van Coillie, Doctor in Psychology, motivation expert, keynote speaker, lecturer in various HRM postgraduate courses, author, member of the council of sages at ESF, senior consultant and business manager at Flourish. In April 2021, she published her first book, which she had written with Prof. Dr. Anja van den Broeck, Motiveren zonder controleren (Motivating without controlling). Getting started with self-determination theory in the workplace! Motiveren zonder controleren - die Keure.
Hermina is a popular speaker, who for years has been giving keynote presentations, inspiration sessions, master classes, workshops and management training for business leaders, HR directors, HR managers, supervisors and prevention advisers, as well as supervising teams and executive committees. 
Hermina takes a unique approach: She brings to life one of the most influential psychological theories of this century, scientifically grounded, and immediately accessible to everyone. Not only at work but also at home and in the sports club, Hermina surprises and moves her audience with her charisma, authenticity and expertise, but also with her new and useful insights. 
High-quality motivation is not the goal in itself but the means by which you achieve peak performance and 'blossoming'. With the right motivation you experience less stress, less chance of burnout, and thus you are able to concentrate better and feel better; in short, you become a 'high performer'. 
 She links this 'high quality' motivation to numerous HR themes, such as burnout, well-being, leadership, flexible working arrangements (in terms of time and place), absenteeism, performance management, work addiction, work/life balance, remuneration, hybrid working and ageing. 
 "
735;Hermina Van Coillie;Speaker;Female;Dutch, English;https://readmylips.be/sites/default/files/speakers/Hermina_Van_Coillie_02_RML.jpg;Hermina Van Coillie als spreker op jouw evenement? Neem vrijblijvend contact op met sprekersbureau Read My Lips voor meer informatie.;Dutch;"De wereld vandaag, Wetenschap, Samenleving &amp; diversiteit, Management, Leiderschap &amp; topmanagers, Ondernemen, Strategie, MVO (Maatschappelijk verantwoord ondernemen), HR &amp; wellbeing, Bedrijfscultuur, Balans werk/leven";;Yes;"Wie is Hermina Van Coillie?
Hermina Van Coillie, Dr. in de psychologie, is motivatie-expert, keynote speaker, docent in verschillende HRM-postgraduaatopleidingen, auteur, lid van de raad der wijzen bij het ESF, senior consultant en zaakvoerder bij Flourish. In april 2021 bracht ze haar eerste boek uit, dat ze schreef samen met prof. Dr. Anja van den Broeck, Motiveren zonder controleren. Aan de slag met de zelfdeterminatietheorie op de werkvloer! Motiveren zonder controleren - die Keure.
Hermina is een veelgevraagd spreekster, ze geeft al jaren keynotes, inspiratiesessies, masterclasses, workshops en trainingen voor bedrijfsleiders, HR directors, HR managers, leidinggevenden, preventieadviseurs en ze begeleidt teams en directiecomités. 
Hermina hanteert een unieke aanpak: Ze brengt een van de meest invloedrijke psychologische theorieën van deze eeuw tot leven, wetenschappelijk gefundeerd, en tegelijk direct bruikbaar voor iedereen. En niet alleen op het werk, maar ook thuis of in de sportclub., Hermina verrast en beroert haar publiek, niet alleen door haar charisma, authenticiteit en expertise, maar ook door haar nieuwe en bruikbare inzichten. 
High quality-motivatie is niet het doel op zich, maar het middel waardoor ze topprestaties neerzet, en ‘openbloeit’. Met de juiste motivatie ervaar je minder stress, verminder je de kans op burn-out, kan je je beter concentreren, voel je je beter, kortom, word je een ‘high performer’. 
Ze linkt deze ‘high quality’-motivatie dan ook aan tal van HR-thema’s, zoals burn-out, welzijn, leiderschap, tijds-en plaatsonafhankelijk werken, absenteïsme, performance management, werkverslaving, work-life balance, verloning, hybride werken en vergrijzing. "
196;Ilse Van Hoecke;Moderator;Female;Dutch, French, English;https://readmylips.be/sites/default/files/speakers/Vanhoecke_Ilse_200409_foto2_var.jpg;Who is Ilse Van Hoecke?;English;Current affairs, Entertainment;;No;"Who is Ilse Van Hoecke?
Ilse is well known in Flanders as a TV presenter, but took the first steps in her professional career in the world of theatre. She was later one of the very first Ketnet rappers and thus partly responsible for the success of children's broadcaster, Ketnet. For many years, she combined her presentation work on VRT channel Eén with work on the radio. For instance, she was jointly responsible for creating the hugely popular radio programme De Madammen, which attracts 1 million listeners every day. She has 20 years’ experience in the media and has acquired great expertise in presentation and interviewing techniques during those years. She feels at home in diverse topics and contexts.
In 2012, she briefly switched to Libelle TV and helped to create a new TV concept. After two years, she found her first love again when she became a lecturer (in language and communication for teachers) at the Thomas More college. In the meantime, she has also started her own company called Speak Up, which provides training and advice on verbal and non-verbal communication. Despite exploring various professional avenues, she is still passionate about the theatre, literature, good food and travel."
196;Ilse Van Hoecke;Moderator;Female;Dutch, French, English;https://readmylips.be/sites/default/files/speakers/Vanhoecke_Ilse_200409_foto2_var.jpg;Ilse Van Hoecke als moderator op jouw evenement? Neem vrijblijvend contact op met sprekersbureau Read My Lips voor meer informatie!;Dutch;De wereld vandaag, Entertainment;;No;"Wie is Ilse Van Hoecke?
Ilse heeft in Vlaanderen een ruime bekendheid verworven als tv-presentatrice, maar de eerste stappen in haar professionele leven zette ze op het theaterpodium. Later lag ze mee aan de basis van het succes van de jongerenzender Ketnet, want ze was er een van de eerste Ketnetwrappers. Jarenlang combineerde ze haar presenteerwerk voor VRT-zender één met radiowerk. Zo stond ze mee aan de wieg van het immens populaire radioprogramma De Madammen, dat dagelijks 1 miljoen luisteraars weet te bekoren. Ze heeft 20 jaar ervaring in de media en bouwde in die jaren een grote expertise op in presentatie- en interviewtechniek. Ze voelt zich thuis in heel diverse onderwerpen en contexten.
In 2012 maakte ze even een uitstap naar Libelle TV en raakte er betrokken bij de creatie van een nieuw tv-concept. Na twee jaar pikte ze haar eerste liefde opnieuw op en ze ging weer lesgeven, aan de hogeschool Thomas More (taal en communicatie in de lerarenopleiding). Intussen heeft ze met Speak Up ook een eigen bedrijf opgestart, waarmee ze trainingen en advies geeft op vlak van verbale en non-verbale communicatie. Ondanks die nieuwe professionele paden koestert ze nog steeds haar liefde voor het theater, voor de literatuur, voor lekker eten en reizen."
461;Indra Dewitte;Speaker, Moderator;Female;Dutch, French, English;https://readmylips.be/sites/default/files/speakers/Dewitte_Indra_200125_1.jpg;Who is Indra Dewitte?;English;"Media &amp; culture, Media, Management, Leadership and Senior Management";;Yes;"Who is Indra Dewitte?
Journalist Indra is an experienced presenter and gifted interviewer, who always packs a surprise. She knows the ins and outs of news media and is a familiar face, having presented various news programmes such as Terzake and De Zevende Dag. She is currently chief editor at Het Belang van Limburg. Thanks to this expertise, her thorough preparation and solid background knowledge, she is always able to finely dissect arguments presented by her conversation partners, certainly during live events. In addition, based on her wide journalistic experience, she gives regular lectures on the evolution and future of the media, and regional media in particular."
461;Indra Dewitte;Speaker, Moderator;Female;Dutch, French, English;https://readmylips.be/sites/default/files/speakers/Dewitte_Indra_200125_1.jpg;Wie is Indra Dewitte?;French;Médias et culture, Media, Management, Leadership et top managers;;Yes;"Qui est Indra Dewitte ?
La journaliste Indra est une présentatrice expérimentée et une intervieweuse inspirée, toujours pleine d'entrain. Elle connaît bien les médias d'information et est un visage familier en tant que présentatrice de divers programmes d'information tels que Terzake et De Zevende Dag. Elle est aujourd'hui rédactrice en chef de Het Belang van Limburg. Grâce à cette expertise, à sa préparation minutieuse et à sa connaissance approfondie du contexte, elle réussit toujours à capter parfaitement ses interlocuteurs, en particulier lors d'événements en direct. En outre, elle donne régulièrement des conférences sur l'évolution et l'avenir des médias et des médias régionaux en particulier, sur la base de sa double expérience journalistique."
461;Indra Dewitte;Speaker, Moderator;Female;Dutch, French, English;https://readmylips.be/sites/default/files/speakers/Dewitte_Indra_200125_1.jpg;Wie is Indra Dewitte?;Dutch;"Media &amp; cultuur, Media, Management, Leiderschap &amp; topmanagers";;Yes;"Wie is Indra Dewitte?
Journaliste Indra is een ervaren presentatrice en een bevlogen interviewster die altijd pittig uit de hoek komt. Ze is gepokt en gemazeld in de nieuwsmedia en is een bekend gezicht als anker van diverse nieuwsprogramma’s zoals Terzake en De Zevende Dag. Nu is ze hoofdredacteur van Het Belang van Limburg. Door die expertise, haar grondige voorbereiding en gedegen achtergrondkennis slaagt ze er altijd perfect in om snedig in te pikken op haar gesprekspartners, zeker tijdens live-events. Bovendien geeft ze vanuit haar dubbele journalistieke ervaring regelmatig lezingen over de evolutie en toekomst van de media en de regionale media in het bijzonder.
 
Luister naar Indra Dewitte in onze podcast Overmorgen. "
1127;Ine Beyen;Speaker, Moderator;Female;Dutch, English;https://readmylips.be/sites/default/files/speakers/A717F378-4734-4E7C-B8AD-2A7E91E234B4%20ZW.jpg;Ine Beyen als spreker of moderator op jouw evenement? Neem vrijblijvend contact op met sprekersbureau Read My Lips voor meer informatie.;English;"Media &amp; culture, Marketing &amp; communication, Entertainment, Sport";;Yes;"Communicating, talking, consulting, it's in her blood. Ine graduated in 2009 as Master in Communication Sciences and was then able to immediately turn her hobby into her profession: becoming a professional cyclist. Nowadays, as an ex-pro cyclist, to be the regular co-commentator for all women's cycling on Sporza is a blessing. It even feels a bit like coming home for her. Her career has grown organically but grew mainly thanks to daring and perseverance. Characteristics that, besides discipline, are often an added value for a top athlete. It started as a journalist with online reports for Sportwereld and in the meantime she makes reports and portraits for Vive Le velo!, Sportweekend and Sporza online.
She also completes her own video productions commissioned by companies. She likes to go all the way: from research, to planning and contacts, to interviewing and editing. In addition to reporting and commenting on women's cycling, she finds it a challenge to make the link between sports and the corporate world. Perseverance, perseverance, discipline, teamwork.... not infrequently are terms that make a company grow. They provide a recognizable parallel and through contemporary examples you are often able to address an audience in a motivational way in their own context.

          
  












    

  


  
  
      

      Request your offer here"
1127;Ine Beyen;Speaker, Moderator;Female;Dutch, English;https://readmylips.be/sites/default/files/speakers/A717F378-4734-4E7C-B8AD-2A7E91E234B4%20ZW.jpg;Ine Beyen als spreker of moderator op jouw evenement? Neem vrijblijvend contact op met sprekersbureau Read My Lips voor meer informatie.;Dutch;"Media &amp; cultuur, Marketing &amp; communicatie, Entertainment, Sport";;Yes;"Communiceren, praten, overleggen, het zit in haar m'n bloed. Ine studeerde in 2009 af als Master in de Communicatiewetenschappen en kon daarna meteen van haar hobby haar beroep maken: professioneel wielrenster worden. Om tegenwoordig als ex-profrenster de vaste co-commentator te zijn voor al het vrouwenwielrennen op Sporza, het is een zegen. Het voelt voor haar zelfs een beetje als thuiskomen. Haar carrière is organisch gegroeid maar groeide vooral dankzij durven en doorzetten. Karakteristieken die voor een topsporter, naast discipline, vaak een meerwaarde zijn. Het begon als journalist met online reportages voor Sportwereld en ondertussen maak ik reportages en portretten voor Vive Le velo!, Sportweekend en Sporza online.
Daarnaast werkt ze ook eigen videoproducties af in opdracht van bedrijven. Ze houdt ervan om de volledige weg te bewandelen: van research, tot planning en contacten, tot interviewen en montage. Naast het maken van reportages en het becommentariëren van vrouwenwielrennen vindt ze het een uitdaging om de link tussen sport en de bedrijfswereld te maken. Doorzetting, volharding, discipline, teamwork... niet zelden zijn het termen die een bedrijf doen groeien. Ze zorgen voor een herkenbare parallel en door middel van hedendaagse voorbeelden ben je vaak in staat om een publiek motiverend toe te spreken in hun eigen context.

          
  












    

  


  
  
      

      offerte aanvragen?"
925;Ines Vanlangendonck;Speaker;Female;Dutch, French, English;https://readmylips.be/sites/default/files/speakers/Ines%20Vanlangendonck%20%281%29.jpg;"Ines Vanlangendonck as a speaker on your event? Contact the speakers&#039; office Read My Lips for more information.";English;"Current affairs, Sustainability &amp; Climate, Technology &amp; innovation";;Yes;"Who is Ines Vanlangendonck?
Techie, entrepreneur, systems thinker and unstoppably curious about that wonderful interface of Digital and Sustainability. With my training as a linguist in my back pocket and a decent drawing pen, I always have an eye for clear communication and visual explanations, especially when technology becomes complex. My entrepreneurial path led from a small internet agency in Chile in 2002, to RedTree (today Formica) in 2008 and Foursevens, a digital innovation company, in 2011. In 2020 I started the consultancy firm Kamon. At the same time, I continued to be active in my companies as a programmer, system administrator, functional analyst and digital advisor. After thorough training in Sustainability at Cambridge University, I started exploring how to put my own expertise at the service of the great need for sustainable transformation that companies face today. That brain-teasing led to Kamon. In addition, I give inspired and compelling lectures on sustainable transformation and about the intersection, or sometimes the clash, between digital technology and sustainability."
925;Ines Vanlangendonck;Speaker;Female;Dutch, French, English;https://readmylips.be/sites/default/files/speakers/Ines%20Vanlangendonck%20%281%29.jpg;Ines Vanlangendonck als spreker op jouw evenement? Neem vrijblijvend contact op met sprekersbureau Read My Lips voor meer informatie.;French;Le monde actuel, Durabilité et climat, Technologie et innovation;;Yes;"Qui est Ines Vanlangendonck ?
Technophile, entrepreneuse, dotée d'une pensée systémique et d'une curiosité insatiable à l’égard de cet étrange carrefour thématique où se mêlent ère numérique et durabilité. Avec un diplôme de linguiste en poche et un joli coup de crayon, je suis toujours sensible à une communication claire et des explications sous forme imagée, a fortiori lorsque la technologie tend à se complexifier. Mon parcours d’entrepreneuse m'a mené d'une petite agence web au Chili en 2002, à RedTree (aujourd'hui Formica) en 2008 et à Foursevens, une entreprise active dans le domaine de l’innovation numérique, en 2011. En 2020, j’ai fondé le cabinet de consultance Kamon. J'ai également continué de travailler au sein de mes entreprises, respectivement en tant que programmeuse, administratrice système, analyste fonctionnelle et conseillère numérique. Après avoir suivi une formation poussée en durabilité à l'université de Cambridge, j’ai commencé à réfléchir à la manière dont je pouvais mettre mon expertise au service de la transformation durable à laquelle les entreprises doivent faire face aujourd'hui. C’est de cette réflexion qu’est née Kamon. Je donne également des conférences inspirantes et passionnantes sur la transformation durable et ce carrefour thématique où se mêlent, et parfois se heurtent, technologie numérique et durabilité."
925;Ines Vanlangendonck;Speaker;Female;Dutch, French, English;https://readmylips.be/sites/default/files/speakers/Ines%20Vanlangendonck%20%281%29.jpg;Ines Vanlangendonck als spreker op jouw evenement? Neem vrijblijvend contact op met sprekersbureau Read My Lips voor meer informatie.;Dutch;"De wereld vandaag, Duurzaamheid &amp; klimaat, Technologie &amp; innovatie";;Yes;"Wie is Ines Vanlangendonck?
Techneut, onderneemster, systeemdenker en onhoudbaar weetgierig op het kruispunt van digitalisering en duurzaamheid. Ines heeft als technologie expert ook steeds oog voor heldere communicatie en beeldende uitleg, zeker wanneer technologie complex wordt. Haar weg als ondernemer begon bij een klein internetbureau in Chili in 2002, naar CMS integrator RedTree in 2008 en digital agency Foursevens in 2011. In 2020 startte ze Kamon op: digitalisering van de circulaire economie. Met een certificaat Sustainability Leadership van Cambridge University onder de arm bedenkt Ines digitale oplossingen voor duurzame diensten en bedrijfsprocessen. Ze geeft daarnaast bevlogen en altijd verrassende lezingen over duurzame innovatie en over het kruispunt, of soms de botsing, van digitale technologie en duurzaamheid.

          
  












    

  


  
  
      

      Offerte"
616;Inge Declercq;Speaker, Moderator;Female;Dutch, French, English;https://readmylips.be/sites/default/files/speakers/FOTO_De%20kracht%20van%20slapen_auteursfoto2.jpg;Inge Declercq is a speaker and moderator at Read My Lips. Inge discusseubjects as HR, Wellbeing, Management, Health and Science.;English;"Current affairs, Science, Safety, Management, Leadership and Senior Management, HR &amp; Wellbeing, Corporate Culture, Work/Life Balance";Non-profit;Yes;"Who is Inge Declercq?
Dr. Inge Declercq is a doctor, neurologist and certified sleep expert, and the author of the book ‘De kracht van slapen’ (The Power of Sleep). Empathy and helping people using a scientifically based pragmatic approach are some of her guiding principles. She brings the power of sleep to organisations and the business world with her ‘SleepWell&amp;StressLess’ programme. 
Inga is a passionate guide who helps people achieve optimal performance, improved resilience, energy and health, through the optimisation of the quality of their sleep and waking life.
She also attaches great importance to diversity: she combined her studies in Medicine at Leuven University with a Bachelor of Philosophy at French-speaking ULB University, worked abroad, perfected her expertise with a university education in cognitive behavioural therapy for insomnia at ULB, followed a certified coaching course, mastered various stress-coping techniques, and has great expertise in chronobiology and neuroscience.
She has extensive clinical experience from her hospital career and is currently affiliated with Antwerp University Hospital (Universitair Ziekenhuis Antwerpen - UZA)."
616;Inge Declercq;Speaker, Moderator;Female;Dutch, French, English;https://readmylips.be/sites/default/files/speakers/FOTO_De%20kracht%20van%20slapen_auteursfoto2.jpg;Inge Declercq comme orateur à votre évènement ? Contactez Read My Lips, notre bureau d’orateurs spécialisés !;French;Le monde actuel, Sciences, Sécurité, Management, Leadership et top managers, RH et bien-être, Culture d’entreprise, Équilibre travail/vie privée;Non-profit;Yes;"Qui est Inge Declercq ?
Dr Inge Declercq est médecin, neurologue, experte du sommeil certifiée et auteure du livre « De kracht van slapen » (Le pouvoir du sommeil). Faire preuve d’empathie et aider les gens à partir d’un pragmatisme scientifiquement étayé sont quelques-uns de ses fils conducteurs. Avec son programme « SleepWell&amp;StressLess », elle apporte le pouvoir du sommeil aux organisations et au monde des affaires. 
Inge guide avec passion les gens vers des performances optimales, un renforcement de la résilience, de l’énergie et de la santé, via l’optimisation de leur qualité de sommeil et d’éveil.
Elle attache aussi une grande importance à la diversité : elle a combiné ses études de médecine à la KULeuven avec un bachelier en philosophie à l’ULB, a travaillé à l’étranger, a complété son expertise d’une formation universitaire en thérapie comportementale cognitive pour l’insomnie à l’ULB, a suivi une formation de coach certifiée, maitrise diverses techniques de gestion du stress et possède une grande expertise en chronobiologie et en neurosciences.
Forte d’une vaste expérience clinique fondée sur une carrière hospitalière, elle est aujourd’hui attachée à l’hôpital universitaire d’Anvers (UZA).
 "
616;Inge Declercq;Speaker;Female;Dutch, French, English;https://readmylips.be/sites/default/files/speakers/FOTO_De%20kracht%20van%20slapen_auteursfoto2.jpg;"Inge Declercq als spreker op jouw evenement over management, HR &amp; wellbeing, wetenschap en veiligheid? Contacteer sprekersbureau Read My Lips!";Dutch;"De wereld vandaag, Wetenschap, Veiligheid, Management, Leiderschap &amp; topmanagers, HR &amp; wellbeing, Bedrijfscultuur, Balans werk/leven";Non-profit;Yes;"Wie is Inge Declercq?
Dr. Inge Declercq is arts, neuroloog, gecertifieerd slaapexpert en schrijfster van de boeken De kracht van slapen en Slaap wijzer. Empathie, mensen helpen vanuit een wetenschappelijk onderbouwd pragmatisme zijn enkele van haar leidraden. Met haar programma “SleepWell&amp;StressLess” brengt ze de kracht van slapen naar organisaties en de bedrijfswereld. 
Inge is een gepassioneerd gids die mensen leidt naar een optimaal prestatievermogen, versterkte veerkracht, energie en gezondheid, via het optimaliseren van hun slaap- en waakkwaliteit.
Diversiteit draagt ze ook hoog in het vaandel: ze combineerde haar studies Geneeskunde aan de KULeuven met een Bachelor Filosofie aan de Franstalige ULB, werkte in het buitenland, vervolmaakte haar deskundigheid met een universitaire opleiding in de cognitieve gedragstherapie voor insomnie aan de ULB, volgde een gecertifieerde coachopleiding, beheerst diverse stress-coping technieken en heeft een grote expertise in chronobiologie en neurowetenschappen. Uitgebreide klinische ervaring steunt op een ziekenhuiscarrière, inmiddels is ze verbonden aan het Universitair Ziekenhuis Antwerpen (UZA).
Luister naar Inge Declercq in onze podcast Overmorgen. "
463;Inge Geerdens;Speaker;Female;Dutch, English;https://readmylips.be/sites/default/files/speakers/Geerdens_Inge_200124_1.jpg;Who is Inge Geerdens?;English;"Marketing &amp; communication, Marketing, Sales &amp; Customer Service, PR &amp; Communication, Management, Leadership and Senior Management, Enterprise, Strategy";;Yes;"Who is Inge Geerdens?
Inge founded the Antwerp-based recruitment and selection bureau Executive Research in 2003. She gained earlier experience of the profession at a recruitment agency. In 2006, she founded a second company, CVWarehouse, which offers a complete online recruitment platform for companies That was also the year in which she received the Womed Award from Unizo/Markant and Vlerick. But she is also very active as a promoter of enterprise, jury member, commentator, lecturer, columnist and advisor. Her lectures are based on her personal experiences, including her failures, and are about the importance of searching for talent, being able to sell yourself and women in companies."
463;Inge Geerdens;Speaker;Female;Dutch, English;https://readmylips.be/sites/default/files/speakers/Geerdens_Inge_200124_1.jpg;Wie is Inge Geerdens?;Dutch;"Marketing &amp; communicatie, Marketing, Verkoop &amp; klantenservice, PR &amp; communicatie, Management, Leiderschap &amp; topmanagers, Ondernemen, Strategie";;Yes;"Wie is Inge Geerdens?
Inge richtte in 2003 het Antwerpse wervings- en selectiebureau Executive Research op. Voordien had ze al geproefd van het vak bij een rekruteringskantoor. In 2006 richtte ze een tweede bedrijf op, CVWarehouse, dat een heus online rekrutingsplatform biedt aan bedrijven. In dat jaar is ze bekroond met de Womed Award van Unizo/Markant en Vlerick. Maar ze is ook bijzonder actief als promotor van het ondernemerschap, als jurylid, opiniemaker, docent, columnist en adviseur. Haar lezingen vertrekken vanuit haar eigen ervaring, de mislukkingen incluis, en gaan over het belang van talent te zoeken, van jezelf te kunnen verkopen en van vrouwen in de onderneming."
663;Isabel De Clercq;Speaker;Female;Dutch, French, English;https://readmylips.be/sites/default/files/speakers/DSCF3184-2.jpg;"Isabel De Clercq as a speaker on your event? Contact the speakers&#039; office Read My Lips for more details!";English;"Management, Leadership and Senior Management, HR &amp; Wellbeing, Corporate Culture, Work/Life Balance, Technology &amp; innovation, Innovation &amp; Trends";;Yes;"Who is Isabel De Clercq?
Creating a spark. Inspiring people. Translating an infectious vision of the future into practice. That is what Isabel does best. 
She began her career at university. And it was there, in that academic context, that her interest in self-leadership, productivity, knowledge-sharing and the power of technology was awakened. 
Her substantive expertise was honed in the various roles she took up at Wolters Kluwer Belgium, first as a sales manager, then as a change manager and later as a content marketing officer. At the start of Het Nieuwe Werken (The New Way of Working) in 2012, she launched the successful online community ‘About The Future of Work’. In 2015, she responded to the Digital Workplace wave by setting up conferences and workshops. She then expanded her network worldwide. 
Isabel's passion for self-leadership, lifelong learning and productivity through technology was so great that she was compelled to publish a book about it. Social Technologies in Business appeared in 2017. She co-wrote it with an international team of authors that she had carefully assembled. The book was such a success that it was also published by the prestigious German publishing house, Frankfurter Allgemeine Buch, with the resounding title Vernetzt Arbeiten. 
After the publication of the book, Isabel started up her own organisation. She is a frequent speaker on such topics as knowledge-sharing, asynchronous collaboration and Hybrid Working, both in Belgium and abroad. She draws the content of her keynote speeches from her daily experience as a consultant. 
Her strength? That subtle balance between vision and reality, inspiration and practice, fun and seriousness. Between a friendly, nuanced message and a solid 'kick in the ass'.
*Photography by An Clapdorp"
663;Isabel De Clercq;Speaker;Female;Dutch, French, English;https://readmylips.be/sites/default/files/speakers/DSCF3184-2.jpg;Isabel De Clercq comme orateur à votre évènement ? Contactez Read My Lips, notre bureau d’orateurs spécialisés !;French;Management, Leadership et top managers, RH et bien-être, Culture d’entreprise, Équilibre travail/vie privée, Technologie et innovation, Innovation et tendances;;Yes;"Qui est Isabel De Clercq ?
Qu’en est-il du télétravail après la pandémie ? De quelle manière garantissons-nous un lien dans une période de distanciation physique ? Quelles organisations ont adopté le travail hybride et pourquoi ? 
Isabel vous propose un regard neuf sur d’autres manières de collaborer après le coronavirus. Elle tord volontiers le cou à un certain nombre de clichés et propose des solutions concrètes. Des outils pour les personnes, les équipes et l’entreprise. 
Quelques citations extraites du discours d’introduction :
•    Le travail hybride n’est pas un objectif en soi. Augmenter le plaisir au travail et l’efficacité, tel est l’objectif. 
•    La clé de la réussite consiste à atteindre un équilibre sain entre la collaboration synchrone et la collaboration asynchrone. Pouvoir se bloquer du temps de concentration en est un bel exemple. 
•    La crise du coronavirus l’a clairement et douloureusement mis en évidence : les collaborateurs ne se sentent pas liés à l’entreprise. Le télétravail n’est pas le responsable. Il a uniquement servi de messager. 
•    La première question qu’une équipe doit se poser est la suivante : pourquoi nous réunissons-nous physiquement ? Plus important encore : quelles sont nos activités à haute valeur, prévoyons-nous du temps de manière proactive pour ces activités et quelles activités nécessitent une présence synchrone ? 
 
 
*Photographie par An Clapdorp"
663;Isabel De Clercq;Speaker;Female;Dutch, French, English;https://readmylips.be/sites/default/files/speakers/DSCF3184-2.jpg;Isabel De Clercq als spreker op jouw event? Neem contact op met sprekersbureau Read My Lips!;Dutch;"Management, Leiderschap &amp; topmanagers, HR &amp; wellbeing, Bedrijfscultuur, Balans werk/leven, Technologie &amp; innovatie, Innovatie &amp; trends";;Yes;"Wie is Isabel De Clercq?
Het vuur aan de lont steken. Mensen enthousiasmeren. Een aanstekelijke toekomstvisie vertalen naar de praktijk. Dat kan Isabel als de beste. 
Ze startte haar loopbaan aan de universiteit. En het is daar, in die academische context, dat haar interesse werd gewekt voor zelfleiderschap, productiviteit, kennisdeling en de kracht van technologie. 
Haar inhoudelijke expertise werd verder aangescherpt door de verschillende rollen die ze opnam bij Wolters Kluwer België, eerst als sales manager, vervolgens als change manager en later als content marketeer. Van bij de start van Het Nieuwe Werken in 2012 lanceerde ze de succesvolle onlinecommunity ‘About The Future of Work’. In 2015 speelde ze in op de golf van de Digitale Werkplek door het opzetten van congressen en workshops. Ze breidde hierbij haar netwerk wereldwijd uit. 
De passie van Isabel voor zelfleiderschap, levenslang leren en productiviteit via technologie was zo groot dat ze niet anders kon dan hierover een boek te publiceren. In 2017 verscheen Social Technologies in Business. Ze schreef het samen met een internationaal team van auteurs dat ze zorgvuldig had samengesteld. Het boek was zo’n succes dat het ook uitgegeven werd door de prestigieuze Duitse uitgeverij Frankfurter Allgemeine Buch. Met als ronkende titel Vernetzt Arbeiten. 
Na de publicatie van het boek startte Isabel haar eigen organisatie. Ze is een veelgevraagd spreker over topics als kennisdeling, asynchrone samenwerking en het Hybride Werken. Zowel in België als in het buitenland. De inhoud van haar keynote speeches haalt ze uit haar dagelijkse ervaring als consultant. 
Haar sterkte? Die subtiele balans tussen visie en realiteit, inspiratie en praktijk, fun en sérieux. Tussen een vriendelijke, genuanceerde boodschap en een stevige ‘kick in the ass’.
Luister naar Isabel De Clercq in onze podcast Overmorgen. 
*Fotografie An Clapdorp"
468;Isabelle Dumortier;Speaker;Female;Dutch, English;https://readmylips.be/sites/default/files/speakers/Dumortier_Isabelle_200123_3.jpg;Who is Isabelle Dumortier?;English;"Marketing &amp; communication, Marketing, Sales &amp; Customer Service, Social Media, PR &amp; Communication, Management, Enterprise, Strategy";Non-profit;Yes;"Who is Isabelle Dumortier?
There is no age limit on being an entrepreneur. Isabelle started her first webshop in her early twenties. She immediately realised that online business is full of pitfalls; it was a hard but valuable lesson. But giving up is not in Isabelle's nature and she fought on. Many years later, and so many experiences richer, she talks to you about her enthralling and infectious story, which has a healthy dose of courage, strategic thinking and creativity.
The webshop www.tutu-shop.com is her most recent project. The creation and development of the shop, with pop-up stores in Knokke and Antwerp in the summer of 2016, is a story in its own right. She discovered a gap in the market when preparing a bachelorette party for a friend of hers. She couldn’t find a single shop that sold trendy tutus that were suitable for daywear and not just for ballet school. The idea was born by chance and, within a few months, she had built a very successful webshop. The webshop made its international breakthrough in 2017. Negotiations are currently ongoing for offline shops in Ibiza, Paris and possibly New York."
468;Isabelle Dumortier;Speaker;Female;Dutch, English;https://readmylips.be/sites/default/files/speakers/Dumortier_Isabelle_200123_3.jpg;Isabelle Dumortier als spreker op jouw evenement? Neem vrijblijvend contact op met sprekersbureau Read My Lips.;Dutch;"Marketing &amp; communicatie, Marketing, Verkoop &amp; klantenservice, Sociale media, PR &amp; communicatie, Management, Ondernemen, Strategie";Non-profit;Yes;"Wie is Isabelle Dumortier?
Op ondernemen staat geen leeftijd. Isabelle startte als jonge twintiger haar eerste webshop op. Meteen ervaarde ze dat de online business vol valkuilen zit, een harde maar leerrijke levensles. Opgeven staat niet in haar woordenboek en Isabelle beet door. Zoveel jaren later en zoveel ervaringen rijker neemt ze je mee in haar meeslepende en aanstekelijke levensverhaal, waarin lef, strategisch denken en creativiteit de hoofdrol spelen.
De webwinkel www.tutu-shop.com is haar meest recente project. Het ontstaan en de uitbouw van de shop, met in de zomer van 2016 ook pop-upstores in Knokke en Antwerpen, is een verhaal op zich. Bij de voorbereiding van een vrijgezellenparty voor een vriendin ontdekt ze een gat in de markt. Er blijkt geen winkel te bestaan met trendy en eigentijdse tutu’s, die je ook dagelijks kan dragen en niet alleen in de balletschool. Een idee is bij toeval geboren en in enkele maanden tijd bouwt ze een webshop uit, een schot in de roos. In 2017 breekt de webshop internationaal door. Er lopen onderhandelingen voor offline winkels in Ibiza, Parijs en mogelijk New York."
472;Isabelle Gonnissen;Speaker;Female;Dutch, French, English;https://readmylips.be/sites/default/files/speakers/Gonnissen_Isabelle_200124_6.jpg;Who is Isabelle Gonnissen?;English;"Current affairs, Society &amp; Diversity, Management, Leadership and Senior Management, HR &amp; Wellbeing, Corporate Culture, Work/Life Balance";;Yes;"Who is Isabelle Gonnissen?
Isabelle is a bio-engineer and works as sales manager for Solvay. To the general public, she is mainly known as the brains behind the successful campaign ‘30 dagen zonder klagen’ (30 days without complaining), which inspired over 30,000 people in Flanders in early 2018. The campaign was followed by a book, Kies Positief (choose positive), in which Isabelle encourages readers to be more positive in their professional and personal lives.
In January 2020, she launched an initiative called ‘Koffie zonder klagen’ (Coffee without complaining) in collaboration with prof. Dirk De Wachter and prof. Lieven Annemans. She used this initiative to show how you can learn to be positive. Isabelle presents her message with great conviction. After all, positivity on the work floor improves productivity and the wellbeing of employees. Everyone can always choose to view events they encounter from a positive perspective. Complaining rarely leads to solutions. An insight that can only benefit your audience."
472;Isabelle Gonnissen;Speaker;Female;Dutch, French, English;https://readmylips.be/sites/default/files/speakers/Gonnissen_Isabelle_200124_6.jpg;Isabelle Gonnissen als spreker op jouw evenement? Neem vrijblijvend contact op met sprekersbureau Read My Lips.;French;Le monde actuel, Société et diversité, Management, Leadership et top managers, RH et bien-être, Culture d’entreprise, Équilibre travail/vie privée;;Yes;"Qui est Isabelle Gonnissen ?
Isabelle est bioingénieur et travaille comme directeur des ventes chez Solvay. Elle est surtout connue du grand public comme l'inspiratrice de la campagne ""30 jours sans se plaindre"", qui a inspiré plus de 30 000 Flamands au début de l'année 2018. La campagne a été suivie par le livre Kies Positief, dans lequel Isabelle encourage les lecteurs à être plus positifs dans la vie, tant sur le plan privé que professionnel.
En janvier 2020, la campagne "" Un café sans se plaindre "" a suivi, en collaboration avec les professeurs Dirk De Wachter et Lieven Annemans. Avec cette action, elle montre que l'on peut apprendre à être positif. Isabelle délivre ce message avec beaucoup de conviction. En effet, le positivisme sur le lieu de travail améliore la productivité et le bien-être des employés. Chacun a toujours le choix de porter un regard positif sur les événements qui se présentent à lui. Se plaindre est rarement une solution. Un éclairage qui ne peut qu'enrichir votre auditoire."
472;Isabelle Gonnissen;Speaker;Female;Dutch, French, English;https://readmylips.be/sites/default/files/speakers/Gonnissen_Isabelle_200124_6.jpg;Isabelle Gonnissen als spreker op jouw evenement? Neem vrijblijvend contact op met sprekersbureau Read My Lips.;Dutch;"De wereld vandaag, Samenleving &amp; diversiteit, Management, Leiderschap &amp; topmanagers, HR &amp; wellbeing, Bedrijfscultuur, Balans werk/leven";;Yes;"Wie is Isabelle Gonnissen?
Isabelle is bio-ingenieur en werkt als sales manager bij Solvay. Bij het brede publiek is ze vooral bekend als de bezielster van de succesvolle campagne ‘30 dagen zonder klagen’, die begin 2018 meer dan 30.000 Vlamingen inspireerde. Na de campagne volgde het boek Kies Positief, waarin Isabelle de lezer aanzet om positiever in het leven te staan, zowel privé als professioneel.
In januari 2020 volgde de actie ‘Koffie zonder klagen’ in samenwerking met prof. Dirk De Wachter en prof. Lieven Annemans. Met deze actie toont ze aan dat je positief zijn kan leren. Die boodschap brengt Isabelle met veel overtuigingskracht. Positivisme op de werkvloer verbetert immers de productiviteit en het welbevinden van de werknemers. Iedereen heeft altijd de keuze om positief te kijken naar de gebeurtenissen op zijn pad. Klagen biedt zelden een oplossing. Een inzicht dat je publiek alleen maar kan verrijken.
 
Luister naar Isabelle Gonnissen in onze podcast Overmorgen. "
374;Jacques Folon;Speaker;Male;Dutch, French, English;https://readmylips.be/sites/default/files/speakers/Folon_Jacques_200129_1zw.jpg;Who is Jacques Folon?;English;"Current affairs, Safety, Society &amp; Diversity, Management, Leadership and Senior Management, Enterprise, Technology &amp; innovation, Innovation &amp; Trends, ICT &amp; Technology";;Yes;"Who is Jacques Folon?
Jacques is a renowned specialist in data protection, information security and digital transformation. He currently advises the heads of several public and private companies in Europe. He is a doctor in political and social sciences, graduate and associate professor in law and tax law and holder of an executive master in public management. He teaches about the influence of new technologies and disruption on management and human resources at several universities and business schools in Belgium, France and Africa.
He is the author of a dozen or so books, the latest of which “Le printemps numérique”, “Management et ressources humaines 2.0” and “50 nuances de libertés” are consulted by many decision-makers.
His insights into the evolution of companies and organisations in response to disruption, artificial intelligence, the Internet of Things and new technologies in general have been the subject of numerous articles and talks in Europe. He is a much sought-after speaker, who has already given more than 500 talks in over 10 countries. His talks, which are tinged with humour and out-of-the-box thinking, always go down very well with audiences."
374;Jacques Folon;Speaker, Moderator;Male;Dutch, French, English;https://readmylips.be/sites/default/files/speakers/Folon_Jacques_200129_1zw.jpg;Jacques Folon comme orateur à votre évènement ? Contactez Read My Lips, notre bureau d’orateurs spécialisés !;French;Le monde actuel, Sécurité, Société et diversité, Management, Leadership et top managers, Entreprendre, Technologie et innovation, Innovation et tendances, TIC et technologie;;Yes;"Qui est Jacques Folon ? 
Prof. Dr. Jacques Folon est un spécialiste reconnu en protection des données, sécurité de l’information et transformation digitale. Il conseille aujourd’hui de nombreux dirigeants d’entreprises publiques et privées en Europe. Il est professeur à l’ICHEC, et professeur invité à l’USLB/ISFSC et à Rennes School of Business.
Docteur en sciences politiques et sociales, licencié et agrégé en droit et en droit fiscal, titulaire d’un executive master en management public, il enseigne la stratégie digitale et  l’influence de la protection des données personnelles, des nouvelles technologies et de la disruption sur le management et les ressources humaines.
Il est auteur ou co-auteur d’une quinzaine d’ouvrages traduits en plusieurs langues dont les plus récents « le guide de survie du DPO », « le rôle du data protection officer dans le secteur public », « 50 nuances de liberté » ou encore « Le printemps numérique», sont sur la table de nombreux décideurs et plusieurs furent en tête des ventes en catégorie essais.
Ses réflexions quant à l’évolution des entreprises et des organisations face à la protection des données personnelles (RGPD), la sécurité de l’information, la disruption, l’intelligence artificielle, l’internet des objets, la blockchain, le metaverse et globalement aux nouvelles technologies ont fait l’objet de nombreux articles et conférences en Europe. 
C’est un conférencier très recherché, il a déjà réalisé plus de 500 conférences dans plus de 10 pays. Ses conférences teintées d’humour et de réflexions « out of the box » sont toujours très appréciées et proposent une vision intégrative des évolutions de notre monde connecté.
Références : RTBF, CIRB, Police Fédérale, SPF économie, Arcelor (Allemagne), SPF intérieur, Rawbank Kinshasa, IACE (Tunisie), Commission Nationale pour la protection des données (Grand-Duché), Spadel, Fonds social européen, ASPRIA, B 19, Feprabel, Commission Européenne, Province de Hainaut, SPF Finances, etc."
474;Jacques Vermeire;Speaker;Male;Dutch;https://readmylips.be/sites/default/files/speakers/Vermeire_Jacques_200125_1.jpg;Wie is Jacques Vermeire?;Dutch;"De wereld vandaag, Samenleving &amp; diversiteit, Media &amp; cultuur, Media, Economie, Entertainment, Vrije tijd, Management, Ondernemen";;Yes;"Wie is Jacques Vermeire?
De loopbaan van Jacques is er een van hoogten en laagten. Als jongeman werd hij geweigerd aan alle conservatoria, jaren later sleepte hij als tv-persoonlijkheid een contract van 1 miljard in de wacht. Werkelijk alles heeft Jacques van de allround topentertainer van deze tijd: 100% naambekendheid, al meerdere bekroningen, een ontwapenende uitstraling op de planken en een talent voor humor, volslagen origineel en compleet tijdloos.
Nu staat daar weer een zotskap van 65+, die 30 jaar na zijn late doorbraak een inspirerend ondernemer blijkt te zijn. De Flandrien van de Lach die zich een onwrikbaar man van zijn woord toont. De goeroe van een nieuwe generatie stand-uppers die een entertainer met een authentiek verhaal is. De koning van de typetjes die een mens met een visie blijkt, een zakenman met een smoel. Deel de ervaring en de kennis van Jacques Vermeire, en beleef er plezier aan."
530;James Bampfield;Speaker;Male;Dutch, English;https://readmylips.be/sites/default/files/speakers/Bampfield_James_200123_1.jpg;Who is James Bampfield?;English;"Current affairs, Philosophy, Religion and Spirituality, Management, Leadership and Senior Management, Enterprise, Strategy, HR &amp; Wellbeing, Corporate Culture, Work/Life Balance";;Yes;"Who is James Bampfield?
James is a British writer, thinker and coach who helps companies to play a more comprehensive and positive role. “Pleasure at work” is not a hollow slogan. After a classic British education (which involved studying at Cambridge), he spent ten years exploring the world. He then specialised in organising and facilitating change in Flemish companies, NGOs and public authorities. He is the co-founder of Quinx, an international consultancy organisation. During his lectures, he shows how you can be authentic and open at work, taking pleasure in it at the same time."
530;James Bampfield;Speaker;Male;Dutch, English;https://readmylips.be/sites/default/files/speakers/Bampfield_James_200123_1.jpg;Wie is James Bampfield?;Dutch;"De wereld vandaag, Filosofie, religie &amp; spiritualiteit, Management, Leiderschap &amp; topmanagers, Ondernemen, Strategie, HR &amp; wellbeing, Bedrijfscultuur, Balans werk/leven";;Yes;"Wie is James Bampfield?
James is een Britse schrijver, denker en coach die bedrijven helpt om hun opdracht ruim en positief op te vatten. “Pleasure at work” is geen holle slogan. Na een klassieke, Britse opleiding – hij studeerde in Cambridge – nam hij 10 jaar de tijd om de wereld te verkennen. Daarna specialiseerde hij zich in het organiseren en faciliteren van veranderingen in Vlaamse, bedrijven, ngo’s en overheden. Hij is medeoprichter van Quinx, een internationale consultancyorganisatie. In zijn lezingen biedt hij sleutels aan om in het werk authentiek en open te zijn, en vooral plezier na te streven."
197;Jan Balliauw;Speaker;Male;Dutch, English;https://readmylips.be/sites/default/files/speakers/Balliauw_Jan_200123_3.jpg;Who is Jan Balliauw?;English;"Current affairs, Politics &amp; Government, Safety, History, Economics";Non-profit;Yes;"Who is Jan Balliauw?
Jan was a regular visitor to the Soviet Union, even back in the Communism era. His job was to produce reports for the Dutch public broadcaster, VPRO radio. As a correspondent in Saint Petersburg and Moscow for Flemish public broadcaster VRT, he took a front-row seat for the break-up of the Soviet Union.
He experienced how Russia evolved from a potential partner for the West into an unreliable neighbour. Thanks to countless reports from all parts of Russia, but also from Kiev, East Ukraine, Crimea and former war zones in the former Yugoslavia, he is a leading specialist when it comes to East-West relations. However, Jan also pays very close attention to the geopolitical twists and turns caused by the election of President Trump, and warns of an uncertain future for Western Europe.
Jan has written about his experience as ‘special correspondent’ for radio and TV in a book, and also produced an impressive TV documentary for the VRT about the state of affairs 20 years after the break-up of the Soviet Union. But he also likes to treat live audiences to his insights into the recent political history of the European continent. Even though this report may not be very reassuring to our small countries, it is certainly a fascinating experience."
197;Jan Balliauw;Speaker;Male;Dutch, English;https://readmylips.be/sites/default/files/speakers/Balliauw_Jan_200123_3.jpg;Jan Balliauw als spreker op jouw evenement? Neem vrijblijvend contact op met sprekersbureau Read My Lips.;Dutch;"De wereld vandaag, Politiek &amp; overheid, Veiligheid, Geschiedenis, Economie";Non-profit;Yes;"Wie is Jan Balliauw?
Nog in de tijd van het communisme was Jan een regelmatige bezoeker van de Sovjet-Unie. Hij maakte er reportages voor de Nederlandse publieke zender VPRO-radio. Als correspondent in Sint-Petersburg en Moskou beleefde hij voor de Vlaamse publieke omroep VRT het uiteenvallen van de Sovjet-Unie van op de eerste rij.
Hij maakte mee hoe Rusland voor het Westen van een mogelijke partner evolueerde naar een onbetrouwbare buur. Zijn talloze reportages vanuit alle regio’s in Rusland, maar ook Kiev, Oost-Oekraïne, de Krim of uit de voormalige oorlogszones in ex-Joegoslavië maken van hem dé specialist van de Oost-Westbetrekkingen. Maar even nauwgezet volgt Jan de geopolitieke wendingen die de verkiezing van president Trump in de VS heeft veroorzaakt en waarschuwt hij voor de onzekere toekomst van West-Europa.
Jan heeft zijn ervaring als ‘grand reporter’ voor radio en tv ook te boek gesteld en voor de VRT maakte hij een indrukwekkende tv-documentaire over 20 jaar na het uiteenvallen van de Sovjet-Unie. Maar ook voor een livepubliek brengt hij de recente politieke geschiedenis van het Europese continent graag tot leven. Ook al is dit verslag niet erg geruststellend voor onze kleine landen, het blijft in elk geval een bijzonder boeiende ervaring.
Luister naar Jan Balliauw in onze podcast Overmorgen. "
677;Jan Callebaut;Speaker;Male;Dutch, English;https://readmylips.be/sites/default/files/speakers/Jan%20C%20kleur_0.jpg;"Jan Callebaut as a speaker on your event? Contact Read My Lips, the speakers&#039; office!";English;"Current affairs, Politics &amp; Government, Society &amp; Diversity, Media &amp; culture, Media, Marketing &amp; communication, Management";Non-profit;No;"Who is Jan Callebaut?
Jan Callebaut is a specialist in the areas of market research and motivation research.  He is the author of a motivational model that is still frequently used. With his 30 years of experience in marketing strategy consultation for global consumer brands, such as Coca Cola, Unilever, Heineken, Volvo, etc., he is still a reference in this field. Over the past 20 years, he has also contributed to the strategic development of the VRT brands. 
Jan Censydiam started as an entrepreneur and more recently joined WHY5Research and Callebaut Collective. 
He has advised numerous top politicians (including the Leterme campaign in 2007), several rectors of Flemish universities, Oosterweel, Deme, De Standaard, as well as other organisations and companies. 
With his distinctive columns in the newspapers De Standaard and De Morgen, he is a much sought-after opinion maker. 
Books written by him: THE NAKED CONSUMER, Color and emotion, NEVER TOO YOUNG TO GROW OLD, KINDERDROMEN (Children’s Dreams) (with Prof. Peter Adriaenssens and Tinneke Beeckman) HET MERK BELGIE (The Belgium Brand) (with Wouter Verschelden, HET DNA VAN VLAANDEREN (the DNA of Flanders) (with Ivan De Vadder), ACT HUMAN (with Sarah Steenhaut and Karel De Meester)
  
 "
677;Jan Callebaut;Speaker;Male;Dutch, English;https://readmylips.be/sites/default/files/speakers/Jan%20C%20kleur_0.jpg;Jan Callebaut als spreker op jouw event? Neem vrijblijvend contact op met sprekersbureau Read My Lips!;Dutch;"De wereld vandaag, Politiek &amp; overheid, Samenleving &amp; diversiteit, Media &amp; cultuur, Media, Marketing &amp; communicatie, Management";Non-profit;No;"Wie is Jan Callebaut?
Jan Callebaut is gespecialiseerd in markt- en motivatieonderzoek. Hij is auteur van een motivatiemodel dat nog altijd veel wordt gebruikt. Met zijn 30 jaar ervaring in marketingstrategisch advies voor merken als Coca Cola, Unilever, Heineken, Volvo .. is hij een referentie in het vak. Hij hielp de voorbije 20 jaar ook mee aan de strategische opbouw van de VRT-merken. 
Als ondernemer richtte hij Censydiam op, en recenter WHY5Research en CallebautCollective. Hij adviseerde ook toppolitici (o.a. Yves Leterme in 2007), rectoren en bedrijven zoals BAM (Oosterweel) en Deme. Met zijn rake colums in De Standaard en De Morgen is hij een veelgevraagde opiniemaker. 
Boeken van zijn hand: The Naked Consumer, Colour and Emotion, Never Too Young to Grow Old, Kinderdromen (met Peter Adriaenssens en Tinneke Beeckman), Het merk België (met Wouter Verschelden, Het DNA van Vlaanderen (met Ivan De Vadder), Act Human (met Sarah Steenhaut en Karel De Meester).
 "
875;Jan De Schepper;Speaker;Male;Dutch, French, English;https://readmylips.be/sites/default/files/speakers/Jan%20De%20Schepper%20%282%29.jpg;Jan De Schepper als spreker op jouw evenement? Neem vrijblijvend contact op met sprekersbureau Read My Lips voor meer informatie.;English;Management, Leadership and Senior Management, Enterprise, Strategy;;Yes;"Who is Jan De Schepper?
Jan De Schepper was a senior manager at Telindus and Proximus, and a youth coach at the KV Mechelen football club. His experience makes him a privileged witness to the cross-fertilisation between sport and the business world. In 2015, he wrote the book ‘Kopmannen’ (Leaders). What can top managers and elite sportsmen and women learn from each other? ConneXion was launched in September 2020. The book, which he wrote together with Paul Van Den Bosch, sets out seven paradoxes that explain disruption in leadership.   
Jan was appointed chairman of Securitas Belgium in 2020. Since 2009 he has been a member of the executive boards of BDO Digital, Automation, Uman.ai and Astrid, which is responsible for the police and security services network. Jan has also been the chair of ADM, the ‘Share &amp; Connect’ platform between IT providers and users since 2008. (more info at www.adm.be).
Jan De Schepper holds a Master’s in Science and an MBA from Harvard (1997). As the former CEO of Telindus and VP of Proximus, but also as the chair of ADM, his focus is on a pragmatic and efficient market approach and business development.
As an entrepreneur and strategic thinker, he works closely with several companies.  "
875;Jan De Schepper;Speaker;Male;Dutch, French, English;https://readmylips.be/sites/default/files/speakers/Jan%20De%20Schepper%20%282%29.jpg;Jan De Schepper comme orateur à votre évènement ? Contactez Read My Lips, notre bureau d’orateurs spécialisés !;French;Management, Leadership et top managers, Entreprendre, Stratégie;;Yes;"Qui est Jan De Schepper ?
Jan De Schepper a été cadre supérieur chez Telindus, Proximus et coach pour jeunes au KV Malines. Il a ainsi été un témoin privilégié de la pollinisation croisée entre le monde du sport et le monde des affaires. En 2015, il a écrit l’ouvrage « Kopmannen. Wat leiders kunnen leren van topsporters en omgekeerd ». L'ouvrage ConneXion est paru en 2020. Ce livre, qu’il a coécrit avec Paul Van Den Bosch, explique sept paradoxes qui expriment la disruption du leadership. 
Jan a été nommé président de Securitas Belgium fin 2020. Depuis 2009, Jan a des mandats aux Conseils d’administration de BDO Digital, Automation, Uman.ai et Astrid, responsable du réseau des services de police et de sécurité. Depuis 2008, Jan est également président d’ADM, la plateforme « Share &amp; Connect » entre les fournisseurs et les utilisateurs informatiques. (Plus d’infos sur www.adm.be)
Jan De Schepper est titulaire d’une maîtrise en sciences et a décroché un MBA à Harvard (1997). En tant qu’ancien CEO de Telindus et VP de Proximus, mais aussi en tant que président d’ADM, il se concentre sur une approche pragmatique et efficace du marché et sur le développement commercial. En tant qu’entrepreneur et stratège, il travaille en collaboration étroite avec plusieurs entreprises. "
875;Jan De Schepper;Speaker;Male;Dutch, French, English;https://readmylips.be/sites/default/files/speakers/Jan%20De%20Schepper%20%282%29.jpg;Jan De Schepper als spreker op jouw evenement? Neem vrijblijvend contact op met sprekersbureau Read My Lips voor meer informatie.;Dutch;"Management, Leiderschap &amp; topmanagers, Ondernemen, Strategie";;Yes;"Wie is Jan De Schepper?
Jan De Schepper was topmanager bij Telindus, Proximus en jeugdcoach bij KV Mechelen. Hierdoor was hij een bevoorrecht getuige van de kruisbestuiving tussen de sport- en zakenwereld. Hij schreef in 2015 het boek Kopmannen. Wat leiders kunnen leren van topsporters en omgekeerd. In september 2020 werd ConneXion gelanceerd. Het boek – dat hij samen met Paul Van Den Bosch schreef – licht 7 paradoxen toe die uiting geven aan de disruptie van het leiderschap. 
Jan werd eind 2020 benoemd tot voorzitter van Securitas Belgium. Sedert 2009 heeft Jan mandaten in de Raden van Bestuur van BDO Digital, Automation, Uman.ai en nu ook voorzitter van de EEG Group. Inmiddels heeft hij ook de “Life Time Achievement Award” van jaar 2023 door Computable toegewezen gekregen.
Jan De Schepper is Master in de Wetenschappen en behaalde een MBA aan Harvard (1997). Als gewezen CEO van Telindus en VP Proximus maar ook als voorzitter van ADM ligt zijn focus op een pragmatische en efficiënte marktbenadering en business development. Als entrepreneur en strategisch denker werkt hij nauw samen met meerdere bedrijven."
717;Jan Flamend;Speaker, Moderator;Male;Dutch, French, English;https://readmylips.be/sites/default/files/speakers/CF015701DLR-zw.png;"Jan Flamend as a speaker or moderator on your event? Contact the speakers&#039; office Read My Lips for more information!";English;"Current affairs, Philosophy, Religion and Spirituality, Marketing &amp; communication, Marketing, Sales &amp; Customer Service, Social Media, Management, Leadership and Senior Management, Enterprise, Strategy, CSR (Corporate Social Responsibility), HR &amp; Wellbeing, Corporate Culture";;Yes;"Who is Jan Flamend?
Jan Flamend has extensive experience as sales director and as sales consultant.
After an academic career, Jan joined Mercuri International. The clients for which he has worked include Interbrew, Hewlett Packard, Zurich Insurance and Mercedes Benz. 
Jan also worked for Hewlett Packard as Services &amp; Support Sales Manager Belgium/Luxembourg and as Executive Vice-President Sales EMEA at Ubizen. Ubizen is the biggest security integrator in Europe and provides solutions to major accounts on improving e-business in eight countries.
Since 1997, Jan has been a faculty member of the Management Center Europe, where he gives Successful Selling Skills, Advanced Selling Skills and Sales Force management seminars.
Jan set up Valueselling.be in 2001 and collaborates on various international consulting projects for companies, such as ICI National Starch &amp; Chemical, Emerson &amp; Cuming, StorageTek, Telenet, Basell Chemicals, Cegedim, Axalto, Ceratizit, Barco, Apple Computer, Thermal Ceramics, Kühne + Nagel, Logitech, Hewlett Packard, Norgine Pharmaceuticals, Bekaert, Bausch &amp; Lomb, Sybari Software, on improving the effectiveness of sales teams and the acumen of business people. Jan also provides intensive coaching programmes for senior executives."
717;Jan Flamend;Speaker, Moderator;Male;Dutch, French, English;https://readmylips.be/sites/default/files/speakers/CF015701DLR-zw.png;Jan Flamend comme orateur ou modérateur à votre évènement ? Contactez Read My Lips, notre bureau d’orateurs spécialisés !;French;Le monde actuel, Philosophie, religion et spiritualité, Marketing et communication, Marketing, Ventes et service à la clientèle, Médias sociaux, Management, Leadership et top managers, Entreprendre, Stratégie, RSE (responsabilité sociétale des entreprises), RH et bien-être, Culture d’entreprise;;Yes;"Qui est Jan Flamend ?
Jan Flamend possède une vaste expérience en tant que directeur commercial et conseiller en vente.
Après une carrière universitaire, Jan a rejoint Mercuri International, où il a travaillé pour des clients comme Interbrew, Hewlett-Packard, Zurich Insurance, ou encore Mercedes-Benz. 
Jan a également été Services &amp; Support Sales Manager Belgique/Luxembourg chez Hewlett-Packard et Executive Vice President Sales EMEA chez Ubizen. Ubizen est le plus grand intégrateur de systèmes de sécurité en Europe et fournit des solutions à de grands comptes en vue d’améliorer l’e-business dans huit pays.
Depuis 1997, Jan est membre de faculté au Management Center Europe, où il dispense les séminaires Successful Selling Skills, Advanced Selling Skills et Sales Force Management.
Jan a fondé Valueselling.be en 2001 et a participé à divers projets de consultance internationaux pour des entreprises comme ICI National Starch &amp; Chemical, Emerson &amp; Cuming, StorageTek, Telenet, Basell Chemicals, Cegedim, Axalto, Ceratizit, Barco, Apple Computer, Thermal Ceramics, Kühne + Nagel, Logitech, Hewlett-Packard, Norgine Pharmaceuticals, Bekaert, Bausch &amp; Lomb et Sybari Software, afin d’améliorer l’efficacité des équipes de vente et la perspicacité des commerciaux. Jan organise également des programmes de coaching intensifs pour les cadres de haut niveau."
717;Jan Flamend;Speaker, Moderator;Male;Dutch, French, English;https://readmylips.be/sites/default/files/speakers/CF015701DLR-zw.png;Jan Flamend als spreker of moderator op jouw evenement? Contacteer sprekersbureau Read My Lips voor meer informatie!;Dutch;"De wereld vandaag, Filosofie, religie &amp; spiritualiteit, Marketing &amp; communicatie, Marketing, Verkoop &amp; klantenservice, Sociale media, Management, Leiderschap &amp; topmanagers, Ondernemen, Strategie, MVO (Maatschappelijk verantwoord ondernemen), HR &amp; wellbeing, Bedrijfscultuur";;Yes;"Wie is Jan Flamend?
Jan Flamend heeft een uitgebreide ervaring als sales director en als sales consultant.
Na een academische loopbaan trad Jan in dienst bij Mercuri International. Hij werkte voor klanten als Interbrew, Hewlett Packard, Zurich Insurance, Mercedes Benz. 
Jan werkte ook voor Hewlett Packard als services &amp; support sales manager België/Luxemburg en als executive vice president sales EMEA bij Ubizen. Ubizen is de grootste security integrator in Europa en levert oplossingen aan grote accounts om de e-business in 8 landen te verbeteren.
Jan is sinds 1997 faculty member van Management Center Europe, waar hij de Successful Selling Skills, Advanced Selling Skills, Sales Force management seminars geeft.
Jan richtte in 2001 Valueselling.be op en werkte mee aan verschillende internationale consultingprojecten voor bedrijven zoals ICI National Starch &amp; Chemical, Emerson &amp; Cuming, StorageTek, Telenet, Basell Chemicals, Cegedim, Axalto, Ceratizit, Barco, Apple Computer, Thermal Ceramics, Kühne + Nagel, Logitech, Hewlett Packard, Norgine Pharmaceuticals, Bekaert, Bausch &amp; Lomb, Sybari Software ter verbetering van de efficiëntie van verkoopteams en de scherpzinnigheid van zakenmensen. Jan verzorgt ook intensieve coachingprogramma's voor high level executives."
479;Jan Hautekiet;Moderator;Male;Dutch, French, English;https://readmylips.be/sites/default/files/speakers/Hautekiet_Jan_200125_1.jpg;Who is Jan Hautekiet?;English;"Current affairs, Media &amp; culture";;Yes;"Who is Jan Hautekiet?
Jan spent 40 years working for our public broadcaster. After learning the ropes of the radio trade at BRT 1, he helped to found Studio Brussel in 1983, where he became network manager in 1998. Four years later, he moved to Radio 1 in the same capacity, until he became strategic advisor for the broadcaster in 2007.
He presented a daily debate programme called Hautekiet from 2012 to 2018.
Jan regularly manages debates and moderates events in the cultural, social and scientific sectors. He also writes about communication, such as his Heerlijk Helder (delightfully clear) in 2015, which he wrote together with Ann De Craemer.
Jan Hautekiet is a pianist and keyboard player, and feels at home on the stage. He devises formats and also dares to improvise."
479;Jan Hautekiet;Moderator;Male;Dutch, French, English;https://readmylips.be/sites/default/files/speakers/Hautekiet_Jan_200125_1.jpg;Jan Hautekiet als moderator op jouw evenement? Neem vrijblijvend contact op met sprekersbureau Read My Lips voor meer informatie!;French;Le monde actuel, Médias et culture;;Yes;"Qui est Jan Hautekiet ?
Jan a travaillé pendant 40 ans pour la radiodiffusion publique. Il a fait ses débuts à la BRT 1 et a cofondé Studio Brussels en 1983, où il est devenu chef de réseau en 1998. Quatre ans plus tard, il est passé à Radio 1 à ce poste, jusqu'à ce qu'il devienne conseiller stratégique pour l'ensemble du radiodiffuseur en 2007, tout en réalisant des programmes radiophoniques. De 2012 à 2018, il a réalisé l'émission de débat quotidienne Hautekiet. Jusqu'en 2019, il est encore coach et présentateur de Klara.
Jan Hautekiet est également familier de la scène en tant que musicien et chef de projet. Il élabore des formats et ose des improvisations. Il écrit également sur la communication, comme dans Heerlijk Helder en 2015 avec Ann De Craemer.
Il est administrateur de la Sabam, de Cultuurloket, de Rosas, de Kom Op Tegen Kanker et de Steunpunt Geestelijke Gezondheid, entre autres.
Jan dirige régulièrement des débats ou anime des événements dans les domaines culturel, social et scientifique."
479;Jan Hautekiet;Moderator;Male;Dutch, French, English;https://readmylips.be/sites/default/files/speakers/Hautekiet_Jan_200125_1.jpg;Jan Hautekiet als moderator op jouw evenement? Neem vrijblijvend contact op met sprekersbureau Read My Lips voor meer informatie!;Dutch;"De wereld vandaag, Media &amp; cultuur";;Yes;"Wie is Jan Hautekiet?
Jan werkte 40 jaar voor de openbare omroep. Hij debuteerde bij BRT 1, richtte in 1983 mee Studio Brussel op, waar hij in 1998 nethoofd werd. Vier jaar later ging hij in die functie over naar Radio 1, tot hij in 2007 strategisch adviseur werd voor de hele omroep en ook nog radioprogramma’s maakte. Van 2012 tot 2018 maakte hij dagelijks het debatprogramma Hautekiet. Tot 2019 fungeerde hij nog als coach en Klara-presentator.
Jan Hautekiet is ook als muzikant en projectleider vertrouwd met het podium. Hij werkt formats uit en durft improvisaties aan. Hij schrijft ook over communicatie, zoals in 2015 Heerlijk Helder met Ann De Craemer.
Hij oefent bestuursmandaten uit bij ondermeer Sabam, Cultuurloket, Rosas, Kom Op Tegen Kanker, Steunpunt Geestelijke Gezondheid ...
Jan leidt geregeld debatten of modereert evenementen in de culturele, maatschappelijke en wetenschappelijke sfeer. 
Luister naar Jan Hautekiet in onze podcast Overmorgen. "
480;Jan Verheyen;Speaker;Male;Dutch, English;https://readmylips.be/sites/default/files/speakers/Foto%20niet%20beschikbaar%20%281%29_0.png;Who is Jan Verheyen?;English;"Current affairs, Science, Politics &amp; Government, Law, Media &amp; culture, Arts &amp; Culture, Media, Entertainment, Leisure";;Yes;"Who is Jan Verheyen?
With 18 successful feature films on his C.V., Jan is a giant in the Flemish world of film-making. As a presenter and media figure, he has worked for just about every Flemish broadcaster. He organises De Nacht van de Wansmaak (the night of bad taste), a homage to failed, far-fetched and jaw-dropping B to Z films. He has written books on films and travel, and is now working on a book about exploitation films in the wild seventies.
If you want to be initiated into the wonderful world of films, or hear an artist's unique perspective on politics and the cultural elite, then Jan is the man you are looking for. Quick-witted, very humorous and occasionally controversial - Jan Verheyen ticks all the boxes."
480;Jan Verheyen;Speaker;Male;Dutch, English;https://readmylips.be/sites/default/files/speakers/Foto%20niet%20beschikbaar%20%281%29_0.png;Jan Verheyen als spreker op jouw evenement? Neem vrijblijvend contact op met sprekersbureau Read My Lips.;Dutch;"De wereld vandaag, Wetenschap, Politiek &amp; overheid, Recht, Media &amp; cultuur, Kunst &amp; cultuur, Media, Entertainment, Vrije tijd";;Yes;"Wie is Jan Verheyen?
Met ondertussen 18 succesrijke langspeelfilms op zijn palmares is Jan niet weg te denken uit het Vlaamse filmlandschap. Als presentator en mediafiguur werkte hij voor zowat alle Vlaamse zenders. Hij organiseert De Nacht van de Wansmaak, een hommage aan mislukte, van de pot gerukte en monden doen openvallende B- tot Z-films. Hij schreef een boek over film en een boek met reisreportages, en werkt nu aan een boek over de exploitation-films van de wilde jaren zeventig.
Als je wil ingewijd worden in de wondere wereld van de film of de eigenzinnige kijk van een artiest op de politiek of de culturele elite wil horen, kan je bij Jan terecht. Rad van tong, bijzonder humoristisch en af en toe controversieel, Jan Verheyen heeft het allemaal in zich.

          
  












    

  


  
  
      

      Vraag je offerte aan"
486;Jean Van Marcke;Speaker;Male;Dutch, French, English;https://readmylips.be/sites/default/files/speakers/VanMarcke_Jean_200124_1.jpg;Who is Jean Van Marcke?;English;Management, Leadership and Senior Management, Enterprise, Strategy, CSR (Corporate Social Responsibility);;Yes;"Who is Jean Van Marcke?
Jean is an internationally renowned expert in strategy and leadership. His application of military strategy in the world of business is remarkable. But his expertise is not merely theoretical. He helped industrial sanitation group Van Marcke, with its famous seahorse logo, to become the market leader in Belgium.
Jean Van Marcke is the second generation of this entrepreneurial dynasty. His father established a sanitaton wholesale business back in 1929. After completing his studies in commercial sciences, Jean joined the business in the early sixties. In 1970 he became the company's general manager. Under his stewardship, turnover increased from around 6 million to 425 million euros.
Jean knows what entrepreneurship is about and is perfectly familiar with the strengths and weaknesses of a family business. He is an academic and unites theoretical approaches with the day-to-day reality of running a business. One of the fascinating aspects of his approach is his reliance on military strategy."
486;Jean Van Marcke;Speaker;Male;Dutch, French, English;https://readmylips.be/sites/default/files/speakers/VanMarcke_Jean_200124_1.jpg;Wie is Jean Van Marcke?;French;Management, Leadership et top managers, Entreprendre, Stratégie, RSE (responsabilité sociétale des entreprises);;Yes;"Qui est Jean Van Marcke ?
Jean est un expert de renommée internationale en matière de stratégie et de leadership. Ce qui est frappant ici, c'est qu'il applique la stratégie militaire au monde de l'entreprise. Ce n'est pas seulement sur le plan théorique qu'il peut justifier son expertise. Il a réussi à faire du groupe industriel sanitaire Van Marcke, dont le célèbre hippocampe est le logo, un leader du marché belge.
Jean Van Marcke appartient à la deuxième génération d'une dynastie d'entrepreneurs de Flandre occidentale. Son père a fondé une entreprise de vente en gros d'articles sanitaires en 1929. Après des études en sciences commerciales, Jean a rejoint l'entreprise familiale au début des années 1960. En 1970, il a pris la direction générale de l'entreprise. Sous sa direction, le chiffre d'affaires est passé d'environ 6 millions à 425 millions d'euros.
Jean sait ce qu'est l'entrepreneuriat et connaît mieux que quiconque les forces et les faiblesses d'une entreprise familiale. En tant qu'universitaire, il possède l'expertise nécessaire pour faire le lien entre la théorie et la pratique des affaires. Il est fascinant de constater qu'il confronte tout cela à la stratégie militaire."
486;Jean Van Marcke;Speaker;Male;Dutch, French, English;https://readmylips.be/sites/default/files/speakers/VanMarcke_Jean_200124_1.jpg;Wie is Jean Van Marcke?;Dutch;"Management, Leiderschap &amp; topmanagers, Ondernemen, Strategie, MVO (Maatschappelijk verantwoord ondernemen)";;Yes;"Wie is Jean Van Marcke?
Jean is een internationaal gewaardeerd expert inzake strategie en leiderschap. Opvallend hierbij is dat hij militaire strategie toepast op de ondernemerswereld. Niet enkel theoretisch kan hij zijn expertise staven. Hij wist de industriële sanitaire groep Van Marcke, met het bekende zeepaardje als logo, op te werken tot Belgische marktleider.
Jean Van Marcke behoort tot de tweede generatie van een West-Vlaamse ondernemersdynastie. Zijn vader richtte in 1929 een groothandel in sanitair op. Na zijn studie handelswetenschappen kwam Jean begin jaren zestig in het familiebedrijf. In 1970 nam hij de algemene leiding van het bedrijf op zich. Op zijn aansturen klom de omzet van ongeveer 6 miljoen naar 425 miljoen euro.
Jean weet wat ondernemen is en kent als geen ander de sterktes en zwaktes van een onderneming in familiale handen. Als academicus heeft hij de expertise om de theorie en de praktijk van het zakenleven met elkaar te verbinden. Boeiend is dat hij dit alles aftoetst aan militaire strategie."
200;Jean-Marie Dedecker;Speaker;Male;Dutch;https://readmylips.be/sites/default/files/speakers/Dedecker_jeanmarie_200409_foto2_1000.jpg;Who is Jean-Marie Dedecker?;English;"Current affairs, Sustainability &amp; Climate, Politics &amp; Government, Society &amp; Diversity, Entertainment, Sport";;No;"Who is Jean-Marie Dedecker?
The road that Jean-Marie has travelled is certainly as varied as the man himself. He has been very active in the business world, earned Olympic glory as coach of our national judo team and founded his own political movement as a politician. He is celebrated by some and hated by others. But he has always remained the same: straightforward and with clear arguments.
He has achieved a lot in his political, sports and business career. And he wants to share this experience with his audience. He is never afraid to speak his mind, and people who listen will always hear a new and refreshing perspective of the world. No one is better placed to offer a look behind the scenes of the political arena and the twists and turns associated with political decision-making. During his media appearances, he doesn’t shy away from touchy subjects such as doping in sport, migration and radical Islam."
200;Jean-Marie Dedecker;Speaker;Male;Dutch;https://readmylips.be/sites/default/files/speakers/Dedecker_jeanmarie_200409_foto2_1000.jpg;Wie is Jean-Marie Dedecker?;Dutch;"De wereld vandaag, Duurzaamheid &amp; klimaat, Politiek &amp; overheid, Samenleving &amp; diversiteit, Entertainment, Sport";;No;"Wie is Jean-Marie Dedecker?
Het parcours dat Jean-Marie heeft afgelegd is op zijn minst zo gevarieerd als de man zelf. In het zakenleven heeft hij al heel wat op zijn actief, als nationaal judocoach bezorgde hij ons land olympische roem en als politicus stampte hij zijn eigen politieke beweging uit de grond. Hij wordt zowel toegejuicht als uitgespuwd. Toch blijft hij altijd zichzelf: recht voor de raap en met duidelijke argumenten.
In zijn politieke, sport- en zakencarrière heeft hij veel bereikt. Die ervaring wil hij graag met zijn publiek delen. Hij neemt nooit een blad voor de mond en wie goed luistert, hoort altijd een nieuwe en verfrissende kijk op de wereld. Als geen ander heeft Jean-Marie inzicht in de keuken van de Wetstraat en de cenakels van de politieke besluitvorming. Als mediafiguur gaat hij heikele thema's zoals doping in de sport, migratie en islamradicalisme niet uit de weg."
584;Jean-Michel Saive;Speaker;Male;French;https://readmylips.be/sites/default/files/speakers/Saive_Jean-Michel_200129_2_RML.jpg;Jean-Michel Saive comme orateur à votre évènement ? Contactez Read My Lips, notre bureau d’orateurs spécialisés !;French;Divertissement, Sport;;No;"Qui est Jean-Michel Saive ?
Les recettes du numéro 1 de tennis de table depuis plus de 30 ans sans interruption!
30 ans de carrière au top et certainement pas l’intention d’arrêter!
«Saviez-vous qu’Eddy Merckx perdait 2 courses sur 3 ? Il faut intégrer ses échecs»
Nous avons rencontré Jean-Michel Saive (1969) la veille de son départ pour Tokyo, où il participe à ses 23èmes championnats du monde ! Ce n'est pas la première fois que les mondiaux de tennis de table se déroulent dans la capitale japonaise. C’était déjà le cas en 1983 et Jean-Michel Saive était déjà présent. Ses premiers mondiaux. Il n'avait que 13 ans !
Serait-ce une jolie façon de boucler une carrière sportive phénoménale ? Certainement pas !, 'Jean-Mi' n'a nullement l'envie de mettre sa raquette au clou pour l'instant ! Retour sur un palmarès à faire pâlir d'envie bon nombre d'athlètes.
Un belge numéro 1 mondial
Jean-Michel Saive est né en 1969 dans une famille de pongistes. Il aime à rappeler que tout gamin, avec son frère Philippe, il frappait la petite balle de celluloïd sur la table de la cuisine pendant que ses parents jouaient en interclubs.
Depuis son premier tournoi de ping en octobre 1978 à Eupen, il ne cesse de gravir les échelons, patiemment. Dans sa catégorie d'âge d'abord : il est Champion d'Europe cadet en 1984 ; et, de suite dans la catégorie senior : en 1985, il fête son premier titre national. Un titre qu'il n'a jamais quitté depuis puisque Jean-Michel Saive est numéro 1 belge depuis 30 ans, sans interruption ! « Quand je me pose et que je réfléchi à ce chiffre, je trouve cela hallucinant ! »
Il prend rapidement conscience de son potentiel et travaille d'arrache-pied pour progresser encore. « Evidemment, je ne bénéficiais pas des mêmes structures d'entrainement que les Allemands, les Français ou les Suédois, mais très vite j'ai su qu'après mes humanités, je me donnerais 2 ans pour faire du tennis de table à fond ». Cet acharnement porte ses fruits. En 1988, il bénéficie d'un service militaire allégé et parvient à se qualifier pour ses premiers jeux olympiques, à Séoul.
Le début des années 90 est marqué par la mainmise des européens sur le tennis de table mondial, notamment avec l'armada suédoise (Appelgren, Waldner, Persson et Lindh). Jean-Michel bouscule petit à petit ce beau
monde, pour, en 1994, gagner le Top 12 Européen à Birmingham en battant Waldner en finale (le « Federer » du tennis de table de l’époque) et se hisser par la même occasion à la plus haute marche du classement mondial.
« Si je devais épingler un fait de ma carrière, ce serait sans doute celui-là: avoir été pendant 15 mois continus numéro 1 mondial. Cela me semble aujourd'hui hallucinant. Surtout qu'au début des années 80, la Chine dominait le ping comme elle le fait aujourd’hui. Cela paraissait impossible, impensable. Waldner et d'autres suédois ont ouvert la porte, d'autres européens y ont cru, et moi aussi... »
Le « Fighter »
Jean-Michel Saive a accumulé le palmarès qu'on lui connait, époustouflant. Un seul regret peut-être, l'absence de médaille aux JO, et ce quart de finale perdu en 1996 à Atlanta alors qu'il est au sommet de sa carrière. « Cela a été très difficile car j'avais le sentiment que je n’étais qu'à une infime marche du sommet, qu'il ne me manquait plus que l'or olympique, et qu'au lieu d'arriver à cet ultime étage, l'ascenseur s'est soudain mis à descendre ».
Par la suite, sa carrière connait des hauts et des bas et l’arrivée d'une nouvelle génération de joueurs chinois. Parmi d'autres titres, il gagne l'US Open en 1998, il est sacré champion du monde en 2001 avec son club de l’époque La Villette, année où il est également vainqueur du classement général au Pro-Tour et vice-champion du Monde par équipe avec la Belgique. En 2002, il signe sa seconde victoire à l'Open du Qatar, puis est vainqueur de la Ligue des Champions l’année suivante. En 2005, il est vice-champion d’Europe, etc. Et puis, évidemment, il a à son compteur 7 participations aux Jeux Olympiques !
Aujourd'hui, 30 ans plus tard (!), Jean-Michel Saive n'a toujours pas rangé sa raquette au placard. Il n'y pense pas et persiste avec la même hargne qu'à ses débuts, avec ce fighting spirit qui lui a permis d'accumuler tant de succès. En début de saison 2014, il voulait être champion de Belgique pour la 25ème fois, rester numéro 1 belge pour la 30ème fois et gagner le championnat de Belgique avec son nouveau club, Le Logis Auderghem. Trois challenges pleinement réalisés...
Cela dit, s'il prend toujours plaisir à s'entrainer, il doit désormais jongler avec d'autres responsabilités, extra-sportives.
Dans l’intérêt des sportifs
Depuis les JO de Londres, Jean- Michel Saive a été nommé directeur technique de la fédération de tennis de table belge francophone. « C'est mon premier métier aujourd'hui », sourit-il. Mais son engagement au 
sein des instances sportives dirigeantes remonte déjà à la fin des années 90. Vu qu'il n'existait alors pas de Commission des athlètes de tennis de table, Jean-Michel participe à la création du Club of Table Tennis Professional, dont il est élu président.
« Cela m'a toujours intéressé de défendre les intérêts des sportifs. La meilleure façon d'y arriver était selon moi d'aller voir l'envers du décor, ce qui se passait dans les coulisses, dans les hautes sphères, et de tenter d'y avoir de l'influence. »
Depuis les années 2000, il enfile différentes casquettes : d'abord membre de la Commission des athlètes olympiques belges, il est nommé en 2009 administrateur au Comité Olympique Belge. Ce sera ensuite la Commission des Athlètes Olympiques Européens, dont il est élu président en 2013, ce qui lui confère de nouvelles responsabilités dans les instances internationales.
« Ces nouvelles responsabilités sont passionnantes, mais cela demande beaucoup d’investissement car si comme moi on veut faire bouger les choses, il faut être à la fois suffisamment armé et très diplomate! »
Rio 2016 ?
Est-ce à dire que ces responsabilités sans cesses croissantes signent un frein à son quotidien de sportif de haut niveau ? Et bien non ! Il suffit d’évoquer les prochains jeux de Rio (ce serait ses 8èmes!) pour retrouver Jean-Michel Saive toujours aussi combatif. « Ce n'est ni oui, ni non, la fenêtre n'est pas fermée... Cela dépendra de mon classement mondial et donc de ma volonté de m'y consacrer pleinement durant l’année 2015. Ce qui implique que je puisse m'adapter aux nouvelles balles en plastique, qui remplaceront d'ici peu celles en celluloïd. Mais si dans 6 mois j'ai le même niveau avec cette nouvelle balle, ce serait bête de ne pas essayer... »"
488;Jef Geys;Speaker;Male;Dutch, English;https://readmylips.be/sites/default/files/speakers/Geys_Jef_200124_1.jpg;Who is Jef Geys?;English;"Entertainment, Sport, Management, Leadership and Senior Management, Enterprise, HR &amp; Wellbeing, Work/Life Balance";;Yes;"Who is Jef Geys?
70 percent of people experience some kind of tiredness. Due to too much work, too many stimuli, overloaded schedules and day-to-day worries. By implementing the right advice at the right time, you can regain the energy you need to perform effectively.
No one is judged; we offer people insights into their biological workings and make them aware of their strategy for pursuing results and - thus - happiness. Health coach and ex-cyclist Jef Geys has developed a holistic method that analyses the body from a biochemical, physiological and genetic point of view. He coaches managers and companies via workshops, but also offers individual support. He is the founder of Primefit (2005) and RiseUp UAE (2020), which tests, advises and coaches people to become a better version of themselves in economic, social/familial and personal terms."
488;Jef Geys;Speaker;Male;Dutch, English;https://readmylips.be/sites/default/files/speakers/Geys_Jef_200124_1.jpg;Wie is Jef Geys?;Dutch;"Entertainment, Sport, Management, Leiderschap &amp; topmanagers, Ondernemen, HR &amp; wellbeing, Balans werk/leven";;Yes;"Wie is Jef Geys?
70 procent van de mensen ervaart enige vorm van vermoeidheid. Door te veel werk, te veel prikkels, overvolle agenda’s en dagelijkse beslommeringen. Door de juiste adviezen op het juiste moment toe te passen ervaar je opnieuw de energie die je nodig hebt om te presteren.
Niemand wordt veroordeeld, we geven mensen inzichten van hun biologische kost en maken ze bewust van hun strategie om tot resultaten en zo ook geluk na te streven. Health coach en ex-wielrenner Jef Geys ontwikkelde een holistische methode die het lichaam biochemisch, fysiologisch en genetisch analyseert. Hij coacht managers en bedrijven via workshops, maar zorgt ook voor individuele begeleiding. Hij is de oprichter van Primefit (2005) en onlangs RiseUp UAE (2020), dat mensen test, adviseert en coacht naar de beste versie van henzelf op economisch, socio-familiaal en persoonlijk vlak."
491;Jef Vuchelen;Speaker;Male;Dutch, English;https://readmylips.be/sites/default/files/speakers/Vuchelen_Jef_200125_1.jpg;Who is Jef Vuchelen?;English;"Current affairs, Politics &amp; Government, Economics";;No;"Who is Jef Vuchelen?
The National Bank? We can do without it. No more deductibles on your tax return; a flat tax is sufficient. As co-“inventor” of notional interest, Jef has never been afraid to challenge some of our sacred cows. He masters the art of explaining complicated economic issues in understandable language.
As a speaker, Jef taps into the vast knowledge that he has acquired during the course of his impressive career. He doesn’t shy away from any subject: failing government policy, the greed of banks, money laundering, wealth distribution and every aspect of the pension problem. He is able to captivate audiences with his thorough, but always understandable, analyses."
491;Jef Vuchelen;Speaker;Male;Dutch, English;https://readmylips.be/sites/default/files/speakers/Vuchelen_Jef_200125_1.jpg;Wie is Jef Vuchelen?;Dutch;"De wereld vandaag, Politiek &amp; overheid, Economie";;No;"Wie is Jef Vuchelen?
De Nationale Bank? Kan best verdwijnen. Weg met die honderden aftrekposten op jouw belastingbrief; één vlaktaks volstaat. Als mede-“uitvinder” van de notionele intrest is Jef nog nooit bang geweest om heilige huisjes aan te vallen. Hij verstaat de kunst om zijn standpunten over ingewikkelde economische materies uit te leggen in begrijpelijke taal.
Als spreker put Jef rijkelijk uit de schat van kennis die zijn indrukwekkende carrière hem opleverde. Daarbij gaat hij geen thema uit de weg: het falende overheidsbeleid, de hebzucht van de banken, zwart geld, vermogensverdeling of de pensioenproblematiek in al haar facetten. Met zijn diepgaande, maar steeds verstaanbaar gebrachte analyses imponeert hij zijn publiek."
1008;Jelle Veyt;Speaker;Male;Dutch, English;https://readmylips.be/sites/default/files/speakers/GOPR0641_RML.jpg;"Jelle Veyt as a speaker or moderator on your event? Contact the speakers&#039; office Read My Lips!";English;"Entertainment, HR &amp; Wellbeing";;Yes;"Who is Jelle Veyt?
For Jelle Veyt, “reaching the top” is not just a metaphor for a mission. For him, it is namely and literally his mission. He is on a tour of the highest mountains on each continent, the so-called “Seven Summits”. Furthermore, he wishes to do this with the smallest possible ecological footprint, so he cycles, hikes, sails and rows around the planet. What drives him? When he was 17, a number of events in his life led him to believe that he would not grow old. He lived on the street and found a way not to regret his choices. That is why he started to make very conscious choices. How that works and what you can learn from it for your own journey to ""the top” - he will gladly tell you in his "
1008;Jelle Veyt;Speaker;Male;Dutch, English;https://readmylips.be/sites/default/files/speakers/GOPR0641_RML.jpg;Jelle Veyt als spreker op jouw evenement? Neem vrijblijvend contact op met sprekersbureau Read My Lips voor meer informatie.;Dutch;"Entertainment, HR &amp; wellbeing";;Yes;"Wie is Jelle Veyt?
“De top bereiken” is voor Jelle Veyt niet zomaar een metafoor voor een missie. Voor hem is het namelijk letterlijk zijn missie. Hij is bezig met een tocht langs de hoogste bergen op elk continent, de zogenaamde “Seven Summits”. Bovendien wil hij dat doen met een zo klein mogelijke ecologische voetafdruk, dus hij fietst, wandelt, zeilt en roeit de planeet rond. Wat hem drijft? Toen hij 17 was zorgden een aantal gebeurtenissen in zijn leven ervoor dat hij dacht dat hij niet oud zou worden. Hij leefde op straat en vond een manier om geen spijt te krijgen van zijn keuzes. Daarom begon hij heel bewust keuzes te maken. Hoe dat in mekaar zit en wat u eruit kan leren voor uw eigen tocht naar “de top” vertelt hij u graag in zijn beklijvende talk."
845;Jens Van Lier;Speaker;Male;Dutch, English;https://readmylips.be/sites/default/files/speakers/Jens-2.jpg;"Jens Van Lier as a speaker on your event? Contact the speakers&#039; office Read My Lips for more information.";English;Entertainment, Sport;;Yes;"Who is Jens Van Lier?
Jens Van Lier (°1987) has a PhD in Psychology and a penchant for sports psychology; he is a scientist, sports psychologist and sports freak. He is the author of the book ‘Je Kop Tegen Je Lijf’ (Your head versus your body), which is about mental strength in cycling. He is currently the sports psychologist for the Lotto-Soudal cycling team. He is a passionate cyclist who can enjoy both the cobbled roads of The Tour of Flanders and the melting asphalt roads of the Tour Down Under."
845;Jens Van Lier;Speaker;Male;Dutch, English;https://readmylips.be/sites/default/files/speakers/Jens-2.jpg;Jens Van Lier als spreker op jouw evenement? Neem vrijblijvend contact op met sprekersbureau Read My Lips voor meer informatie.;Dutch;Entertainment, Sport;;Yes;"Wie is Jens Van Lier?
Jens Van Lier (°1987) is doctor in de Psychologie met een voorliefde voor de sportpsychologie, wetenschapper, sportpsycholoog en sportdier. Hij is auteur van het boek Je kop tegen je lijf dat gaat over mentale kracht in het wielrennen. Momenteel is hij de Sportpsycholoog bij het Lotto-Soudal-wielerteam. Hij is een gepassioneerd fietser die zowel kan genieten van de kasseiwegen van Vlaanderens Mooiste als van de smeltende asfaltwegen van de Tour Down Under."
1224;Jeroen Baert;Speaker;Male;Dutch, English;https://readmylips.be/sites/default/files/speakers/jeroen%20baert%20%28foto%20nerdland%20krew%20collectiv%29ZW.jpg;Jeroen Baert as a speaker or moderator at your event? Feel free to contact speakers agency Read My Lips for more information.;English;"Current affairs, Science, Technology &amp; innovation, Innovation &amp; Trends, ICT &amp; Technology";;Yes;"Who is Jeroen Baert?
Jeroen Baert graduated as a Civil Engineer in Computer Science in 2010 and did research in the Computer Graphics group at KU Leuven. As science communicator and comedian (a.o. Belgian Improvisation League), he is part of the Nerdland project of Lieven Scheire, known for a.o. the popular Nerdland science podcast. He is a regular guest on interpretation and panel programmes on radio &amp; TV and is currently touring the country with keynotes on topics such as Artificial Intelligence, Metaverses and more. Jeroen loves to humorously dissect hypes and take his audience through all aspects of the new technologies coming our way.

          
  












    

  


  
  
      

      Request your offer here"
1224;Jeroen Baert;Speaker;Male;Dutch, English;https://readmylips.be/sites/default/files/speakers/jeroen%20baert%20%28foto%20nerdland%20krew%20collectiv%29ZW.jpg;Jeroen Baert als spreker of moderator op jouw evenement? Neem vrijblijvend contact op met sprekersbureau Read My Lips voor meer informatie.;Dutch;"De wereld vandaag, Wetenschap, Technologie &amp; innovatie, Innovatie &amp; trends, ICT &amp; technologie";;Yes;"Wie is Jeroen Baert?
Jeroen Baert studeerde in 2010 af als Burgerlijk Ingenieur Computerwetenschappen en deed onderzoek in de Computer Graphics groep van de KU Leuven. Als wetenschapscommunicator en comedian (o.a. Belgische Improvisatie Liga) maakt hij deel uit van het Nerdland-project van Lieven Scheire, bekend van o.a. de populaire Nerdland wetenschapspodcast. Hij is regelmatig te gast in duidings- en panelprogramma’s op radio &amp; tv en trekt momenteel het land door met keynotes over topics zoals Artificial Intelligence, Metaverses en meer. Jeroen houdt ervan om op humoristische wijze hypes te ontleden en zijn publiek mee te nemen langs alle aspecten van de nieuwe technologieën die op ons afsteven.

          
  












    

  


  
  
      

      Vraag je offerte aan"
205;Jeroen Denaeghel;Speaker;Male;Dutch;https://readmylips.be/sites/default/files/speakers/Denaeghel_Jeroen_200128_1_zw.jpg;Who is Jeroen Denaeghel?;English;"Current affairs, Sustainability &amp; Climate, Entertainment, Leisure, Sport";;Yes;"Who is Jeroen Denaeghel?
Jeroen landed in the world of media after taking part in the very first edition of Big Brother. Not long after, he was working behind the camera as director of De Planckaerts, Goedele Liekens and Panorama. He is a journalist and TV producer, founded the cycling magazine Bahamontes and writes for HUMO and Eos. He is also a bio-engineer and travelled around the world looking for dangerous animals and exotic birds. In 2010, he wrote a book about his world trip: Op zoek naar het beest (looking for the beast).
The speaker is a gifted storyteller and his natural flair is able to fascinate audiences. He uses his typically humorous, no-nonsense style to take people on a journey into his two favourite biotopes: nature and the world of cycling."
205;Jeroen Denaeghel;Speaker;Male;Dutch;https://readmylips.be/sites/default/files/speakers/Denaeghel_Jeroen_200128_1_zw.jpg;Jeroen Denaeghel als spreker op jouw evenement? Neem vrijblijvend contact op met sprekersbureau Read My Lips.;Dutch;"De wereld vandaag, Duurzaamheid &amp; klimaat, Entertainment, Vrije tijd, Sport";;Yes;"Wie is Jeroen Denaeghel?
Jeroen verzeilde in de mediawereld door zijn deelname aan de eerste editie van Big Brother. Niet veel later kroop hij zelf achter de camera als regisseur van De Planckaerts, Goedele Liekens en Panorama. Hij is journalist, tv-maker en medeoprichter van het wielerblad Bahamontes. Hij schrijft ook voor HUMO en Eos. Als bio-ingenieur trok hij de wereld rond op zoek naar gevaarlijke beesten en exotische vogels. In 2010 schreef hij een boek over zijn wereldreis: Op zoek naar het beest.
Deze spreker is een begenadigd verteller die met een natuurlijke flair zijn publiek weet te boeien. Met zijn typische, humoristische no-nonsensestijl neemt hij de luisteraar mee naar zijn twee favoriete biotopen: de natuur en het wielermilieu."
1189;Jeroen Poels;Speaker, Moderator;Male;Dutch, English;https://readmylips.be/sites/default/files/speakers/Jeroenbw.jpg;Jeroen Poels als spreker of moderator op jouw evenement? Neem vrijblijvend contact op met sprekersbureau Read My Lips voor meer informatie.;English;"Management, Enterprise, HR &amp; Wellbeing";;Yes;"The one thing Jeroen Poels learned at school was that learning (or studying) in the conventional way did not really capture his interest ... At age 16 he dropped out, but still managed to finish high school (in Belgian terms: ASO / Economie &amp; Talen) by studying at home. Eager to get his career in business off to a flying start, he promptly began studying SME management at Charlemagne University of Applied Sciences. After two years, however, he simply had to succumb to the temptation to work for himself. Professionally, he certainly didn't drop out, but he did start at the very bottom: he was basically the ambitious 15-year-old dishwasher at the local banquet hall, trying to work his way up to the position of head waiter. In which he succeeded so well that at that point he was also leading virtually the entire staff. At the age of 18, he finally seized his opportunity and started his own company: DELTAWORX. The reason? Not only in light of personal development and growth, but also because he saw the opportunity to help students (his friends and peers at the time) get jobs so they could gain (relevant) work experience; which is still one of the company's main goals today. A year later, he became the youngest person ever to lead an officially certified staffing agency. He also had the honor of being nominated as Belgium's youngest CEO. Jeroen Poels is also one of the young wolves from VTM2's TV program of the same name. And together with his co-host has his own talk show on Kanaal Z called Goe Bezig! He also received a listing within the prestigious Forbes 30under30 in 2021. Meanwhile, Deltaworx employs more than 4,000 students annually and has a network of more than +50k Young Professionals.

          
  












    

  


  
  
      

      Request your offer here"
1189;Jeroen Poels;Speaker, Moderator;Male;Dutch, English;https://readmylips.be/sites/default/files/speakers/Jeroenbw.jpg;Jeroen Poels als spreker of moderator op jouw evenement? Neem vrijblijvend contact op met sprekersbureau Read My Lips voor meer informatie.;Dutch;"Management, Ondernemen, HR &amp; wellbeing";;Yes;"Het enige dat Jeroen Poels op school leerde, was dat leren (of studeren) op de conventionele manier niet echt zijn interesse wekte ... Op 16-jarige leeftijd stopte hij, maar slaagde hij er nog steeds in om zijn middelbare school (in Belgische termen: ASO / Economie &amp; Talen) af te ronden door thuis te studeren. Begerig om zijn carrière in de zakenwereld een vliegende start te geven, begon hij prompt met het volgen van een opleiding KMO-management aan Karel de Grote Hogeschool. Na twee jaar moest hij echter gewoon bezwijken voor de verleiding om voor zichzelf te gaan werken. Professioneel gezien viel hij zeker niet uit, maar hij begon wel helemaal onderaan: hij was in feite de ambitieuze 15-jarige vaatwasser in de plaatselijke feestzaal, die probeerde zich omhoog te werken naar de positie van hoofdkelner. Waarin hij zo goed slaagde dat hij op dat moment ook vrijwel het hele personeelsbestand leidde. Op 18-jarige leeftijd greep hij eindelijk zijn kans en startte zijn eigen bedrijf: DELTAWORX. De reden? Niet alleen in het licht van persoonlijke ontwikkeling en groei, maar ook omdat hij de mogelijkheid zag om studenten (destijds zijn vrienden en leeftijdsgenoten) aan een baan te helpen zodat ze (relevante) werkervaring konden opdoen; dat is vandaag nog steeds een van de belangrijkste doelstellingen van het bedrijf. Een jaar later werd hij de jongste persoon ooit die leiding gaf aan een officieel gecertificeerd uitzendbureau. Hij had ook de eer om voorgedragen te worden als de jongste CEO van België. Jeroen Poels is tevens één van de jonge wolven uit het gelijknamige tv-programma van VTM2. En heeft samen met z'n collega-host een eigen talkshow op Kanaal Z genaamd Goe Bezig!. Daarnaast ontving hij in 2021 een listing binnen het prestigieuze Forbes 30under30. Ondertussen stelt Deltaworx jaarlijks meer dan 4.000 studenten tewerk en heeft het een netwerk van meer dan +50k Young Professionals.

          
  












    

  


  
  
      

      Vraag hier een offerte aan"
495;Jo Caudron;Speaker;Male;Dutch, English;https://readmylips.be/sites/default/files/speakers/Caudron_Jo_200123_4.jpg;"Jo Caudron as a speaker on your event? Contact the speakers&#039; office Read My Lips for more information.";English;"Current affairs, Sustainability &amp; Climate, Politics &amp; Government, Economics, Management, Leadership and Senior Management, Enterprise, Strategy, CSR (Corporate Social Responsibility), Technology &amp; innovation, Innovation &amp; Trends, ICT &amp; Technology";;Yes;"Who is Jo Caudron?
Jo started his digital career somewhere in 1994. It was all a bit by accident that he discovered the internet and together with his brother and two friends, he created the first digital agency in Belgium. Now we are 25 years later and he can look back on a rich history of digital activities. Of some he's still very proud. Others were endeavours to forget quickly. Yet all of these entrepreneurial moves made him what he is today: privileged to be in this business for over two decades, getting to know so many interesting people.
Jo considers himself to be a transformation strategist. The good thing is that this profession doesn't really exist, so he doesn’t have to live up to specific standards or conventions. He is passionated about change and how digital is impacting everything around us. For over a decade his company Scopernia has been helping all kinds of organisations, from Denmark to Dubai with the big question: how is digital changing our very essence? For companies this basically means understanding how business models will change. Recently Jo started thinking about how digital is impacting society as a whole. This was the driver to start writing his latest book, The World Is Round. Because of the Corona crisis, many of his ideas have become an accelerated part of our daily lives. Whereas his book gave us ample time to think about this distant future, the Corona Crisis is already forcing us to learn to deal with tomorrow's world.
One of Jo’s real passions is to talk to people, bringing the message of change and optimism across. He has been on hundreds of stages, in about every European country and beyond.
In the last decade Jo (co-)wrote five books on different transformational topics, from dealing with social media, the future of the media industry, digital transformation and now his latest book The World Is Round, about the transformation of society and how to plan for that.
 "
495;Jo Caudron;Speaker;Male;Dutch, English;https://readmylips.be/sites/default/files/speakers/Caudron_Jo_200123_4.jpg;Jo Caudron als spreker op jouw evenement? Neem vrijblijvend contact op met sprekersbureau Read My Lips.;Dutch;"De wereld vandaag, Duurzaamheid &amp; klimaat, Politiek &amp; overheid, Economie, Management, Leiderschap &amp; topmanagers, Ondernemen, Strategie, MVO (Maatschappelijk verantwoord ondernemen), Technologie &amp; innovatie, Innovatie &amp; trends, ICT &amp; technologie";;Yes;"Wie is Jo Caudron?
Jo beschouwt zichzelf als een transformatiestrateeg, gepassioneerd door disruptie en hoe digitalisering alles om ons heen beïnvloedt. Als gerespecteerd adviseur helpt hij met zijn bedrijf Duval Union Consulting talloze grote organisaties van Denemarken tot Dubai. Hierbij beantwoorden ze de vraag hoe digitalisatie van onze maatschappij niet enkel businessmodellen maar ook de purpose van mens en organisatie verandert.
Jo is een veelgevraagd keynotespreker in binnen- en buitenland. Hij is een gepassioneerd verteller die technologische, maatschappelijke, strategische en economische inzichten op een begrijpelijke manier overbrengt. Zijn passie is met en voor mensen te praten en een boodschap van verandering en optimisme over te brengen.
Jo is auteur en heeft in de afgelopen jaren (mee)geschreven aan verschillende boeken over transformatie: Digital Transformation was een internationale bestseller. In zijn laatste boek, De wereld is rond, gaat hij voorbij aan het pure digitale en de technologie. Hij brengt de transformatieve gedachte over naar de grote uitdagingen waar we als mens, maatschappij en economie voor staan. Het is een pleidooi voor de ontwikkeling van een optimistisch toekomstbeeld om te kunnen gaan met een wereld in verandering.

          
  












    

  


  
  
      

      Vraag je offerte aan"
975;Joachim De Vos;Speaker;Male;Dutch, English;https://readmylips.be/sites/default/files/speakers/3%20kopi%C3%ABren_0.jpg;Joachim De Vos als spreker op jouw evenement? Neem vrijblijvend contact op met sprekersbureau Read My Lips voor meer informatie.;English;"Current affairs, Science, Management, Technology &amp; innovation";;Yes;"Who is Joachim De Vos

International keynote speaker, author, business owner/executive &amp; professor specialising in foresight. Focus on the future, technology, foresight, strategy and innovation and how to prepare your organisation. Joachim De Vos, since 1995 top exec at Living Tomorrow, the leading international innovation platform connecting with 5M+ visitors about what the future could look like. He started TomorrowLab in 2007 as an innovation consulting company working with over 600 companies on innovation, future strategy, technology and open innovation. He is a professor of scenario planning at the University of Ghent. He is the author of the book entitled “Why Innovation Fails”, bringing the real story of Kodak together with the inventor of the digital camera, Steven Sasson. Joachim talks about the future, how it could unfold and how to prepare your organisation for this change. He talks with passion, vision, insight and, most importantly, practical experience of all these companies and consumer insights."
975;Joachim De Vos;Speaker;Male;Dutch, English;https://readmylips.be/sites/default/files/speakers/3%20kopi%C3%ABren_0.jpg;Joachim De Vos als spreker op jouw evenement? Neem vrijblijvend contact op met sprekersbureau Read My Lips voor meer informatie.;Dutch;"De wereld vandaag, Wetenschap, Management, Technologie &amp; innovatie";;Yes;"Wie is Joachim De Vos

Internationale keynotespreker, auteur, bedrijfseigenaar/directeur en professor gespecialiseerd in foresight. Focust op de toekomst, technologie, foresight, strategie en innovatie en hoe je jouw organisatie kunt voorbereiden. Joachim De Vos is sinds 1995 hoofddirecteur bij Living Tomorrow, het toonaangevende internationale innovatieplatform dat met meer dan 5 miljoen bezoekers nadenkt over hoe de toekomst eruit zou kunnen zien. In 2007 richtte hij TomorrowLab op, een innovatiegericht adviesbureau dat tot nu toe met meer dan 600 bedrijven samenwerkte op het vlak van innovatie, toekomststrategieën, technologie en open innovaties. Hij is professor Scenarioplanning aan de Universiteit Gent. Hij is auteur van het boek “Why Innovation Fails”, waarin hij samen met de uitvinder van de digitale camera, Steven Sasson, het echte verhaal van Kodak vertelt. Joachim spreekt over de toekomst, hoe die zich zou kunnen ontvouwen en hoe jij jouw organisatie op deze verandering kunt voorbereiden. Hij doet dit met passie, visie, inzicht en, wat nog belangrijker is, met praktijkervaring op het gebied van al deze bedrijfs- en consumenteninzichten."
498;Joanie de Rijke;Speaker;Female;Dutch, English;https://readmylips.be/sites/default/files/speakers/DeRijke_Joanie_200128_1zw.jpg;"Joanie de Rijke as a speaker or moderator on your event? Contact the speakers&#039; office Read My Lips!";English;"Current affairs, Politics &amp; Government, Safety, Society &amp; Diversity, History";Non-profit;Yes;"Who is Joanie De Rijke?
This past year, Joanie stood where it happened, from the first day of the Russian invasion of Ukraine. She reported from Kiev during the first days of the war, when almost no one dared enter, and then spent five weeks reporting across the country. The coverage was featured in De Morgen, via video reports in The Appointment, The Seventh Day and on Radio 1. Joanie traveled back and forth to Ukraine many times in 2022 to bring reports. Among others, she spoke with the mayor of Kiev, Vitali Klichko, Maikhail Podolyak, advisor to Zelensky, and she was the first European journalist to visit a camp for Russian prisoners of war in Ukraine. In February 2023, she will be featured on Streamz in the documentary series War Junkies, about her work in a war zone.
Journalist Joanie has already visited several war zones, but in 2008 things go wrong when she is kidnapped by the Taliban in Afghanistan. For six days, she bravely fights for her life until she is released. Upon returning home, she writes a book about her experiences.
Despite this traumatic experience, she continues to work as a journalist in the region and writes another book, Pakistan, the most dangerous country in the world, a revelation in Dutch-language journalism. As a reporter, mainly for the weekly Knack, she continues to travel to Asia, the Middle East and the Balkans. She encounters brutal war, but also the human side.
Although we are often confronted with images of war zones, we can hardly imagine them. On her travels, Joanie gets to places most of us would rather stay away from. In 2017, renowned Dutch investigative and war journalist Arnold Karskens named her best Dutch war reporter of the year. She recounts her experiences in a fascinating and moving way."
498;Joanie de Rijke;Speaker;Female;Dutch, English;https://readmylips.be/sites/default/files/speakers/DeRijke_Joanie_200128_1zw.jpg;Joanie de Rijke als spreker op jouw evenement? Contacteer vrijblijvend het sprekersbureau Read My Lips!;Dutch;"De wereld vandaag, Politiek &amp; overheid, Veiligheid, Samenleving &amp; diversiteit, Geschiedenis";Non-profit;Yes;"Wie is Joanie de Rijke?
Het afgelopen jaar stond Joanie vanaf de eerste dag van de Russische invasie in Oekraïne op de plekken waar het gebeurde. Ze bracht de eerste dagen van de oorlog verslag vanuit Kiev, toen bijna niemand er binnen durfde, en trok vervolgens vijf weken het land door om verslag te brengen. De berichtgeving was te volgen in De Morgen, via videoverslagen in De Afspraak, de Zevende Dag en op Radio 1. Joanie reisde in 2022 heel wat heen en weer naar Oekraïne om reportages te brengen. Ze sprak onder andere met de burgemeester van Kiev, Vitali Klitsjko, Maikhail Podoljak, adviseur van Zelenski en ze was als eerste Europese journalist op bezoek in een kamp voor Russische krijgsgevangenen in Oekraïne. In februari 2023 is ze op Streamz te zien in de docureeks War Junkies, over haar werk in oorlogsgebied.
Journaliste Joanie heeft al ettelijke oorlogszones bezocht, maar in 2008 loopt het mis wanneer ze in Afghanistan wordt ontvoerd door de taliban. Zes dagen lang strijdt ze moedig voor haar leven, tot de vrijlating volgt. Bij thuiskomst schrijft ze een boek over haar ervaring.
Ondanks deze traumatiserende belevenis werkt ze verder als journaliste in de regio en schrijft ze opnieuw een boek, Pakistan, het gevaarlijkste land ter wereld, een revelatie in de Nederlandstalige journalistiek. Als reporter, vooral voor het weekblad Knack, blijft ze naar Azië, het Midden-Oosten en de Balkan trekken. Ze krijgt er te maken met keiharde oorlog maar ook met de menselijke kant.
Hoewel we vaak geconfronteerd worden met beelden van oorlogszones, kunnen we ons er weinig bij voorstellen. Joanie komt tijdens haar reizen op plaatsen waar de meesten van ons het liefst wegblijven. In 2017 riep de bekende Nederlandse onderzoeks- en oorlogsjournalist Arnold Karskens haar uit tot de beste Nederlandse oorlogsverslaggever van het jaar. Boeiend en aangrijpend vertelt ze haar ervaringen. 
 "
501;Jochen Roef;Speaker;Male;Dutch, English;https://readmylips.be/sites/default/files/speakers/Roef_Jochen_200124_1.jpg;"Jochen Roef as a speaker on your event? Contact speakers&#039; office Read My Lips for more information!";English;"Marketing &amp; communication, Marketing, Sales &amp; Customer Service, HR &amp; Wellbeing, Corporate Culture, Work/Life Balance, Technology &amp; innovation, Innovation &amp; Trends";;Yes;"Who is Jochen Roef?
Jochen is the founder of Blinc Sales Institute and Traicie.com, both trendsetting companies in their market segment. Jochen is passionate about human potential, sales and HR. After completing his Master’s in Psychology, he performed various sales functions that increased his fascination for sales and human diversity.
He developed a method that results in a personalised sales and marketing approach, which sales professionals can use to stand out in our heavily digitalised world. Blinc Sales Institute guides commercial directors and sales teams for clients such as KBC, Showpad and Puratos. Besides that, via Traicie.com Jochen creates pioneering AI applications that help HR departments globally to win the war for talent."
501;Jochen Roef;Speaker;Male;Dutch, English;https://readmylips.be/sites/default/files/speakers/Roef_Jochen_200124_1.jpg;Jochen Roef als spreker op jouw evenement? Neem vrijblijvend contact op met sprekersbureau Read My Lips!;Dutch;"Marketing &amp; communicatie, Marketing, Verkoop &amp; klantenservice, HR &amp; wellbeing, Bedrijfscultuur, Balans werk/leven, Technologie &amp; innovatie, Innovatie &amp; trends";;Yes;"Wie is Jochen Roef?
Jochen is de oprichter van Blinc Sales Institute en van Traicie.com, beide trendsettende bedrijven in hun marktsegment. Jochen is gepassioneerd door menselijk potentieel, verkoop en hr. Na het behalen van zijn master in de psychologie stapte hij in verschillende salesfuncties, wat zijn fascinatie voor verkoop en menselijke diversiteit voedde.
Hij ontwikkelde een methode die leidt tot een gepersonaliseerde verkoop- en marketingaanpak, waarmee salesprofessionals zich onderscheiden in een sterk digitaliserende wereld. Blinc Sales Institute begeleidt de commerciële directie en salesteams van onder meer KBC, Showpad en Puratos. Daarnaast creëert Jochen met Traicie.com pionierende AI-toepassingen die hr-departementen wereldwijd helpen om de ‘war for talent’ te winnen."
284;Johan D’Haeseleer;Speaker;Male;Dutch, English;https://readmylips.be/sites/default/files/speakers/DHaeseleer_Johan_200123_1.jpg;Who is Johan D’Haeseleer?;English;"Current affairs, Philosophy, Religion and Spirituality, Entertainment, Leisure, HR &amp; Wellbeing, Work/Life Balance";;Yes;"Who is Johan D’Haeseleer?
Johan is an industrial engineer, labour analyst and Vlerick alumnus, and has dedicated the past 15 years of his life to simplifying work and creating extra time. Initially at Colruyt, and now as trainer in time management. His clients like to call him ‘Mister Simplicity’.
He presents a practical argument for using time efficiently. Armed with personal examples and a bundle of diverse tips, he teaches the audience how to effectively create ‘extra time’ for their passions and preferred activities.
In his new keynote about human behaviour, Johan explains the art of controlling your biological systems, so that your ability to focus becomes better, faster and more effective. This knowledge is primarily based in his personal experiences in life and at work."
284;Johan D’Haeseleer;Speaker;Male;Dutch, English;https://readmylips.be/sites/default/files/speakers/DHaeseleer_Johan_200123_1.jpg;Johan D’Haeseleer als spreker op jouw evenement? Neem vrijblijvend contact op met sprekersbureau Read My Lips.;Dutch;"De wereld vandaag, Filosofie, religie &amp; spiritualiteit, Entertainment, Vrije tijd, HR &amp; wellbeing, Balans werk/leven";;Yes;"Wie is Johan D’Haeseleer?
Johan is industrieel ingenieur, arbeidsanalist en Vlerick-alumnus en wijdt zijn leven reeds meer dan 15 jaar lang aan werkvereenvoudiging en de creatie van extra tijd. Eerst bij Colruyt, nu als trainer in timemanagement. Zijn klanten noemen hem kortweg ‘Mister Simplicity’.
Hij voert een praktisch pleidooi voor het efficiënt omspringen met je tijd. Gewapend met eigen voorbeelden en een koffer grote en kleinere tips, leert hij zijn publiek hoe effectief ‘extra tijd’ te maken voor hun passies, voor wat ze zelf willen doen.
In zijn nieuwe keynote over ‘Experimens’ leert Johan je de kunst om controle te krijgen over je biologische systemen waardoor je je beter, sneller en meer kan focussen. Ook deze kennis stoelt deze ‘experi-mens’ grotendeels op zijn eigen leef- en werkervaring."
288;Johan Op de Beeck;Speaker;Male;Dutch, French, English;https://readmylips.be/sites/default/files/speakers/OpdeBeeck_Johan_200124_2.jpg;Who is Johan Op de Beeck?;English;Current affairs, History, Management, Leadership and Senior Management, Enterprise, Strategy;;Yes;"Who is Johan Op de Beeck?
Johan is an author, former chief editor, documentary maker and renowned VRT anchorman. He is the author of non-fiction best-sellers such as Het Verlies van België, Napoleon and Waterloo. He also made acclaimed programmes about these topics for radio station Klara. He masters the art of narrating important episodes of our past as if he had been there in person, because this is his most important objective: to establish links with the present. Prepare for a journey through time to one of the most important periods in modern European history.
He is an engaging and passionate storyteller. His stories bring historical figures to life; he unravels political intrigues and reveals the consequences that history has had on our modern lives. A history lesson like no other… But also a lesson on human psychology, because what made Napoleon such a great leader? Why was he such a good political strategist? How did he arrange his personal life to suit his political power? Which lessons can modern managers learn from the leadership of one of the biggest political leaders that our continent has ever known?"
288;Johan Op de Beeck;Speaker;Male;Dutch, French, English;https://readmylips.be/sites/default/files/speakers/OpdeBeeck_Johan_200124_2.jpg;Johan Op de Beeck als spreker op jouw evenement? Neem vrijblijvend contact op met sprekersbureau Read My Lips voor meer informatie.;French;Le monde actuel, Histoire, Management, Leadership et top managers, Entreprendre, Stratégie;;Yes;"Qui est Johan Op de Beeck ?
Johan est un auteur, un ancien rédacteur en chef, un réalisateur de documentaires et un célèbre présentateur de la VRT. Il est l'auteur de best-sellers non romanesques tels que Het Verlies van België (la perte de la Belgique), Napoléon, Waterloo et De Franse Revolutie (la révolution française). Il a également réalisé des séries radiophoniques acclamées sur ces sujets pour Klara. Il maîtrise l'art de raconter les épisodes importants de notre histoire comme si vous y étiez vous-même, car c'est sa principale préoccupation : faire le lien avec le présent. Préparez-vous à un voyage dans le temps à l'une des périodes les plus importantes de l'histoire moderne de l'Europe.
C'est un conteur passionné et passionnant. Dans ses récits, les personnages historiques prennent un visage humain, il démêle les intrigues politiques et révèle les conséquences de l'histoire sur notre époque contemporaine. Une leçon d'histoire comme vous n'en avez jamais entendue... Mais aussi une leçon de psychologie humaine : pourquoi Napoléon était-il un si grand homme d'État ? Pourquoi était-il un si bon stratège politique ? Comment a-t-il organisé sa vie personnelle en fonction de son pouvoir politique ? En tant que manager aujourd'hui, quelles leçons pouvez-vous tirer du leadership de l'un des plus grands dirigeants politiques que notre continent ait jamais connu ?"
288;Johan Op de Beeck;Speaker;Male;Dutch, French, English;https://readmylips.be/sites/default/files/speakers/OpdeBeeck_Johan_200124_2.jpg;Johan Op de Beeck als spreker op jouw evenement? Neem vrijblijvend contact op met sprekersbureau Read My Lips voor meer informatie.;Dutch;"De wereld vandaag, Geschiedenis, Management, Leiderschap &amp; topmanagers, Ondernemen, Strategie";;Yes;"Wie is Johan Op de Beeck?
Johan is auteur, voormalig hoofdredacteur, documentairemaker en bekend VRT-ankerman. Hij is de auteur van non-fictiebestsellers zoals Het Verlies van België, Napoleon, Waterloo en De Franse Revolutie. Over deze onderwerpen maakte hij ook bejubelde radioreeksen voor Klara. Hij verstaat de kunst om belangrijke episodes uit onze geschiedenis te vertellen alsof je er zelf bij was, want daar is het hem vooral om te doen: de link leggen met het heden. Maak je op voor een tijdreis naar een van de belangrijkste periodes in de moderne Europese geschiedenis.
Hij is een meeslepend en gepassioneerd verteller. In zijn verhalen krijgen historische figuren een menselijk gezicht, hij ontrafelt politieke intriges en onthult de consequenties van de geschiedenis voor onze hedendaagse tijd. Een geschiedenisles zoals je ze nog nooit gehoord hebt… Maar ook een les in de menselijke psychologie, want wat maakt Napoleon tot zo’n groot staatsman? Waarom was hij zo’n goed politiek strateeg? Hoe organiseerde hij zijn persoonlijke leven in functie van zijn politieke macht? Welke lessen kun je vandaag als manager trekken uit het leiderschap van een van de grootste politieke kopstukken die ons continent ooit gekend heeft?
Herbeluister het gesprek met Johan in De interne keuken op Radio 1."
505;Johan Swinnen;Speaker;Male;Dutch;https://readmylips.be/sites/default/files/speakers/Swinnen_Johan_200128_1zw.jpg;Who is Johan Swinnen?;English;Current affairs, Safety, History;Non-profit;No;"Who is Johan Swinnen?
Johan is an authority in art and cultural sciences. He was fascinated by photography even as a child. When he was young, he would take photos and develop them in a darkroom together with his father. That is where his lasting passion for photography was born. It also became the main theme in his scientific and academic career.
However, as professor-emeritus, his life now centres around the fire in the Innovation shopping centre in 1967, which represents a dark page in Belgium's history. Many lives were lost and hundreds of people were wounded. Johan wrote an enthralling and harrowing novel about it, which leaves no reader untouched. It is where both his parents lost their lives. During his research, he also traced the perpetrators, who are now in their seventies."
505;Johan Swinnen;Speaker;Male;Dutch;https://readmylips.be/sites/default/files/speakers/Swinnen_Johan_200128_1zw.jpg;Johan Swinnen als spreker op jouw evenement? Neem vrijblijvend contact op met sprekersbureau Read My Lips.;Dutch;De wereld vandaag, Veiligheid, Geschiedenis;Non-profit;No;"Wie is Johan Swinnen?
Johan is een autoriteit binnen de kunst- en cultuurwetenschappen. Reeds als kind was hij gefascineerd door fotografie. Als kind nam hij foto's waarna hij samen met zijn vader de donkere kamer indook om ze te ontwikkelen. Zijn liefde voor de fotografie zou nooit meer verdwijnen. Het werd ook de hoofdmoot van zijn wetenschappelijke en academische carrière.
Maar als professor-emeritus wordt zijn leven nu beheerst door de brand in de Innovation in 1967, een donkere pagina in de Belgische geschiedenis. Er vielen veel doden en honderden gewonden. Johan schreef er een meeslepende en doorleefde roman over, die niemand onberoerd laat. Zijn beide ouders verloren er het leven. Tijdens zijn research kwam de auteur de daders, zeventigers inmiddels, op het spoor."
208;Johny Vansevenant;Speaker, Moderator;Male;Dutch, French, English;https://readmylips.be/sites/default/files/speakers/SP.A-congres%20Brugge%2011%203%2017%202%20zw.jpg;Who is Johny Vansevenant?;English;"Change, Current affairs, Politics &amp; Government, Law, Media &amp; culture, Media, Entertainment, Sport";;Yes;"Who is Johny Vansevenant?
Johny is the most experienced political journalist at the VRT and one of the most famous radio voices on the newsdesk. He has been monitoring national politics for the radio since 1988. He was a reporter during the last government of prime minister Martens and spent many nights at the castle of Hertoginnedal for the cross-community Sint-Michiels agreement established at the start of the Dehaene government. And he was also in attendance when the Globaal Plan was compiled, which identified austerity measures so that Belgium could join the Euro.
Vansevenant is often asked to moderate political debates as well as discussions on important public and socio-economic themes. He uses specific questions to perfectly identify differences between panel members. Cycling is his second passion, and he regularly oversees cycling-related evenings with elite cyclists from the 60s and 70s. His biography about Eddy Merckx became a real bestseller.

          
  












    

  


  
  
      

      Request an offer"
208;Johny Vansevenant;Speaker, Moderator;Male;Dutch, French, English;https://readmylips.be/sites/default/files/speakers/SP.A-congres%20Brugge%2011%203%2017%202%20zw.jpg;Johny Vansevenant als spreker op jouw evenement? Neem vrijblijvend contact op met sprekersbureau Read My Lips.;French;Change, Le monde actuel, Politique et pouvoirs publics, Droit, Médias et culture, Media, Divertissement, Sport;;Yes;"Qui est Johny Vansevenant ?
Johny est le journaliste Wetstraat le plus expérimenté de la VRT et l'une des voix radiophoniques les plus connues du service d'information. Il suit la politique nationale à la radio depuis 1988. En tant que journaliste, il a vécu le dernier gouvernement du Premier ministre Martens et a passé des nuits au château de Duchesne lors de l'entrée en fonction du cabinet Dehaene pour l'accord communautaire de Saint-Michel. Il était également présent lors de la prise de décision concernant le Plan global, le plan d'austérité destiné à guider la Belgique vers l'euro.
M. Vansevenant est un modérateur très demandé, tant pour les débats politiques que pour les discussions sur des questions sociales et socio-économiques importantes. Grâce à des questions ciblées, il met en évidence les contradictions entre les participants. Pour son hobby, ou seconde passion, le cyclisme, il anime régulièrement des soirées cyclistes avec les meilleurs cyclistes des années 1960 et 1970. Sa biographie d'Eddy Merckx est devenue un véritable best-seller.

          
  












    

  


  
  
      

      Demander votre offre"
208;Johny Vansevenant;Speaker, Moderator;Male;Dutch, French, English;https://readmylips.be/sites/default/files/speakers/SP.A-congres%20Brugge%2011%203%2017%202%20zw.jpg;Johny Vansevenant als spreker op jouw evenement? Neem vrijblijvend contact op met sprekersbureau Read My Lips.;Dutch;"Change, De wereld vandaag, Politiek &amp; overheid, Recht, Media &amp; cultuur, Media, Entertainment, Sport";;Yes;"Wie is Johny Vansevenant?
Johny is de meest ervaren Wetstraatjournalist van de VRT en een van de bekendste radiostemmen van de nieuwsdienst. Sinds 1988 volgt hij voor de radio de binnenlandse politiek. Hij maakte als verslaggever nog de laatste regering van premier Martens mee en stond bij de start van het kabinet-Dehaene nachten aan het kasteel van Hertoginnedal voor het communautaire Sint-Michielsakkoord. Ook toen de beslissing viel over het Globaal Plan, het besparingsplan om België in de euro te loodsen, was hij erbij.
Vansevenant is een veelgevraagd moderator voor zowel politieke debatten als voor gesprekken over belangrijke maatschappelijke en sociaaleconomische thema’s. Met gerichte vragen legt hij feilloos de tegenstellingen tussen de panelleden bloot. Voor zijn hobby, of zijn tweede passie, het wielrennen, leidt hij geregeld wieleravonden met toprenners uit de jaren zestig en zeventig. Zijn biografie over Eddy Merckx werd een ware bestseller.

          
  












    

  


  
  
      

      Vraag nu een offerte aan"
922;Joren Carels;Moderator;Male;Dutch, English;https://readmylips.be/sites/default/files/speakers/joren%201%20zw.jpg;"Joren Carels as a speaker on your event? Contact the speakers&#039; office Read My Lips for more information.";English;"Media &amp; culture, Entertainment";;Yes;"Who is Joren Carels?
Joren Carels has been passionate about radio since he was very young. He gained his first radio experience with the local channel Utopia in Baal and the youth project ‘The Takeover’ from VRT. During his studies at the RITS, he started working for Studio Brussels, where he presented mainly weekend programmes over the years, such as De Maxx and Hit 50. He was also one of the three voices of The Final Settlement 2012.
In mid-2017, Carels returned to Qmusic, where he had earlier attended the internal training programme ‘Q-academy’ in 2009. From August 2017 to June 2019, his main task was as producer of the daily evening programme F.C. Fierens by Vincent Fierens. In 2018, he started to combine this with presentations, first as a stand-in and later with a regular programme on Sunday evenings. 
In 2019, Carels presented the evening programme Radio Liberation Front every weekday and, in the summer of 2020, he presented Qmusic for the last time from the Q-Hotspot in Ostend.
His smooth chat then brought him to the editors of Radio 1, where he can be heard as a stand-in. He also presents weekly for Studio Brussels. He was responsible for the stage presentation of Marktrock, Kunstbende, etc. and is sure to lead your event in the right direction with great enthusiasm and professionalism.
 "
922;Joren Carels;Moderator;Male;Dutch, English;https://readmylips.be/sites/default/files/speakers/joren%201%20zw.jpg;Joren Carels als moderator op jouw evenement? Neem vrijblijvend contact op met sprekersbureau Read My Lips voor meer informatie.;Dutch;"Media &amp; cultuur, Entertainment";;Yes;"Wie is Joren Carels?
Joren Carels is al sinds jonge leeftijd gepassioneerd door radio. Zo deed hij zijn eerste radio-ervaring op bij de lokale zender Utopia uit Baal en het jongerenproject De overname van de VRT. Tijdens zijn studies aan het Rits begon hij te werken voor Studio Brussel, waar hij doorheen de jaren voornamelijk weekendprogramma’s presenteerde, zoals De Maxx en Hit 50. Hij was er ook een van de drie stemmen van De eindafrekening 2012.
Midden 2017 keerde Carels terug naar Qmusic, waar hij in 2009 al deelnam aan het interne opleidingsprogramma ""Q-academy"". Van augustus 2017 tot juni 2019 was hij er hoofdzakelijk producer van het dagelijkse avondprogramma F.C. Fierens van Vincent Fierens. In 2018 begon hij dit te combineren met presentaties, eerst als invaller en later ook met een vast programma op zondagavond. 
In 2019 presenteerde Carels iedere werkdag het avondprogramma Radio Liberation Front en in de zomer van 2020 presenteerde hij vanuit de Q-Hotspot in Oostende voor het laatst op Qmusic.
Zijn vlotte babbel bracht hem daarna naar de redactie van Radio 1, waar hij ook te horen is als invaller. Verder presenteert hij wekelijks op Studio Brussel. Hij deed de podiumpresentatie van onder andere Marktrock, Kunstbende, ... en leidt met veel enthousiasme en professionaliteit uw event in goede banen.
 "
1259;Joris Bulteel;Speaker;Male;Dutch;https://readmylips.be/sites/default/files/speakers/Foto%20niet%20beschikbaar%20%281%29_2.png;Joris Bulteel as a speaker at your event? Feel free to contact speakers office Read My Lips for more information.;English;"Current affairs, Society &amp; Diversity";;Yes;"Who is Joris Bulteel?
Joris Bulteel is co-founder and partner of the strategic communications agency Whyte Corporate Affairs, market leader in Belgium. For more than 20 years, he has been advising companies and projects on public affairs, stakeholder management and crisis communication.

          
  












    

  


  
  
      

      Request your offer"
1259;Joris Bulteel;Speaker;Male;Dutch;https://readmylips.be/sites/default/files/speakers/Foto%20niet%20beschikbaar%20%281%29_2.png;Joris Bulteel als spreker op jouw evenement? Neem vrijblijvend contact op met sprekersbureau Read My Lips voor meer informatie.;Dutch;"De wereld vandaag, Samenleving &amp; diversiteit";;Yes;"Wie is Joris Bulteel?
Joris Bulteel is medestichter en partner van het strategisch communicatiebureau Whyte Corporate Affairs, marktleider in België. Al meer dan twintig jaar adviseert hij ondernemingen en projecten op het vlak van public affairs, stakeholdermanagement en crisiscommunicatie.

          
  












    

  


  
  
      

      Vraag je offerte aan"
280;Jürgen Ingels;Speaker;Male;Dutch, English;https://readmylips.be/sites/default/files/speakers/Ingels_Jurgen_200221_foto2_var.jpg;Who is Jürgen Ingels?;English;Management, Enterprise;;Yes;"Who is Jürgen Ingels?
Jürgen is an entrepreneur and venture capitalist. He made his major breakthrough with Clear2Pay, a pioneering FinTech company that he expanded into 14 countries, employing 1,200 people. He sold the company to an American firm in 2014. He is currently a managing partner at Smartfin, a fund that invests in promising European technology companies. Jürgen is also the brains behind Supernova, a large technology festival that is organised in Antwerp every 2 years. In 2018, the first edition managed to attract 40,000 visitors. You may know Jürgen from a TV programme called De Leeuwenkuil. In 2018, five top investors went in search of brilliant ideas, innovative spirit and manic ambition among young entrepreneurs.
Jürgen is a passionate entrepreneur, a jack-of-all-trades who has helped to establish both domestic and international start-ups and scale-ups.
Jürgen has founded and/or helped to develop various companies during his career. He is also a member of the board of countless renowned companies. These are technology companies as well as companies from other sectors, including Willemen, Ghelamco, WDP and Mensura. A good example of what is important to Jürgen as entrepreneur: working in parallel, so that your knowledge keeps getting wider."
280;Jürgen Ingels;Speaker;Male;Dutch, English;https://readmylips.be/sites/default/files/speakers/Ingels_Jurgen_200221_foto2_var.jpg;Wie is Jürgen Ingels?;Dutch;Management, Ondernemen;;Yes;"Wie is Jürgen Ingels?
Jürgen is ondernemer en durfkapitalist. Een grote doorbraak was er voor hem met Clear2Pay, een pioniersbedrijf in FinTech dat hij liet uitgroeien in 14 landen en tot 1 200 medewerkers. In 2014 werd het verkocht aan een Amerikaans bedrijf. Vandaag is de West-Vlaming managing partner bij Smartfin. Met het fonds wordt er geïnvesteerd in veelbelovende Europese technologiebedrijven. Daarnaast is Jürgen de initiatiefnemer van Supernova, een groot technologiefestival dat elke 2 jaar wordt georganiseerd in Antwerpen. In 2018 trok dit voor de eerste editie maar liefst 40 000 bezoekers. Je kent Jürgen misschien ook wel van het tv-programma De Leeuwenkuil. In 2018 gingen 5 topinvesteerders op zoek naar een een gouden idee, een innovatieve geest of waanzinnige ambitie bij jonge beginnende ondernemers.
Jürgen is een gepassioneerde ondernemer, een duizendpoot die zowel in binnen- als buitenland start-ups en scale-ups mee op de kaart zet.
Jürgen heeft in zijn carrière verschillende ondernemingen opgericht  en/of helpen groeien. Daarnaast zetelt hij in de raad van bestuur bij talloze gerenommeerde bedrijven. Zowel technologiebedrijven als bedrijven uit andere sectoren, waaronder Willemen, Ghelamco, WDP en Mensura. Een mooi voorbeeld van iets wat Jürgen belangrijk vindt als ondernemer: parallel werken en zo je kennis blijven verbreden.
 
Luister naar Jürgen Ingels in onze podcast Overmorgen. "
709;Karel Demeester;Speaker;Male;Dutch, English;https://readmylips.be/sites/default/files/speakers/Sequence%2003281.jpg;"Karel Demeester as a speaker on your evenet? Contact speakers&#039; office Read My Lips for more information!";English;"Current affairs, Marketing &amp; communication, Marketing, Sales &amp; Customer Service, Social Media, PR &amp; Communication, Economics, Management, Leadership and Senior Management, Enterprise, Strategy, Technology &amp; innovation, Innovation &amp; Trends, ICT &amp; Technology";;Yes;"Who is Karel Demeester?
Through his fifteen years of international experience with leading sales &amp; marketing firms, Karel has built up unique expertise in influencing omnichannel buying behaviour. Among other things, he successfully led the digital sales &amp; marketing transformation at Coca-Cola European Partners and, together with leading retailers, developed numerous scalable innovations.
As a respected adviser and co-founder of Callebaut Collective, Karel accompanies manufacturers and retailers from various B2B and B2C sectors on their digital sales &amp; marketing journey towards an effective go-to-market strategy 'from passion to purchase'. 
Karel is a passionate game changer who, as keynote speaker (at congresses and in-company) and guest lecturer (at the Vlerick Business School, UGent and Artevelde Hogeschool, among others), enjoys taking his audience on a journey through customer centricity, digital transformation and innovative sales &amp; marketing techniques with an appealing story. 
His outspoken vision of how, as a business leader or marketeer, to deal with contemporary chaos has resulted in the book ‘ACT HUMAN, waarom succesvolle bedrijven investeren in langdurige relaties’ (Why successful businesses invest in long-term relationships) (Lannoo Campus, 2021), which he wrote, together with Jan Callebaut and Prof. Sarah Steenhaut. 
 "
709;Karel Demeester;Speaker;Male;Dutch, English;https://readmylips.be/sites/default/files/speakers/Sequence%2003281.jpg;Karel Demeester als spreker op jouw evenement? Neem vrijblijvend contact op met sprekersbureau Read My Lips voor meer informatie!;Dutch;"De wereld vandaag, Marketing &amp; communicatie, Marketing, Verkoop &amp; klantenservice, Sociale media, PR &amp; communicatie, Economie, Management, Leiderschap &amp; topmanagers, Ondernemen, Strategie, Technologie &amp; innovatie, Innovatie &amp; trends, ICT &amp; technologie";;Yes;"Wie is Karel Demeester?
Bogend op meer dan vijftien jaar internationale ervaring bij toonaangevende verkoop- en marketingbedrijven heeft Karel een unieke expertise opgebouwd in het beïnvloeden van omnichannel koopgedrag. Hij leidde onder meer met succes de agenda voor de digitale sales &amp; marketingtransformatie bij Coca-Cola European Partners en ontwikkelde er samen met toonaangevende retailers tal van schaalbare innovaties.
Als gerespecteerd adviseur en co-founder van Callebaut Collective, begeleidt Karel fabrikanten en retailers uit diverse B2B- en B2C-sectoren op hun digitale sales- en marketingreis richting een doeltreffende go-to-market-strategie ‘from passion to purchase’. 
Karel is een gepassioneerde game changer die ervan houdt als keynotespeaker (op congressen &amp; in-company) en gastdocent (o.a. voor Vlerick Business School, UGent en Artevelde Hogeschool) met een wervend verhaal zijn publiek mee te nemen in zijn verhaal over customer centricity, digitale transformatie en innovatieve sales- en marketingtechnieken.
Zijn uitgesproken visie hoe als bedrijfsleider of marketeer om te gaan met hedendaagse chaos resulteert in het boek ‘ACT HUMAN, waarom succesvolle bedrijven investeren in langdurige relaties’ (Lannoo Campus, 2021), dat hij samen met Jan Callebaut en Prof. dr. Sarah Steenhaut schreef. 
 "
211;Karel Van Eetvelt;Speaker;Male;Dutch, French, English;https://readmylips.be/sites/default/files/speakers/VanEetvelt_Karel_200124_4.jpg;Who is Karel Van Eetvelt?;English;"Current affairs, Politics &amp; Government, Management, Leadership and Senior Management, Enterprise, HR &amp; Wellbeing, Corporate Culture, Work/Life Balance";;Yes;"Who is Karel Van Eetvelt?
Since October 2017, Karel has been CEO of Febelfin, which is the umbrella organisation for the banking sector. In addition, he is chairman of the public employment service of Flanders, the VDAB. He spent 13 years as managing director of UNIZO, which represents the interests of over 85,000 Flemish entrepreneurs. This involved acting as a spokesperson for the thousands of SMEs and self-employed people who help to keep our economy running. However, he does not come from a family of entrepreneurs. When he was young, he dreamed of becoming a professional sportsman, but discovered his first professional challenge elsewhere. Since 2004, he has been a passionate advocate of future-oriented enterprise. And his sports background has also resulted in another area of focus: the need for an effective health policy, also in the world of business."
211;Karel Van Eetvelt;Speaker;Male;Dutch, French, English;https://readmylips.be/sites/default/files/speakers/VanEetvelt_Karel_200124_4.jpg;Wie is Karel Van Eetvelt?;French;Le monde actuel, Politique et pouvoirs publics, Management, Leadership et top managers, Entreprendre, RH et bien-être, Culture d’entreprise, Équilibre travail/vie privée;;Yes;"Qui est Karel Van Eetvelt ?
Karel est l'administrateur délégué du club de football RSC Anderlecht. Fervent supporter depuis l'enfance, il est aujourd'hui à la tête du club. Pendant treize ans, il a été le porte-parole d'UNIZO et des milliers de PME et d'indépendants qui font tourner notre économie. Il a ensuite rejoint Febelfin, l'organisation faîtière du secteur bancaire. Karel s'exprime avec passion et une grande force de persuasion. Il ne mâche jamais ses mots et reste toujours à l'écoute de ce qui se passe dans la société. C'est avec un esprit ouvert et curieux qu'il observe notre époque turbulente. Dans sa vision du sport, de l'esprit d'entreprise et de la société, il y a aussi un grand engagement social. Comment conduire des processus de changement, c'est de cela qu'il s'agit. Parfois, il faut quitter son habitat familier pour explorer de nouvelles voies. Le dynamisme de Karel inspire et anime. Ses idées sur l'entrepreneuriat tourné vers l'avenir sont innovantes et rafraîchissantes."
211;Karel Van Eetvelt;Speaker;Male;Dutch, French, English;https://readmylips.be/sites/default/files/speakers/VanEetvelt_Karel_200124_4.jpg;Wie is Karel Van Eetvelt?;Dutch;"De wereld vandaag, Politiek &amp; overheid, Management, Leiderschap &amp; topmanagers, Ondernemen, HR &amp; wellbeing, Bedrijfscultuur, Balans werk/leven";;Yes;"Wie is Karel Van Eetvelt?
Karel is CEO van voetbalclub RSC Anderlecht. Van kinds af was hij al een vurig supporter, nu staat hij er mee aan het roer. Dertien jaar lang was hij de spreekbuis van UNIZO en van de duizenden KMO’s en zelfstandigen die onze economie draaiende houden. Later trok hij naar de koepel van de bankensector, Febelfin. Karel spreekt met passie en een grote overtuigingskracht. Hij neemt nooit een blad voor de mond en houdt altijd de vinger aan de pols van wat er in de samenleving leeft. Met een open en nieuwsgierige blik kijkt hij naar onze turbulente tijden. In zijn visie op sport, ondernemerschap en samenleving zit ook een groot maatschappelijk engagement. Hoe veranderingsprocessen aansturen, daar gaat het om. Soms moet je je vertrouwde habitat verlaten om nieuwe wegen te kunnen bewandelen. De gedrevenheid van Karel inspireert en bezielt. Zijn ideeën over toekomstgericht ondernemerschap zijn vernieuwend en verfrissend."
293;Karel Verhoeven;Speaker, Moderator;Male;Dutch;https://readmylips.be/sites/default/files/speakers/Verhoeven_Karel_200128_4zw_var.jpg;Who is Karel Verhoeven?;English;"Current affairs, Society &amp; Diversity, Media &amp; culture, Media";Non-profit;Yes;"Who is Karel Verhoeven?
Karel has been chief editor at De Standaard since 2010. This role allows him to set the tone at this flagship of journalism in Flanders. These are very exciting times in the world of journalism. News media are being transformed and platforms are changing, but journalism is also becoming more fragmented. What can newspapers say about the world that users will want to read on the screens of their smartphones? Verhoeven believes this is not a technological question; it goes right to the heart of the journalistic mission. What is worth investigating and what is the best way to convey this?
Journalism must honour its public role, says Verhoeven. But, first and foremost, journalism is also a profession for him. And he has now been in this field for over 20 years, even though he ‘stumbled into it almost accidentally’. Via De Gentenaar and later Het Nieuwsblad, to the culture desk at De Standaard."
293;Karel Verhoeven;Speaker, Moderator;Male;Dutch;https://readmylips.be/sites/default/files/speakers/Verhoeven_Karel_200128_4zw_var.jpg;Karel Verhoeven als moderator op jouw evenement? Neem contact op met sprekersbureau Read My Lips!;Dutch;"De wereld vandaag, Samenleving &amp; diversiteit, Media &amp; cultuur, Media";Non-profit;Yes;"Wie is Karel Verhoeven?
Karel is sedert 2010 hoofdredacteur van De Standaard. In die functie zet hij de bakens uit bij dit vlaggenschip van de journalistiek in Vlaanderen. Voor de journalistiek zijn het razend interessante tijden. Nieuwsmedia zijn in volle transformatie, de platformen veranderen maar nog meer vervelt ook de journalistiek. Wat vertelt een krant over de wereld dat lezers op het scherm van hun smartphone willen lezen? Dat is volgens Verhoeven geen technologische vraag, het gaat naar de kern van de journalistieke opdracht. Wat is de moeite waard om uit te zoeken en hoe vertellen we dat het best?
Journalistiek moet voor haar maatschappelijke opdracht staan, vindt Verhoeven. Maar voor hem is journalistiek in de eerste plaats een vak. In dat vak zit hij nu meer dan 20 jaar. Hij rolde er haast ‘en stoemelings’ in. Via De Gentenaar en later Het Nieuwsblad naar de cultuurredactie van De Standaard.
 
Luister naar Karel Verhoeven in onze podcast Overmorgen. "
1039;Karen Boers;Speaker, Moderator;Female;Dutch, English;https://readmylips.be/sites/default/files/speakers/karen%20boers%20-%20portrait.jpg;Karen Boers als spreker of moderator op jouw evenement? Neem vrijblijvend contact op met sprekersbureau Read My Lips voor meer informatie.;English;"Inclusie, Current affairs, Management, HR &amp; Wellbeing";;Yes;"Who is Karen Boers?
Karen is an impact entrepreneur. With projects such as Startups.be, European Startup Network, BeCentral and BeCode, she has challenged the status quo in the field of technology entrepreneurship, digital skills development and the recruitment and development of diverse talent within an organisation. This put her among the top 50 ""Most influential women in the European start-up and venture capital space"" for five years (2016-2020); she was nominated ""ICT woman of the year"" (2019), was voted among the ""Inspiring Fifty (2021) and as ""Radical Innovator"" (2022). She currently leads the Brussels AI Center for the Common Good and, together with her husband, is starting up a new organic farm where professionals with burnout issues can regain their balance. Karen is a sought-after speaker on topics such as corporate social responsibility, leadership, diversity &amp; inclusion, talent acquisition and development, psychosocial well-being and impact financing."
1039;Karen Boers;Speaker, Moderator;Female;Dutch, English;https://readmylips.be/sites/default/files/speakers/karen%20boers%20-%20portrait.jpg;Karen Boers als spreker of moderator op jouw evenement? Neem vrijblijvend contact op met sprekersbureau Read My Lips voor meer informatie.;Dutch;"Inclusie, De wereld vandaag, Management, HR &amp; wellbeing";;Yes;"Wie is Karen Boers?
Karen is een impact ondernemer. Met projecten als Startups.be, European Startup Network, BeCentral en BeCode daagde ze de status quo uit op het vlak van technologie, ondernemerschap, digitale skills, ontwikkeling en het werven en ontwikkelen van divers talent binnen een organisatie. Ze stond dan ook vijf jaar lang in de top 50 van ""Most influential women in the European startup and venture capital space"" (2016-2020), werd genomineerd als ""ICT woman of the year"" (2019) en werd verkozen tot ""Inspiring Fifty"" (2021) en ""Radicale Vernieuwer"" (2022). Momenteel leidt ze het Brusselse AI Center for the Common Good en is ze samen met haar man een nieuwe bioboerderij aan het opstarten waar professionals met burn-outklachten hun evenwicht kunnen hervinden. Karen is een gevraagd spreker rond topics als maatschappelijk (verantwoord) ondernemen, leiderschap, diversiteit &amp; inclusie, talent acquisitie en -ontwikkeling, psychosociaal welzijn en impactfinanciering."
957;Karin Laverge;Speaker;Female;Dutch, English;https://readmylips.be/sites/default/files/speakers/K%20Laverge.jpg;Karin Laverge als spreker op jouw evenement? Neem vrijblijvend contact op met sprekersbureau Read My Lips voor meer informatie.;English;"Management, Leadership and Senior Management, Enterprise, Strategy, CSR (Corporate Social Responsibility), HR &amp; Wellbeing";;Yes;"Who is Karin Laverge
Karin Laverge has over twenty-five years' experience in the corporate world, including as a CFO. Fascinated by how companies and teams are led, she began a search for the connection between inspiring leadership and mindset. Her findings on personal and professional leadership resulted in a book entitled “Become the CEO of your brain”. This book explains four concrete steps on how you can use your brain to achieve creativity, self-insight, purposefulness and better connections with others. Since the publication of that book, Karin has been asked regularly to offer her insights to teams and managers, both as a keynote speaker and an executive coach."
957;Karin Laverge;Speaker;Female;Dutch, English;https://readmylips.be/sites/default/files/speakers/K%20Laverge.jpg;Karin Laverge als spreker op jouw evenement? Neem vrijblijvend contact op met sprekersbureau Read My Lips voor meer informatie.;Dutch;"Management, Leiderschap &amp; topmanagers, Ondernemen, Strategie, MVO (Maatschappelijk verantwoord ondernemen), HR &amp; wellbeing";;Yes;"Wie is Karin Laverge
Karin Laverge heeft ruim vijfentwintig jaar ervaring in de bedrijfswereld, o.a. als CFO. Gefascineerd door hoe bedrijven en teams geleid worden, startte ze een zoektocht naar het verband tussen inspirerend leiderschap en mindset. Haar bevindingen over persoonlijk en professioneel leiderschap resulteerden in een boek “Word CEO van je brein”. In dit boek worden vier concrete stappen toegelicht hoe je je brein kan inzetten om tot creativiteit, zelfinzicht, doelgerichtheid en betere verbondenheid met anderen te komen. Naar aanleiding van de uitgave van dit boek wordt Karin regelmatig gevraagd als keynote speaker en als executive coach om de inzichten aan te bieden aan teams en leidinggevenden."
296;Kathleen Cools;Moderator;Female;Dutch, French, English;https://readmylips.be/sites/default/files/speakers/Kathleen_Cools_200125_1.jpg;Who is Kathleen Cools?;English;"Current affairs, Media &amp; culture";;Yes;"Who is Kathleen Cools?
Kathleen is one of the most well-known faces on the VRT news desk, on television as well as radio. She has presented just about all the important news and current affairs programmes for the public broadcaster. In 2013, her efforts were acknowledged with a Flemish Television Star as best female presenter. She has a solid reputation as an experienced and talented interviewer and moderator."
296;Kathleen Cools;Moderator;Female;Dutch, French, English;https://readmylips.be/sites/default/files/speakers/Kathleen_Cools_200125_1.jpg;Kathleen Cools als moderator op jouw evenement? Neem vrijblijvend contact op met sprekersbureau Read My Lips voor meer informatie!;French;Le monde actuel, Médias et culture;;Yes;"Qui est Kathleen Cools ?
Kathleen est l'un des principaux visages du service d'information de la VRT, tant à la radio qu'à la télévision. Elle a présenté pratiquement tous les grands programmes d'information et de commentaires de la chaîne publique. En 2013, elle a reçu une étoile de la télévision flamande en tant que meilleure présentatrice. Sa réputation d'intervieweuse et de modératrice expérimentée et talentueuse n'est plus à faire."
296;Kathleen Cools;Moderator;Female;Dutch, French, English;https://readmylips.be/sites/default/files/speakers/Kathleen_Cools_200125_1.jpg;Kathleen Cools als moderator op jouw evenement? Neem vrijblijvend contact op met sprekersbureau Read My Lips voor meer informatie!;Dutch;"De wereld vandaag, Media &amp; cultuur";;Yes;"Wie is Kathleen Cools?
Kathleen is een van de meest toonaangevende gezichten van de VRT-nieuwsdienst, zowel op radio als televisie. Ze heeft op de openbare omroep zowat alle belangrijke nieuws- en duidingsprogramma’s gepresenteerd. In 2013 werd ze daarvoor gelauwerd met een Vlaamse Televisiester als beste presentatrice. Haar reputatie van ervaren en getalenteerde interviewster en moderator staat als een huis."
659;Katja Craeghs;Speaker, Moderator;Female;Dutch;https://readmylips.be/sites/default/files/speakers/Katja%20Craeghs_LD_4179%20kopie.jpg;Katja Craeghs als spreker of moderator op jouw event? Neem contact op met sprekersbureau Read My Lips!;Dutch;"Technologie &amp; innovatie, Innovatie &amp; trends, Creativiteit";;Yes;"Wie is Katja Craeghs?
Als innovatie expert help ik organisaties en bedrijven die een groeiproces doormaken nieuwe verbanden leggen en van binnenuit te innoveren - dit steeds met het oog op de markt buiten. Ik heb een uitgebreid netwerk van experten waar ik beroep op kan doen.  
Ik geloof sterk in co-creatie waarbij er externe creatieve experts aan dezelfde tafel gezet worden met de bedrijfsleiders en managers. Dit leidt vaak tot verrassende, innovatieve oplossingen die opnieuw groei brengen.  De wijze waarop dit gebeurt is cruciaal voor het slagen en daar ben ik specialist in. 
 
In het verleden - en nog steeds – help ik verschillende organisaties en overheidsinstanties bij het opstellen van manifesten, visienota's en subsidiedossiers, en het succesvol realiseren van innovatieprojecten. Zowel mijn netwerk alsook mijn kennis over subsidies deel ik graag met organisaties, overheidsinstellingen en bedrijven zodat we samen kunnen groeien.
 "
297;Katja Schipperheijn;Speaker;Female;Dutch, English;https://readmylips.be/sites/default/files/speakers/Schipperheijn_Katja_200124_5.jpg;"Katja Schipperheijn as a speaker on your event? Contact the speakers&#039; office Read My Lips for more information.";English;"Current affairs, Society &amp; Diversity, Media &amp; culture, Media, Management, Leadership and Senior Management, Enterprise, HR &amp; Wellbeing, Corporate Culture, Technology &amp; innovation, Innovation &amp; Trends, ICT &amp; Technology, Creativity";;Yes;"Who is Katja Schipperheijn?
Katja Schipperheijn is an internationally recognised learning strategist, consultant, author and keynote speaker on learning and engagement in the connected world. Her area of expertise focuses on the symbiosis of people and technology to achieve sustainable growth based on commitment and well-being. Besides her work in corporate settings,
Katja has reached over 15,000 children who have attended her workshops on digital citizenship.
Katja is best known for her books. In 2018, she published Little Digital Citizens to support educators and parents in guiding children in an increasingly virtual world.
Her book The learnScape, learning as oxygen for the agile organisation (Pelckmans 2021), is thought-provoking. It focuses on the symbiosis of human and machine to allow organisations to grow from human talent. This book, which was a success as soon as it was launched, was taken over by Kogan Page for worldwide publication. Her most recent book is Learning Ecosystems.
As a consultant and moderator for executive workshops, she has more than 15 years’ experience with multinationals, learning institutions and start-ups. She holds a Master’s Degree in Economic Sciences, an Executive MBA from AMS and recently added Digital Learning Strategies and Algorithmic Business Thinking from MITSloan to her personal learning process.
All keynotes can be combined into a customised process in a hybrid setting. They are the ideal starting point for any transformation process concerning digital innovation involving HR and knowledge sharing. In the form of a workshop, they offer ideal support for innovative brainstorms and increase the success rate of innovative projects."
297;Katja Schipperheijn;Speaker;Female;Dutch, English;https://readmylips.be/sites/default/files/speakers/Schipperheijn_Katja_200124_5.jpg;Katja Schipperheijn als spreker op jouw evenement? Neem vrijblijvend contact op met sprekersbureau Read My Lips voor meer informatie.;Dutch;"De wereld vandaag, Samenleving &amp; diversiteit, Media &amp; cultuur, Media, Management, Leiderschap &amp; topmanagers, Ondernemen, HR &amp; wellbeing, Bedrijfscultuur, Technologie &amp; innovatie, Innovatie &amp; trends, ICT &amp; technologie, Creativiteit";;Yes;"Wie is Katja Schipperheijn?
Katja Schipperheijn is een internationaal erkende leerstrateeg, consultant, auteur en keynote spreker over leren en engagement in de verbonden wereld. Haar expertisegebied richt zich op de symbiose van mens en technologie om vanuit betrokkenheid en welzijn duurzame groei te realiseren. Naast haar werk in het bedrijfsleven bereikte Katja meer dan 15.000 kinderen die haar workshops over digitaal burgerschap volgden.
Katja is vooral bekend van haar boeken. In 2018 publiceerde ze Digitale Burgertjes om opvoeders en ouders te ondersteunen bij het begeleiden van kinderen in een steeds virtuelere wereld.
Haar boek The learnScape, leren als zuurstof voor de wendbare organisatie (Pelckmans 2021), stemt tot nadenken. Het richt zich op de symbiose van mens en machine om organisaties te laten groeien vanuit menselijk talent. Dit boek, dat vanaf de lancering een succes was, werd door Kogan Page overgenomen voor wereldwijde publicatie. Haar meest recente boek is Learning Ecosystems.
Als consultant en moderator voor executive workshops heeft ze meer dan 15 jaar ervaring bij multinationals, leerinstituten en start-ups. Ze heeft een Master in Economische Wetenschappen, een Executive MBA van AMS en heeft onlangs Digital Learning Strategies en Algorithmic Business Thinking van MITSloan toegevoegd aan haar persoonlijke leerproces.
 
Luister naar Katja Schipperheijn in onze podcast Overmorgen. 
Alle keynotes kunnen gecombineerd worden tot een traject op maat in een hybride setting. Ze zijn het ideale startpunt voor ieder transformatietraject rond digitale innovatie met betrekking tot HR en kennisdelen.  Als workshop bieden ze de ideale ondersteuning voor innovatieve brainstorms en verhogen ze de slaagkans van innovatieve projecten. "
536;Kevin Major;Moderator;Male;Dutch, French, English;https://readmylips.be/sites/default/files/speakers/Major_Kevin_200125_1.jpg;Who is Kevin Major?;English;"Current affairs, Media &amp; culture";;Yes;"Who is Kevin Major?
For many years, Kevin was a familiar voice on VRT radio stations Studio Brussel and MNM, and a respected news journalist for Het Journaal on channel één. He started his career in 1998 at Studio Brussel, where he presented a number of programmes, but switched to the VRT news desk eight years later. Culture and Media are his specialisations, but his knowledge and interests are much broader.
Kevin loves to give audiences an entertaining evening. He is urbane and knowledgeable, and with his pleasant voice and style he will make your evening a success."
536;Kevin Major;Moderator;Male;Dutch, French, English;https://readmylips.be/sites/default/files/speakers/Major_Kevin_200125_1.jpg;Kevin Major als moderator op jouw evenement? Neem vrijblijvend contact op met sprekersbureau Read My Lips voor meer informatie!;French;Le monde actuel, Médias et culture;;Yes;"Qui est Kevin Major ?
Kevin a été pendant des années une voix de confiance sur les radios Studio Brussel et MNM de la VRT et un journaliste apprécié de Het Journaal op één. Il a commencé sa carrière en 1998 à Studio Brussel, où il a présenté un certain nombre d'émissions, avant de passer à VRT News huit ans plus tard. La culture et les médias sont ses dada, mais sa vision et son champ d'intérêt sont bien plus vastes.
Kevin adore faire passer une soirée divertissante à son public. Il s'exprime avec aisance et discrétion et, grâce à sa voix et à son apparence agréables, il dirige votre soirée dans la bonne direction."
536;Kevin Major;Moderator;Male;Dutch, French, English;https://readmylips.be/sites/default/files/speakers/Major_Kevin_200125_1.jpg;Kevin Major als moderator op jouw evenement? Neem vrijblijvend contact op met sprekersbureau Read My Lips voor meer informatie!;Dutch;"De wereld vandaag, Media &amp; cultuur";;Yes;"Wie is Kevin Major?
Kevin was jaren een vertrouwde stem op de VRT-radio’s Studio Brussel en MNM en een gewaardeerde journalist bij Het Journaal op één. Hij startte zijn carrière in 1998 bij Studio Brussel, waar hij een aantal programma’s presenteerde, om 8 jaar later de overstap te maken naar het VRT Nieuws. Cultuur en Media zijn zijn dada’s, maar zijn blik en interesseveld zijn veel ruimer.
Kevin houdt ervan een publiek een onderhoudende avond te bezorgen. Hij is vlot en onderlegd, en leidt met zijn aangename stem en voorkomen jouw avond in perfecte banen.
 
Luister naar Kevin Major in onze podcast Overmorgen. "
804;Koen Blanquart;Speaker;Male;Dutch, French, English;https://readmylips.be/sites/default/files/speakers/KoenBlanquart005-zw.jpg;"Koen Blanquart as a speaker on your event? Contact the speakers&#039; office Read My Lips for more information.";English;"Management, Leadership and Senior Management, HR &amp; Wellbeing, Corporate Culture, Work/Life Balance";;Yes;"Who is Koen Blanquart?
Koen Blanquart is an international Belgian; a digital nomad who is based in New York. As a start-up entrepreneur and management consultant, he believes that technology can help to increase our competitive advantage. As an executive for HR companies and an experienced digital nomad, he is not only perfectly placed to present the analytical side of things but can also initiate a dialogue about how we can put things into practice. "
804;Koen Blanquart;Speaker;Male;Dutch, French, English;https://readmylips.be/sites/default/files/speakers/KoenBlanquart005-zw.jpg;Koen Blanquart comme orateur à votre évènement ? Contactez Read My Lips, notre bureau d’orateurs spécialisés !;French;Management, Leadership et top managers, RH et bien-être, Culture d’entreprise, Équilibre travail/vie privée;;Yes;"Qui est Koen Blanquart ?
Koen Blanquart est un Belge international, un nomade digital installé à New York. Entrepreneur de start-up et consultant en management, il mise sur la technologie afin d’accroître l’avantage concurrentiel. En tant que cadre dans des entreprises de RH et nomade digital chevronné, il est idéalement placé pour présenter les analyses, mais aussi pour lancer la discussion sur la manière dont nous travaillerons demain. "
804;Koen Blanquart;Speaker;Male;Dutch, French, English;https://readmylips.be/sites/default/files/speakers/KoenBlanquart005-zw.jpg;Koen Blanquart als spreker op jouw evenement? Neem vrijblijvend contact op met sprekersbureau Read My Lips voor meer informatie.;Dutch;"Management, Leiderschap &amp; topmanagers, HR &amp; wellbeing, Bedrijfscultuur, Balans werk/leven";;Yes;"Wie is Koen Blanquart?
Koen Blanquart is een internationale Belg, een digital nomad met New York als thuisbasis. Als start-up-entrepreneur en managementconsultant zet hij in op technologie om het concurrentievoordeel te vergroten. Als executive voor HR-bedrijven en als ervaringsdeskundige digital nomad is hij ideaal geplaatst om niet enkel de analyses voor te stellen, maar ook de dialoog te openen over hoe we morgen aan het werk kunnen gaan. 
Luister naar Koen Blanquart in onze podcast Overmorgen. "
1043;Koen Kas;Speaker, Moderator;Male;Dutch, English;https://readmylips.be/sites/default/files/speakers/koenKas_BMS_eventEY_23mrt2022_RML.jpg;Koen Kas als spreker op jouw evenement? Neem vrijblijvend contact op met sprekersbureau Read My Lips voor meer informatie.;English;"Healthcare, Current affairs, Science, HR &amp; Wellbeing, Technology &amp; innovation";;Yes;"Who is Koen Kas?
Prof. Dr. Koen Kas is a healthcare futurist &amp; delight thinker, entrepreneur and professor of molecular oncology &amp; digital health. He is a renowned international keynote speaker with over 300 international keynotes under his belt, including for a large number of Fortune 200 companies. He has published his vision in 2 books. ‘Sick no more’ describes how we will transition from reactive sickcare to proactive healthcare. ‘Your guide to Delight’ is a roadmap towards that future introducing our personal digital twin that will keep you, and your company, relevant and “young”. He is founding CEO of Healthskouts. Healthskouts delivers the inspiration, insights &amp; connections needed to help eradicate disease &amp; make healthcare delightful. Healthskouts curates the public database of certified digital health Apps &amp; devices, digital therapeutics, and Software as a medical Device (https://www.healthskouts.com/solutionlibs/). Healthskouts has just launched a healthcare education center in the metaverse. Koen is a guest professor at Ghent University in Belgium. He is Chairman of the European Cancer Prevention Organization; Co-chair of the Digital Twin Consortium healthcare workgroup; Advisor to the Digital Therapeutics Alliance; Ambassador of Health House and VITO’s We Are project on decentralized health data; Jury of the Prix Galien; and sits on the advisory board of 5 emerging (digital) healthcare companies and 2 investors/startup accelerators. Koen was CSO Oncology at Thrombogenics (now Oxurion), where he spun out Oncurious and developed a novel drug for pediatric brain cancer. Before this, he was founder and CSO of Pronota, building a protein biomarker discovery platform and pipeline of four diagnostic programs. Prior to that, he was the director of drug discovery at Galapagos. Previously, he set up and directed the cancer drug discovery program at Tibotec (now Johnson &amp; Johnson). He started his career elucidating the molecular basis of two types of cancers."
1043;Koen Kas;Speaker, Moderator;Male;Dutch, English;https://readmylips.be/sites/default/files/speakers/koenKas_BMS_eventEY_23mrt2022_RML.jpg;Koen Kas als spreker op jouw evenement? Neem vrijblijvend contact op met sprekersbureau Read My Lips voor meer informatie.;Dutch;"Healthcare, De wereld vandaag, Wetenschap, HR &amp; wellbeing, Technologie &amp; innovatie";;Yes;"Wie is Koen Kas?
Prof. Dr. Koen Kas is een 'delight thinker' met ideeën voor een 'zalige' toekomstige gezondheidszorg, ondernemer en hoogleraar moleculaire oncologie en digitale gezondheid. Hij is een gerenommeerde internationale spreker met meer dan 300 internationale keynotes op zijn conto, onder meer voor tal van Fortune 200- bedrijven. Hij zette zijn visie uiteen in twee boeken. 'Sick no more' beschrijft de transitie van een reactieve naar een proactieve gezondheidszorg. 'Your Guide to Delight' is een routekaart naar die toekomst en introduceert onze persoonlijke digitale tweeling die jou en je bedrijf relevant en 'jong' houdt. Hij is de oprichter en CEO van Healthskouts. Healthskouts levert inspirerende ideeën, inzichten en connecties om komaf te maken met ziekte en tot een zalige gezondheidszorg te komen. Healthskouts beheert de openbare database van gecertificeerde digitale gezondheidsapps en -apparaten, digitale therapieën en software als medisch hulpmiddel (https://www.healthskouts.com/solutionlibs/). Healthskouts lanceerde zopas een educatiecentrum rond gezondheidszorg in de metaverse. Koen is gasthoogleraar aan de Universiteit van Gent. Hij is voorzitter van de Europese vereniging voor kankerpreventie, medevoorzitter van de Digital Twin Consortium-werkgroep rond gezondheidszorg, adviseur van de Digital Therapeutics Alliance, ambassadeur van Health House en van VITO's We Are-project rond gedecentraliseerde gezondheidsdata, jurylid van de Prix Galien, en zit in de adviesraad van 5 opkomende (digitale) gezondheidszorgbedrijven en 2 investeerders/start-upacceleratoren. Koen was CSO Oncologie bij Thrombogenics (nu Oxurion), waar hij Oncurious opzette en een nieuw medicijn ontwikkelde voor pediatrische hersenkanker. Daarvoor was hij oprichter en CSO van Pronota en bouwde hij een platform voor de ontdekking van eiwitbiomarkers en een pijplijn van vier diagnostische programma's. Eerder was hij Director of Drug Discovery bij Galapagos. Voordien zette hij het programma voor de ontdekking van kankergeneesmiddelen op bij Tibotec (nu Johnson &amp; Johnson). Hij begon zijn carrière met het ophelderen van de moleculaire basis van twee soorten kanker."
302;Kris Daels;Speaker;Male;Dutch;https://readmylips.be/sites/default/files/speakers/Daels_Kris_200128_1zw.jpg;Who is Kris Daels?;English;Current affairs, Safety, Law;;Yes;"Who is Kris Daels?
Kris Daels started his career with the Special Intervention Squad, which is the anti-terrorism unit of the former Gendarmerie (now the Federal Police Force). He later became the team leader of this elite unit, which was responsible for all dangerous intervention assignments in Belgium. After ten years of jumping through windows and hanging from helicopters, he decided to become an undercover agent. His job: to befriend the leading criminals in our country. For eight years, he infiltrated the sinister world of prostitutes and pimps. He spent a lot of money in brothels but eventually ended up catching an international drugs gang.
He also wrote a best seller (Alpha 20) about his years as a detective.  For the first time ever, the book offers readers a unique insight into how undercover work is carried out. If you are looking for a speaker whose life resembles an action thriller, then Kris Daels is the man you are looking for. He is able to fluently recall countless stories and anecdotes and, when it comes to modern police work, doesn’t shy away from criticism."
302;Kris Daels;Speaker;Male;Dutch;https://readmylips.be/sites/default/files/speakers/Daels_Kris_200128_1zw.jpg;Wie is Kris Daels?;Dutch;De wereld vandaag, Veiligheid, Recht;;Yes;"Wie is Kris Daels?
Kris Daels begon zijn carrière bij het Speciale Interventie Eskadron, de antiterrorisme-eenheid van de toenmalige Rijkswacht, nu de Federale Politie. Hij schopte het tot teamchef van dit elitekorps dat instond voor alle gevaarlijke interventieopdrachten in België. Na tien jaar door ramen springen en aan helikopters hangen, ging hij aan de slag als undercoveragent. Zijn job: dikke vriendjes worden met de topcriminelen van ons land. Acht jaar lang infiltreerde hij in de grimmige wereld van hoeren en pooiers. Hij gaf tienduizenden franken uit aan bordeelbezoekjes om uiteindelijk een internationale drugsbende op te rollen.
Over zijn speurdersjaren schreef hij de bestseller Alpha 20. Daarin krijgt de lezer voor het eerst in de geschiedenis een unieke inkijk in undercoverwerk. Als je op zoek bent naar een spreker wiens leven leest als een actiethriller, heb je met Kris Daels de juiste man in handen. Hij is een vat vol spannende verhalen die er vlot uitkomen en als het aankomt op de huidige politiewerking, schuwt hij geen kritische noot."
537;Krist Pauwels;Speaker;Male;Dutch, English;https://readmylips.be/sites/default/files/speakers/Pauwels_Krist_200124_1.jpg;Who is Krist Pauwels?;English;"Management, Leadership and Senior Management, Enterprise, HR &amp; Wellbeing, Work/Life Balance";;Yes;"Who is Krist Pauwels?
Entrepreneurship and communication are in Krist's blood. He started his first communication company when he was eighteen, then had a stint as TV producer, and has been founder and main partner at communication agency Choco since 2002. Some years ago, he was the first in his field to say that authentic and transparent relationships would become crucial to companies and brands. This idea can also be found in his books The Economic Revolution and De Menseneconomie (the human economy).
In his book Uw werk en uw leven (your work and your life), besides organisations, he primarily focuses on the people that work there. “If we can reinvent the world around us, we should also dare to innovate ourselves.” People who hear him speak are always impressed by his vision, which he is able to convey with passion and humour, in a practical, realistic and meticulous manner."
537;Krist Pauwels;Speaker;Male;Dutch, English;https://readmylips.be/sites/default/files/speakers/Pauwels_Krist_200124_1.jpg;Wie is Krist Pauwels?;Dutch;"Management, Leiderschap &amp; topmanagers, Ondernemen, HR &amp; wellbeing, Balans werk/leven";;Yes;"Wie is Krist Pauwels?
Ondernemen en communiceren zitten Krist in het bloed. Hij begon zijn eerste communicatiebedrijf op zijn achttiende, was een tijdlang tv-maker en is sinds 2002 oprichter en kernpartner bij het communicatiebureau Choco. Als eerste in zijn vakgebied lanceerde hij jaren geleden de idee dat authentieke en transparante relaties cruciaal zouden worden voor bedrijven en merken. Die idee vind je ook terug in zijn boeken The Economic Revolution en De Menseneconomie.
In zijn boek Uw werk en uw leven legt hij niet alleen de focus op de organisatie, maar vooral op de mens die erin werkt. “Als we de wereld om ons heen opnieuw kunnen uitvinden, dan moeten we ook onszelf durven innoveren.” Wie hem als spreker aan het werk ziet, is onder de indruk van zijn visie, die hij bovendien met bijzondere passie en de nodige humor overbrengt. Op een praktische, concrete en grondige manier."
1254;Kristel Balcaen;Speaker, Moderator;Female;Dutch, English;https://readmylips.be/sites/default/files/speakers/kristel5_2023_boek_0.jpg;Kristel Balcaen as a speaker at your event? Feel free to contact the speakers office Read My Lips for more information.;English;"Entertainment, Leisure, HR &amp; Wellbeing, Work/Life Balance";;Yes;"Who is Kristel Balcaen?
Kristel Balcaen is a Belgian wine writer, educator, and consultant with an impressive list of credentials. She holds the title of Sommelier-Conseil, has won international awards for her top scores in the Wine and Spirit Education Trust (WSET) Level 4 Diploma, and was elected Champagne Ambassador and Wine Lady of the Year in 2018. Since 2023, she has also been a student in the prestigious Master of Wine program. Kristel is also a herbalist, a fan of delicious and healthy food, an enthusiastic hobby cook, and an urban gardener. In October 2023, her first book, Wijnboek voor foodies, was published by Uitgeverij Pelckmans.
Since her studies in English and German language and literature, Kristel Balcaen has been professionally active in higher education for over 25 years, both as a teacher and in organizational roles. She has worked extensively in international cooperation, communication, business, and alumni relations, and played a key role in the success of some of Flanders' largest professional bachelor programs, such as Multimedia &amp; Communication Technology and the renowned Kortrijk-based game program, Digital Arts &amp; Entertainment. Her passion and attention to detail have been noticed both in her teaching and wine career.
In 2006, one of her mobility projects was awarded the 'European Quality in Mobility Award' by the European Commission for its exceptional concept, execution, and impact. She subsequently won the award for the best Sommelier-Conseil thesis at the Université du Vin in Suze-la-Rousse, France, and became the only woman in Belgium to ever win the Champagne Ambassador competition, later earning silver in the European final. Since then, she has been named Wine Lady of the Year 2018, inducted as Dame Chevalier in the Ordre des Coteaux de Champagne, Ambassador in the Archiconfrérie Saint-Vincent de la Champagne, and Chevalier in the Baronie Gent of the Commanderie des Costes du Rhône.
Above all, Kristel is an enthusiast for life, wine, delicious food, and people—and for the magic that happens when you bring them all together. This enthusiasm shines through in abundance in every presentation, keynote, masterclass, or workshop she delivers.

          
  












    

  


  
  
      

      Request your offer"
1254;Kristel Balcaen;Speaker, Moderator;Female;Dutch, English;https://readmylips.be/sites/default/files/speakers/kristel5_2023_boek_0.jpg;"Kristel Balcaen en tant que conférencière lors de votre événement ? Contactez librement l&#039;agence de conférenciers Read My Lips pour plus d&#039;informations.";French;Divertissement, Loisirs, RH et bien-être, Équilibre travail/vie privée;;Yes;"Qui est Kristel Balcaen?
Kristel Balcaen est une écrivaine, enseignante et consultante en vin belge avec de nombreux titres à son actif. Elle est Sommelier-Conseil, a remporté des prix internationaux pour ses scores exceptionnels au Wine and Spirit Education Trust (WSET) Level 4 Diploma, et a été élue Ambassadrice du Champagne et Femme du Vin de l'Année en 2018. Depuis 2023, elle est également étudiante dans le prestigieux programme Master of Wine. Kristel est également herboriste, amatrice de cuisine délicieuse et saine, une cuisinière amateur enthousiaste et jardinière urbaine. En octobre 2023, son premier livre, Wijnboek voor foodies, a été publié par Uitgeverij Pelckmans.
Depuis ses études en langues et littératures anglaise et allemande, Kristel Balcaen est active professionnellement dans l'enseignement supérieur depuis plus de 25 ans, en tant qu'enseignante et dans des fonctions organisationnelles. Elle a travaillé pendant de nombreuses années dans la coopération internationale, la communication, les relations d'entreprise et d'anciens élèves, et a contribué au succès de certaines des plus grandes filières de baccalauréat professionnelles de Flandre, telles que Multimedia &amp; Communication Technology et la renommée Digital Arts &amp; Entertainment à Kortrijk. Sa passion et son souci du détail ont été remarqués tant dans sa carrière d'enseignante que dans celle du vin.
En 2006, l'un de ses projets de mobilité a été récompensé par la Commission européenne par le 'European Quality in Mobility Award' pour l'exceptionnelle qualité du concept, de la mise en œuvre et de l'impact. Elle a ensuite remporté le prix du meilleur mémoire de Sommelier-Conseil à l'Université du Vin à Suze-la-Rousse, en France, et est la seule femme en Belgique à avoir remporté le concours d'Ambassadeur du Champagne, obtenant d'ailleurs l'argent lors de la finale européenne. Depuis lors, elle a été élue Femme du Vin de l'Année 2018, intronisée Dame Chevalier dans l'Ordre des Coteaux de Champagne, Ambassadrice dans l'Archiconfrérie Saint-Vincent de la Champagne, et Chevalier dans la Baronie Gent de la Commanderie des Costes du Rhône.
Kristel est surtout une grande amatrice de la vie, du vin, de la bonne nourriture et des gens, et de la magie qui se crée quand on les rassemble tous. Cela transparaît abondamment à chaque présentation, conférence, masterclass ou atelier.

          
  












    

  


  
  
      

      Demander votre offre"
1254;Kristel Balcaen;Speaker, Moderator;Female;Dutch, English;https://readmylips.be/sites/default/files/speakers/kristel5_2023_boek_0.jpg;Kristel Balcaen als spreker op jouw evenement? Neem vrijblijvend contact op met sprekersbureau Read My Lips voor meer informatie.;Dutch;"Entertainment, Vrije tijd, HR &amp; wellbeing, Balans werk/leven";;Yes;"Wie is Kristel Balcaen?
Kristel Balcaen is een Belgische wijnschrijfster, -docente en -consulente met een heleboel titels op haar palmares. Ze is Sommelier-Conseil, won internationale prijzen voor haar topscores in het Wine and Spirit Education Trust (WSET) Level 4 Diploma, en werd in 2018 verkozen tot Champagne-Ambassadeur en Wine Lady of the Year. Sinds 2023 is ze ook student in het prestigieuze Master of Wine programma. Kristel is verder ook herboriste, fan van lekker en gezond eten, een enthousiaste hobbykok én stadstuinier. In oktober 2023 verscheen haar eerste boek, Wijnboek voor foodies, bij Uitgeverij Pelckmans.
Sinds haar studies Engelse en Duitse taal- en letterkunde, is Kristel Balcaen al meer dan 25 jaar professioneel actief in het hoger onderwijs, zowel als docente als in organisatorische functies. Zo werkte ze jarenlang in internationale samenwerking, communicatie, bedrijfs- en alumnirelaties, en stond ze mee achter het succes van enkele van Vlaanderens grootste professionele bacheloropleidingen, zoals Multimedia &amp; Communicatietechnologie en de Kortrijkse gamesopleiding-met-wereldfaam, Digital Arts &amp; Entertainment. Zowel in haar onderwijs- als haar wijncarrière bleven haar gedrevenheid en oog voor detail niet onopgemerkt.
Reeds in 2006 werd een van haar mobiliteitsprojecten door de Europese Commissie bekroond met de ‘European Quality in Mobility Award’ voor de uitzonderlijke kwaliteit van het concept, de uitvoering en de impact. Daarna won ze achtereenvolgens de prijs voor het beste Sommelier-Conseileindwerk aan de Université du Vin in het Franse Suze-la-Rousse, is ze de enige vrouw in België die ooit de Champagneambassadeur-wedstrijd heeft gewonnen, waarna ze trouwens zilver behaalde in de Europese finale. Sindsdien werd ze uitgeroepen tot Wine Lady of the Year 2018, geïntroniseerd als Dame Chevalier in de Ordre des Coteaux de Champagne, Ambassadeur in de Archiconfrérie Saint-Vincent de la Champagne, en Chevalier in de Baronie Gent van de Commanderie des Costes du Rhône.
Kristel is vooral een enorme liefhebber van het leven, van wijn, van lekker eten en van mensen – en van de magie die ontstaat als je die allemaal samenbrengt. En dat straalt ze uit in overvloed, bij elke presentatie, keynote, masterclass of workshop.

          
  












    

  


  
  
      

      Vraag je offerte aan"
304;Kristof Clerix;Speaker;Male;Dutch, English;https://readmylips.be/sites/default/files/speakers/Clerix_Kristof_200128_1zw.jpg;Who is Kristof Clerix?;English;"Current affairs, Politics &amp; Government, Safety, Law, Economics";Non-profit;No;"Who is Kristof Clerix?
Kristof works as an investigative journalist for Knack. He has been monitoring the shady world of the intelligence services for the past fifteen years. He has published two books about the activities of foreign spies in Belgium. National and international media regularly call on him for his views on espionage affairs.
Kristof is one of the three Belgian members of the International Consortium of Investigative Journalists (ICIJ), which is a cooperative of over 190 investigative journalists from 65 countries. ICIJ became world famous because of LuxLeaks and SwissLeaks, which represent two of the most remarkable pieces of journalism in recent years. He thus played a role in the publication of Swissleaks and Luxleaks, and the Panama Papers in 2016, which highlighted people and companies that exploited exotic tax havens. In 2015, the LuxLeaks investigation was awarded the prestigious Belfius Persprijs. As a result, Clerix and his colleagues were invited to the Belgian and European parliaments to testify on the LuxLeaks affair. He has given countless lectures about espionage in the past, including at a VUB study day about the intelligence services, which was also attended by the FBI and State Security."
304;Kristof Clerix;Speaker;Male;Dutch, English;https://readmylips.be/sites/default/files/speakers/Clerix_Kristof_200128_1zw.jpg;Kristof Clerix als spreker op jouw evenement? Neem vrijblijvend contact op met sprekersbureau Read My Lips.;Dutch;"De wereld vandaag, Politiek &amp; overheid, Veiligheid, Recht, Economie";Non-profit;No;"Wie is Kristof Clerix?
Kristof werkt als onderzoeksjournalist voor Knack. Al vijftien jaar volgt hij de schimmige wereld van inlichtingendiensten op. Hij publiceerde twee boeken over de activiteiten van buitenlandse spionnen in België. Nationale en internationale media doen regelmatig een beroep op hem om spionageaffaires te becommentariëren.
Kristof is een van de drie Belgische leden van het International Consortium of Investigative Journalists (ICIJ), een samenwerkingsverband van ruim 190 onderzoeksjournalisten uit 65 landen. ICIJ werd wereldberoemd met LuxLeaks en SwissLeaks, twee van de strafste journalistieke onthullingen van de afgelopen jaren. Zo werkte hij mee aan de publicatie van de Swiss- en Luxleaks en in 2016 van de Panama Papers, waarin de bezoekers van exotische belastingparadijzen in beeld worden gebracht. Het LuxLeaks-onderzoek werd in 2015 bekroond met de prestigieuze Belfius Persprijs. Zo werden Clerix en zijn collega’s uitgenodigd in het Belgische én het Europese parlement om over LuxLeaks te vertellen. Eerder gaf hij al talrijke lezingen over spionage, onder meer op een VUB-studiedag over inlichtingendiensten, waar ook de FBI en de Staatsveiligheid het woord namen."
1227;Kurt Van Eeghem;Speaker;Male;Dutch;https://readmylips.be/sites/default/files/speakers/DSC_0011ZW.JPG;Kurt Van Eeghem als spreker op jouw evenement? Neem vrijblijvend contact op met sprekersbureau Read My Lips voor meer informatie.;Dutch;"De wereld vandaag, Geschiedenis, Media &amp; cultuur, Kunst &amp; cultuur, Entertainment, Vrije tijd, Reizen";;Yes;"Wie is Kurt Van Eeghem? 
Geboren in Brugge, opgeleid aan Studio Herman Teirlinck en aan de Theaterschool Amsterdam. Maakte duizenden radio- en televisie-uitzendingen en werd daarvoor beloond met prijzen als ‘Gouden Ogen’ en de ‘H van Humo’. Ook het publiek verkoos hem meermaals als meest bekwame mediaman. Hij speelde theater in België, Nederland en Duitsland, was te zien in feuilletons en films. Hij bracht talloze cabaretvoorstellingen, schreef honderden sketches naast papers en artikels voor kranten en tijdschriften. Er verschenen 8 boeken van zijn hand.
Hij is een veelgevraagde presentator, moderator en keynotespreker.
 

          
  












    

  


  
  
      

      Vraag hier je offerte aan"
1135;Laurence Jacobs;Speaker, Moderator;Female;Dutch, English;https://readmylips.be/sites/default/files/speakers/LaurenceJabobs_EmyElleboog_01_zw.jpg;Laurence Jacobs als spreker of moderator op jouw evenement? Neem vrijblijvend contact op met sprekersbureau Read My Lips voor meer informatie.;English;"Inclusie, Technology &amp; innovation";;Yes;"Who is Laurence Jacobs?
Laurence Jacobs has been fascinated by technology since a young age. She began her career at ICT company Unisys and currently works as a Business Relationship Officer at technology federation Agoria, a community of more than 2,000 technology companies in Belgium. With a degree in history from the Free University of Brussels, she approaches social change through a technological lens. She was part of Agoria's Be The Change project that focuses on shaping the future labor market through digitalization. In addition, Laurence is an ambassador for Women in Tech which aims to attract and retain more women in the technology industry, and to inspire and encourage female leaders. She is also active as a judge and coach at WeAreFounders (an initiative of the digital campus BeCentral), judge of DO! Ghent and Pulse Foundation, active member of the Women4Cyber Foundation Belgium, board member of #SheDIDIT and member of the General Assembly of Technopolis. Laurence is co-author of the book Never Normal, which explores the impact and opportunities of digitization in education, the labor market, entrepreneurship and civil society. In April 2023, her second book Women in Tech: a perfect fit for a sustainable and inclusive future was published, which discusses how to attract, grow and retain women in the technology sector. Laurence is a sought-after speaker and pa

          
  












    

  


  
  
      

      Vraag je offerte aan"
1135;Laurence Jacobs;Speaker, Moderator;Female;Dutch, English;https://readmylips.be/sites/default/files/speakers/LaurenceJabobs_EmyElleboog_01_zw.jpg;Laurence Jacobs als spreker of moderator op jouw evenement? Neem vrijblijvend contact op met sprekersbureau Read My Lips voor meer informatie.;Dutch;"Inclusie, Technologie &amp; innovatie";;Yes;"Wie is Laurence Jacobs?
Laurence Jacobs is al van jongs af aan gefascineerd door technologie. Ze begon haar carrière bij ICT-bedrijf Unisys en werkt momenteel als Business Relationship Officer bij technologiefederatie Agoria, een community van meer dan 2000 technologiebedrijven in België. Met een diploma geschiedenis van de Vrije Universiteit Brussel benadert ze sociale verandering door een technologische bril. Ze maakte deel uit van het project Be The Change van Agoria dat zich richt op het vormgeven van de toekomstige arbeidsmarkt door middel van digitalisering. Daarnaast is Laurence ambassadeur voor Women in Tech dat tot doel heeft meer vrouwen aan te trekken en te behouden in de technologie-industrie, en vrouwelijke leiders te inspireren en aan te moedigen. Ze is ook actief als jurylid en coach bij WeAreFounders (een initiatief van de digitale campus BeCentral), jurylid van DO! Ghent en Pulse Foundation, actief lid van de Women4Cyber Foundation Belgium, bestuurslid van #SheDIDIT en lid van de Algemene Vergadering van Technopolis. Laurence is medeauteur van het boek Nooit nog normaal, waarin de impact en mogelijkheden van digitalisering in het onderwijs, de arbeidsmarkt, het ondernemerschap en het middenveld worden verkend. In april 2023 werd haar tweede boek Women in Tech: a perfect fit for a sustainable and inclusive future gepubliceerd, waarin besproken wordt hoe we vrouwen kunnen aantrekken, laten doorgroeien en behouden in de technologische sector. Laurence is een veelgevraagde spreker en panellid op het snijvlak van technologie, (sociale) innovatie en inclusie.

          
  












    

  


  
  
      

      Vraag je offerte aan"
769;Laurence Van Tongerloo;Speaker, Moderator;Female;Dutch;https://readmylips.be/sites/default/files/speakers/Laurence%20Van%20Tongerloo%20%285%29.jpg;Laurence Van Tongerloo als spreker op jouw evenement? Neem vrijblijvend contact op met sprekersbureau Read My Lips voor meer informatie.;Dutch;"De wereld vandaag, Duurzaamheid &amp; klimaat, Entertainment, Vrije tijd, HR &amp; wellbeing, Balans werk/leven";;Yes;"Wie is Laurence Van Tongerloo?
Laurence Van Tongerloo is een ondernemer met een hart voor honden en hun gezondheid. Natuur en dieren zijn haar passie. Ze is het baasje van Djoels, Stella en Magnus. Je kan hun visie en avonturen volgen via @PlanetLolo!
Laurence bracht in 2021 het boek Snoep Dog uit. Snoep Dog bevat 49 recepten voor de leukste snacks om poten en snoet bij af te likken. Want de liefde van de hond gaat ook door de maag!
Daarnaast kan je ook meesnuffelen achter de schermen bij enkele BH's (= Bekende Honden), die hun blafje doen over baasjes Niels Destadsbader, Kürt Rogiers, Bieke Ilegems, Koen Wauters, Annelien Coorevits, Dieter Coppens...
Voor HLN maakte ze in de zomer van 2021 een unieke interviewreeks met 12 bekende Vlamingen die allemaal eigenaar zijn van één of meerdere huisdieren. Een zoektocht naar wat een dier in een mensenleven betekent.
 "
308;Laurent Ledoux;Speaker;Male;Dutch, French, English;https://readmylips.be/sites/default/files/speakers/Ledoux_Laurent_200124_1.jpg;Who is Laurent Ledoux?;English;"Current affairs, Sustainability &amp; Climate, Philosophy, Religion and Spirituality, Management, Leadership and Senior Management, Strategy, CSR (Corporate Social Responsibility), HR &amp; Wellbeing, Corporate Culture";;Yes;"Who is Laurent Ledoux?
Laurent travelled around the world to learn the art of living and speaks seven languages. He now restructures companies and organisations so that they can increase the positive impact they have on society. This ‘barefoot manager’ has worked for large companies, banks, public institutions and NGOs.
He developed a unique management philosophy by reading important philosophies from the past and experiencing those of the present. He recently founded Phusis to guide transformations in large companies and their implementation of collaborative governance. The Phusis team works everywhere in Europe.
His strongest belief: profit maximisation should not be the main objective, and by definition is not the main objective of a company. Of course, profit is important, but the primary objective should be to help meet the needs of society, whereby a working environment is created in which employees can grow and develop, not only to the benefit of the company, but also of themselves. Because he is responsible for creating such working environments, some employees refer to him as ‘the barefoot manager’. This is because Laurent Ledoux sometimes walks barefoot at work. “It is a way to be more in contact with the earth; it's a habit from my time in Africa.”"
308;Laurent Ledoux;Speaker;Male;Dutch, French, English;https://readmylips.be/sites/default/files/speakers/Ledoux_Laurent_200124_1.jpg;Laurent Ledoux als moderator op jouw evenement? Neem vrijblijvend contact op met sprekersbureau Read My Lips voor meer informatie!;French;Le monde actuel, Durabilité et climat, Philosophie, religion et spiritualité, Management, Leadership et top managers, Stratégie, RSE (responsabilité sociétale des entreprises), RH et bien-être, Culture d’entreprise;;Yes;"Qui est Laurent Ledoux ?
Laurent a voyagé autour de la planète pour apprendre à vivre et parle aujourd'hui sept langues. Il restructure aujourd'hui des entreprises et des organisations pour augmenter leur impact positif sur la société. Ce ""manager aux pieds nus"" a travaillé pour de grandes entreprises, des banques, des institutions publiques et des ONG.
Il a développé une philosophie de gestion unique en lisant les grands philosophes du passé et en rencontrant ceux du présent. Il a récemment fondé Phusis pour accompagner la transformation des grandes entreprises et leur mise en place d'une gouvernance collaborative. L'équipe de Phusis travaille déjà dans toute l'Europe.
Sa conviction la plus forte : la maximisation du profit ne devrait pas être, et par définition n'est pas, l'objectif principal d'une entreprise. Le profit est évidemment nécessaire, mais l'objectif principal devrait être de contribuer aux besoins de la société, en créant un environnement de travail dans lequel les employés peuvent s'épanouir et se développer, non seulement pour le bénéfice de l'entreprise, mais aussi pour eux-mêmes. C'est justement grâce à la création de tels environnements de travail que Laurent est surnommé par certains employés ""le manager aux pieds nus"". Laurent Ledoux marche parfois pieds nus au travail. ""Une façon d'être plus en contact avec la terre, un héritage de mon séjour en Afrique."
308;Laurent Ledoux;Speaker;Male;Dutch, French, English;https://readmylips.be/sites/default/files/speakers/Ledoux_Laurent_200124_1.jpg;Laurent Ledoux als moderator op jouw evenement? Neem vrijblijvend contact op met sprekersbureau Read My Lips voor meer informatie!;Dutch;"De wereld vandaag, Duurzaamheid &amp; klimaat, Filosofie, religie &amp; spiritualiteit, Management, Leiderschap &amp; topmanagers, Strategie, MVO (Maatschappelijk verantwoord ondernemen), HR &amp; wellbeing, Bedrijfscultuur";;Yes;"Wie is Laurent Ledoux?
Laurent reisde de planeet rond om te leren leven en spreekt intussen zeven talen. Hij herstructureert nu bedrijven en organisaties om hun positieve impact op de maatschappij te vergroten. Deze ‘manager op blote voeten’ heeft voor grote bedrijven gewerkt, banken, openbare instellingen en NGO’s.
Hij ontwikkelde een unieke managementfilosofie door grote filosofen uit het verleden te lezen en die van heden te ontmoeten. Hij heeft recent Phusis gesticht om de transformatie van grote bedrijven en hun implementatie van collaborative governance te begeleiden. Het team van Phusis werkt al overal in Europa.
Zijn sterkste overtuiging: winstmaximalisatie moet niet het voornaamste doel zijn, en is per definitie niet het voornaamste doel van een bedrijf. Winst is uiteraard noodzakelijk, maar het voornaamste doel moet bestaan uit en bijdragen aan de noden van de maatschappij, waarbij een werkomgeving wordt gecreëerd waarin medewerkers kunnen groeien en zich ontplooien, en niet alleen ten gunste van het bedrijf, maar ook voor zichzelf. Net dankzij de creatie van zulke werkomgevingen wordt Laurent door sommige medewerkers ‘de manager op blote voeten’ genoemd. Laurent Ledoux loopt soms blootsvoets op het werk. “Een manier om beter in contact met de aarde te staan, een erfenis van mijn verblijf in Afrika.”"
282;Lectrr – Steven Degryse;Speaker;Male;Dutch, English;https://readmylips.be/sites/default/files/speakers/Lectrr_Degryse_Steven_200309_foto2.jpg;Who is Steven Lectrr?;English;"Current affairs, Society &amp; Diversity, Media &amp; culture, Arts &amp; Culture, Media";Non-profit;Yes;"Who is Lectrr?
Steven is a cartoonist for De Standaard, has been published worldwide in dozens of magazines and newspapers, and even worked for The New York Times Cartoon Syndicate. His cartoons regularly go viral and even cause controversy and the odd political incident.
As a member of Cartooning for Peace and regional figurehead for Cartoonists Rights’ Network International, he is raising awareness about the fragile rights of cartoonists and influencers all over the world, and actively supports initiatives aimed at supporting cartoonists who are being persecuted. Lectrr is naturally funny and is incapable of delivering a boring lecture."
282;Lectrr – Steven Degryse;Speaker;Male;Dutch, English;https://readmylips.be/sites/default/files/speakers/Lectrr_Degryse_Steven_200309_foto2.jpg;Steven Lectrr als spreker op jouw evenement? Neem vrijblijvend contact op met sprekersbureau Read My Lips.;Dutch;"De wereld vandaag, Samenleving &amp; diversiteit, Media &amp; cultuur, Kunst &amp; cultuur, Media";Non-profit;Yes;"Wie is Lectrr?
Steven is huiscartoonist bij De Standaard, publiceert wereldwijd in tientallen tijdschriften en kranten en werkte zelfs voor The New York Times Cartoon Syndicate. Zijn cartoons gaan geregeld viraal en zorgen bij momenten voor de nodige controverse en zelfs diplomatieke rellen.
Als lid van Cartooning for Peace en regionaal gezicht van Cartoonists Rights’ Network International werkt hij aan bewustwording rond de fragiele rechten van cartoonisten en opiniemakers overal ter wereld, en neemt hij actief deel aan acties om cartoonisten in nood te ondersteunen. Lectrr is inherent grappig en is niet in staat een saaie lezing te geven."
216;Leo Bormans;Speaker;Male;Dutch, English;https://readmylips.be/sites/default/files/speakers/Bormans_Leo_200123_1.jpg;"Leo Bormans as a speaker on your event? Contact the speakers&#039; office Read My Lips for more information.";English;"Management, Enterprise, HR &amp; Wellbeing, Corporate Culture, Work/Life Balance";Non-profit;No;"Who is Leo Bormans?
Leo is a researcher and the author of best-selling books like The World Book of Happiness and The World Book of Hope. Around the world, he inspires policy makers and citizens, managers and staff, people who work in healthcare and education... Always with Happiness and Hope in New Times as the golden thread. Leo is Distinguished Lecturer in Happiness Economics Research at Erasmus University Rotterdam.    "
216;Leo Bormans;Speaker;Male;Dutch, English;https://readmylips.be/sites/default/files/speakers/Bormans_Leo_200123_1.jpg;Leo Bormans als spreker op jouw evenement? Neem vrijblijvend contact op met sprekersbureau Read My Lips.;Dutch;"Management, Ondernemen, HR &amp; wellbeing, Bedrijfscultuur, Balans werk/leven";Non-profit;No;"Wie is Leo Bormans?
Leo is onderzoeker en auteur van internationale bestsellers als The World Book of Happiness en The World Book of Hope. Hij inspireert over heel de wereld beleidsmakers en burgers, managers en medewerkers, mensen in zorg en onderwijs… Telkens staan Geluk en Hoop in Nieuwe Tijden centraal. Hij is o.a. Distinguished Lecturer in Happiness Economics Research aan de Erasmus Universiteit Rotterdam.    "
218;Leo Neels;Speaker;Male;Dutch, French, English;https://readmylips.be/sites/default/files/speakers/Neels_Leo_200124_1.jpg;Who is Leo Neels?;English;"Current affairs, Science, Media &amp; culture, Media, Management, Enterprise";;Yes;"Who is Leo Neels?
Leo is a very gifted speaker who is very knowledgeable when it comes to matters that lie close to his heart. If you are looking for a speaker to explain the ins and outs of the media or the importance of the pharmaceutical sector in your life, then look no further than Leo Neels. He can look back on a very fruitful career. Firstly, as an academic and lawyer. Thereafter, he helped to manage private broadcaster VTM in its early years and spent ten years as head of pharma.be, which is the umbrella organisation for the pharmaceutical sector."
218;Leo Neels;Speaker;Male;Dutch, French, English;https://readmylips.be/sites/default/files/speakers/Neels_Leo_200124_1.jpg;Leo Neels als spreker op jouw evenement? Neem vrijblijvend contact op met sprekersbureau Read My Lips.;French;Le monde actuel, Sciences, Médias et culture, Media, Management, Entreprendre;;Yes;"Qui est Leo Neels ?
Leo est un orateur très complet qui peut parler en connaissance de cause de sujets qui lui tiennent à cœur. Si vous cherchez un conférencier qui vous explique les tenants et les aboutissants de nos médias ou ce que le secteur pharmaceutique signifie dans votre vie, Leo Neels est votre homme. Il a une riche carrière derrière lui. Tout d'abord, en tant qu'universitaire et avocat. En outre, il a dirigé la chaîne privée VTM dans les premières années et a été pendant plus de dix ans l'homme fort de pharma.be, l'organisation faîtière du secteur pharmaceutique.
Écoutez Leo Neels dans notre podcast Overmorgen (en néerlandais)."
218;Leo Neels;Speaker;Male;Dutch, French, English;https://readmylips.be/sites/default/files/speakers/Neels_Leo_200124_1.jpg;Leo Neels als spreker op jouw evenement? Neem vrijblijvend contact op met sprekersbureau Read My Lips.;Dutch;"De wereld vandaag, Wetenschap, Media &amp; cultuur, Media, Management, Ondernemen";;Yes;"Wie is Leo Neels?
Leo is een zeer gedegen spreker die met veel kennis van zaken over thema’s die hem nauw aan het hart liggen kan spreken. Zoek je een spreker over het reilen en zeilen van onze media of wat de farmasector betekent in jouw leven, dan is Leo Neels jouw man. Hij heeft er een rijke carrière op zitten. Vooreerst als academicus en advocaat. Hiernaast gaf hij in de beginjaren leiding aan de private zender VTM en meer dan tien jaar was hij de sterke man van pharma.be, die de farmasector overkoepelt.
 
Luister naar Leo Neels in onze podcast Overmorgen. "
645;Levi Haegebaert;Speaker;Male;Dutch;https://readmylips.be/sites/default/files/speakers/Levi%20Haegebaert.jpg;Levi Haegebaert als spreker op jouw event? Boek nu eenvoudig via Read My Lips!;Dutch;"Marketing &amp; communicatie, Marketing, Economie, Management, Ondernemen, Technologie &amp; innovatie, Innovatie &amp; trends";Non-profit;Yes;"Wie is Levi Haegebaert?
Levi Haegebaert is auteur van het boek Bitcoin voor Beginners en een echte bitcoinbeliever die zijn passie voor de technologie al jaren verspreidt. Hij is organisator van de grootste bitcoincommunity in België en reist de wereld rond om nieuwe evoluties te ontdekken binnen de sector en zijn kennis te delen met anderen. Hij gaf wereldwijd presentaties en workshops aan zowel bedrijven als bitcoincommunity’s."
317;Lien Van de Kelder;Moderator;Female;Dutch, French, English;https://readmylips.be/sites/default/files/speakers/VandeKelder_Lien_200125_4.jpg;Who is Lien Van de Kelder?;English;Current affairs, Entertainment;;Yes;"Who is Lien Van de Kelder?
Lien sings, acts and has her own law firm, which specialises in intellectual property (copyright, trademark law, etc.). She stood on a theatre stage for the first time when she was just seven. And she has retained her passion for performance arts. In the meantime, Lien has also established an impressive career as an actress, with roles in, for example, Thuis, Flikken, Familie, Witse, Zone Stad and various other series at home and abroad. Her love of crime series gained an international dimension when she was part of The Spiral, a European co-production in English. Lien also practices law.
Lien's presentation style is professional and classy. She is spontaneous and endearing, and will successfully manage your event with the required style and finesse."
317;Lien Van de Kelder;Moderator;Female;Dutch, French, English;https://readmylips.be/sites/default/files/speakers/VandeKelder_Lien_200125_4.jpg;Lien Van de Kelder als moderator op jouw event? Boek nu via Read My Lips!;French;Le monde actuel, Divertissement;;Yes;"Qui est Lien Van de Kelder ?
Lien chante, joue et a son propre cabinet d'avocat, spécialisé dans la propriété intellectuelle (droit d'auteur, droit des marques, etc.). À l'âge de sept ans, elle est montée pour la première fois sur une scène de théâtre. Cet amour pour les arts de la scène ne s'est jamais démenti. Entre-temps, Lien s'est également construit une impressionnante carrière d'actrice, avec des rôles dans Home, Flikken, Familie, Witse, Zone Stad et diverses autres séries en Belgique et à l'étranger. Son amour pour les séries policières a pris une dimension internationale grâce à sa collaboration à la coproduction européenne en langue anglaise The Spiral. Lien est également active en tant qu'avocate.
Le style de présentation de Lien est professionnel et élégant. Avec son apparence spontanée et sympathique, elle mène votre événement dans la bonne direction avec style et finesse.
 "
317;Lien Van de Kelder;Moderator;Female;Dutch, French, English;https://readmylips.be/sites/default/files/speakers/VandeKelder_Lien_200125_4.jpg;Lien Van de Kelder als moderator op jouw event? Boek nu via Read My Lips!;Dutch;De wereld vandaag, Entertainment;;Yes;"Wie is Lien Van de Kelder?
Lien zingt, acteert en heeft haar eigen kantoor als juriste, gespecialiseerd in intellectuele eigendom (auteursrecht, merkenrecht…). Op haar zevende stond ze voor het eerst op een theaterscène. Die liefde voor de podiumkunsten is gebleven. Intussen bouwde Lien ook een indrukwekkende carrière uit als actrice, met rollen in onder meer Thuis, Flikken, Familie, Witse, Zone Stad en verschillende andere reeksen in binnen- en buitenland. Haar liefde voor crimi-reeksen kreeg een internationale toets door haar medewerking aan de Engelstalige Europese coproductie The Spiral. Lien is ook actief als juriste.
De presentatiestijl van Lien is zakelijk en klassevol. Door haar spontane en sympathieke uitstraling leidt ze jouw event met stijl en finesse in goede banen.
 
Luister naar Lien Van de Kelder in onze podcast Overmorgen. "
1158;Liesbet Boone;Speaker;Female;Dutch;https://readmylips.be/sites/default/files/speakers/Foto5zw.jpg;Liesbet Boone als spreker op jouw evenement? Neem vrijblijvend contact op met sprekersbureau Read My Lips voor meer informatie.;Dutch;"Management, Leiderschap &amp; topmanagers, HR &amp; wellbeing";;Yes;"Wie is Liesbet Boone?
Liesbet is medeoprichter van Conundrum en doctor in de psychologie. Ze begeleidt al meer dan 10 jaar leidinggevenden, professoren, teams en medewerkers vanuit een evidencebased kader.
Als onderzoeker heeft Liesbet sterke kennis en expertise opgebouwd rondom perfectionisme. Omdat perfectionisme een negatieve invloed heeft op prestaties, welbevinden en werktevredenheid, is ze zich gaan toeleggen op hoe perfectionisme zich presenteert in de werk- en ondernemerscontext. Zo verlegde ze haar focus naar leiderschap, onder meer door het ontwikkelen van een nieuwe leiderschapsvisie aan de Universiteit Gent en door het coachen van leidinggevenden en teams in organisaties. Vanuit de constatering dat veel ondernemers, professoren en leidinggevenden tegen hun perfectionisme aanliepen in hun leiderschap, schreef ze in 2023 het boek ‘niet perfect, toch tevreden’. Haar missie? Het zelfbewustzijn van ondernemers en leidinggevenden doen groeien, zodat ze niet pas in coaching komen wanneer hun onderneming, het team en zijzelf al zijn vastgelopen.
Vanuit haar opgebouwde wetenschappelijke kennis, expertise en coachingservaring, breng ze een heldere, onderbouwde en hoopvolle boodschap, met als belangrijke hefboom voor groei: het optimalisme.
“Ik ben erop gebrand om ondernemers, leidinggevenden en medewerkers te versterken, zodat zij hun ambities in het persoonlijk en professioneel leven met moed en overtuiging kunnen realiseren. Zonder dat ze daarom de lat lager hoeven te leggen.”
Liesbet weet haar publiek te enthousiasmeren en daagt hen uit in hun denken, verruimt het zelfinzicht en moedigt het publiek aan om eerste stappen richting optimalisme te zetten. Ze wordt gevraagd om te spreken voor het brede publiek alsook voor specifieke doelgroepen, zoals ondernemers, leidinggevenden, HR-professionals, leerkrachten, coaches,… .

          
  












    

  


  
  
      

      Offerte"
540;Liesbeth Van Impe;Speaker, Moderator;Female;Dutch, French, English;https://readmylips.be/sites/default/files/speakers/VanImpe_Liesbeth_200124_1.jpg;Who is Liesbeth Van Impe?;English;"Current affairs, Politics &amp; Government, Economics";;Yes;"Who is Liesbeth Van Impe?
Liesbeth made her debut as political journalist at De Morgen, where she later resigned because she did not agree with severe austerity measures. Since then, she has been Head of Politics and now co-chief editor at Het Nieuwsblad. From this front-row seat, she can follow and comment on Flemish, Belgian and international politics. She is thus the ideal person to successfully oversee debates and events about a wide range of social problems, both in Dutch and French."
540;Liesbeth Van Impe;Speaker, Moderator;Female;Dutch, French, English;https://readmylips.be/sites/default/files/speakers/VanImpe_Liesbeth_200124_1.jpg;Liesbeth Van Impe als moderator op jouw evenement? Neem vrijblijvend contact op met sprekersbureau Read My Lips voor meer informatie!;French;Le monde actuel, Politique et pouvoirs publics, Économie;;Yes;"Qui est Liesbeth Van Impe ?
Liesbeth a fait ses débuts de journaliste politique à De Morgen, qu'elle a quitté parce qu'elle n'était pas d'accord avec une lourde réorganisation. Depuis, elle a été Chief Political Officer et maintenant co-rédactrice en chef de Het Nieuwsblad. Depuis ce poste de pilotage, elle peut suivre la politique flamande, belge et internationale aux premières loges et la commenter. Elle est donc parfaite pour orienter dans la bonne direction les débats ou les événements sur les grandes questions de société, en néerlandais comme en français."
540;Liesbeth Van Impe;Speaker;Female;Dutch, French, English;https://readmylips.be/sites/default/files/speakers/VanImpe_Liesbeth_200124_1.jpg;Liesbeth Van Impe als moderator op jouw evenement? Neem vrijblijvend contact op met sprekersbureau Read My Lips voor meer informatie!;Dutch;"De wereld vandaag, Politiek &amp; overheid, Economie";;Yes;"Wie is Liesbeth Van Impe?
Liesbeth maakte als politiek journalist haar debuut bij De Morgen, waar ze is opgestapt omdat ze het niet eens was met een zware sanering. Sedertdien is ze Chef Politiek en nu co-hoofdredactrice van Het Nieuwsblad. Vanuit die cockpit kan ze de Vlaamse, Belgische en internationale politiek op de eerste rij volgen en er commentaar op geven. Dat maakt haar geknipt om debatten of events over breed maatschappelijke problemen in goede banen te leiden, even goed in het Nederlands als in het Frans."
221;Lieven Van Gils;Moderator;Male;Dutch, French, English;https://readmylips.be/sites/default/files/speakers/VanGils_Lieven_200126_1.jpg;Who is Lieven Van Gils?;English;"Current affairs, Media &amp; culture";;Yes;"Who is Lieven Van Gils?
Lieven is the public face of Van Gils &amp; Gasten, a talk show on channel Eén. He plays in the Champions League of presenters and moderators: on the ball, lively, aware and always stylish in and around the target area. And every summer he returns to one of his old passions: sports journalism. In 2013, Lieven Van Gils was awarded the Vlaamse Televisie Ster for best presenter. Lieven feels more than comfortable in his presenter's chair. He deploys a lot of charm and expertise in leading interviews and debates among a wide mix of participants. There is no one better at creating an exhilarating discussion within a diverse group of guests."
221;Lieven Van Gils;Moderator;Male;Dutch, French, English;https://readmylips.be/sites/default/files/speakers/VanGils_Lieven_200126_1.jpg;Lieven Van Gils als moderator op jouw evenement? Neem vrijblijvend contact op met sprekersbureau Read My Lips voor meer informatie!;French;Le monde actuel, Médias et culture;;Yes;"Qui est Lieven Van Gils ?
Lieven est le visage de l'émission One Van Gils &amp; Gasten. En tant que présentateur et modérateur, il joue dans la Ligue des champions : court sur le ballon, vif et tranchant et toujours élégant devant le but. Et chaque été, il revient à ses anciennes amours : le journalisme sportif. En 2013, Lieven Van Gils a reçu l'Étoile de la télévision flamande pour le meilleur présentateur. Lieven se sent remarquablement à l'aise dans le fauteuil du présentateur. Avec beaucoup de charme et de métier, il mène les interviews et les débats avec les interlocuteurs les plus divers dans des directions fascinantes. Personne n'est mieux placé que lui pour entraîner un groupe hétérogène d'invités dans une conversation passionnante."
221;Lieven Van Gils;Moderator;Male;Dutch, French, English;https://readmylips.be/sites/default/files/speakers/VanGils_Lieven_200126_1.jpg;Lieven Van Gils als moderator op jouw evenement? Neem vrijblijvend contact op met sprekersbureau Read My Lips voor meer informatie!;Dutch;"De wereld vandaag, Media &amp; cultuur";;Yes;"Wie is Lieven Van Gils?
Lieven is het gezicht van het Eén programma Van Gils &amp; Gasten. Als presentator en moderator speelt hij in de Champions League: kort op de bal, vinnig en scherp en altijd stijlvol richting doelgebied. En elke zomer zoekt hij steevast zijn oude liefde op: de sportjournalistiek. In 2013 kreeg Lieven Van Gils de Vlaamse Televisie Ster voor beste presentator. Lieven voelt zich opvallend goed in de presentatorstoel. Met veel charme en metier leidt hij interviews en debatten met de meest uiteenlopende gesprekspartners in boeiende banen. Niemand kan beter een heterogene groep gasten tot een boeiend gesprek verleiden."
1166;Lieven Van Linden;Speaker;Male;Dutch, English;https://readmylips.be/sites/default/files/speakers/zw%20cover.JPG;Lieven Van Linden als spreker op jouw evenement? Neem vrijblijvend contact op met sprekersbureau Read My Lips voor meer informatie.;English;"Management, HR &amp; Wellbeing, Technology &amp; innovation";;Yes;"Who is Lieven Van Linden?
Lieven loves to explore and experience all the internal and external limits of our human existence. This curiosity has led him to run ultra-long distances in the deserts of Morocco (Marathon des Sables - 240 km) and the jungles of Brazil (Jungle Marathon - 260 km), among others. He hikes snow-capped mountains dressed only in swimming trunks and dives in the ocean on one breath. After his engineering studies, he worked for 10 years in an international corporate environment, holding various management positions within quality and procurement. After completing an Executive MBA, Lieven started his own company, Built For Endurance, helping leaders and their teams optimize energy, health and performance. He began specializing and continuing education in various body-oriented methods such as the Wim Hof Method, Intermittent Living and is a certified breath coach. In his pathways, he uses biometric data and body-centered experiences to support people toward sustainable behavior change. His keynotes are about overcoming fears and exploring your untapped potential. About using technology and experiences in improving your health and work performance. About finding meaning, happiness and the best version of yourself. He believes that we all have the innate capacity to thrive in stressful situations and come out stronger and more resilient.

          
  












    

  


  
  
      

      Request your offer here"
1166;Lieven Van Linden;Speaker;Male;Dutch, English;https://readmylips.be/sites/default/files/speakers/zw%20cover.JPG;Lieven Van Linden als spreker op jouw evenement? Neem vrijblijvend contact op met sprekersbureau Read My Lips voor meer informatie.;Dutch;"Management, HR &amp; wellbeing, Technologie &amp; innovatie";;Yes;"Wie is Lieven Van Linden?
Lieven houdt ervan om alle interne en externe grenzen van ons menselijk bestaan te verkennen en ervaren. Deze nieuwsgierigheid heeft hem geleid tot het rennen van ultra-lange afstanden in onder andere de woestijn van Marokko (Marathon des Sables - 240 km) en de jungle van Brazilië (Jungle Marathon - 260 km). Hij bewandelt besneeuwde bergen slechts gekleed in een zwembroek en duikt in de oceaan op één adem. Na zijn ingenieursstudies heeft hij 10 jaar gewerkt in een internationale bedrijfsomgeving en verschillende management functies uitgeoefend binnen kwaliteit en aankoop. Na het afronden van een Executive MBA is Lieven zijn eigen bedrijf Built For Endurance gestart, waarbij hij leiders en hun teams helpt bij het optimaliseren van energie, gezondheid en prestaties. Hij is zich gaan specialiseren en bijscholen in diverse lichaamsgerichte methoden zoals de Wim Hof methode, Intermittent Living en is gecertificeerd ademcoach. In zijn trajecten gebruikt hij biometrische data en lichaamsgerichte ervaringen om mensen te ondersteunen richting duurzame gedragsverandering. Zijn keynotes gaan over het overwinnen van angsten en het verkennen van je onbenutte potentieel. Over het gebruiken van technologie en ervaringen in het verbeteren van je gezondheid en werkprestaties. Over het vinden van zingeving, geluk en de beste versie van jezelf. Hij gelooft er in dat we allemaal de aangeboren capaciteit hebben om te gedijen in stressvolle situaties en er sterker en veerkrachtiger uit te komen.

          
  












    

  


  
  
      

      Vraag hier je offerte aan"
884;Linda De Win;Speaker, Moderator;Female;Dutch, English;https://readmylips.be/sites/default/files/speakers/Linda%20De%20Win%20%28beeld%20van-Geert%20Van%20Hoeymissen%29%20HR.jpg;"Linda De Win as a moderator or speaker on your event? Contact the speakers&#039; office Read My Lips for more information.";English;"Current affairs, Politics &amp; Government";;Yes;"Who is Linda De Win?
Linda got a Master's Degree in History. Commenced work for VRT’s radio news service on 2 November 1988. Switched to the Flemish public broadcaster’s television news service in 1995. Worked on both the Journaal news and Terzake current affairs programmes. Has worked on the new parliamentary commentary programme Villa Politica since 2002. The format changed to a live programme broadcasting question time in the Flemish Parliament and Chamber of Representatives in 2006. Villa P anchor from 2006 to 2021; 
Our coverage of the 'Fall of the Leterme government' was awarded an international prize in 2009."
884;Linda De Win;Speaker, Moderator;Female;Dutch, English;https://readmylips.be/sites/default/files/speakers/Linda%20De%20Win%20%28beeld%20van-Geert%20Van%20Hoeymissen%29%20HR.jpg;Linda De Win als moderator of spreker op jouw evenement? Neem vrijblijvend contact op met sprekersbureau Read My Lips.;Dutch;"De wereld vandaag, Politiek &amp; overheid";;Yes;"Wie is Linda De Win?
Linda behaalde een master in de geschiedenis. Op 2 november 1988 begon ze bij de VRT op de radionieuwsdienst, in 1995 maakte ze de overstap naar de televisienieuwsdienst. Daar werkte ze zowel voor Het Journaal als Terzake. Sinds 2002 heeft Linda gewerkt voor een nieuw parlementair magazine Villa Politica. In 2006 is het format veranderd naar een live programma dat het vragenuurtje in het Vlaams Parlement en de Kamer ging uitzenden. Van 2006 tot 2021 was ze anchor bij Villa Politca. In 2009 werd onze verslaggeving van de ‘Val van de regering Leterme’ bekroond met een internationale prijs.
 
© Geert Van Hoeymissen"
750;Lisbeth Imbo;Moderator;Female;Dutch, French, English;https://readmylips.be/sites/default/files/speakers/533041_431_Lisbeth%20Imbo%20KBL1_RML.jpg;Lisbeth Imbo als moderator op jouw evenement? Neem vrijblijvend contact op met sprekersbureau Read My Lips voor meer informatie.;English;"Healthcare, Inclusie, Current affairs, Media &amp; culture, Marketing &amp; communication, Entertainment, Management, HR &amp; Wellbeing, Technology &amp; innovation";;Yes;"Who is Lisbeth Imbo?
Active in journalism for over 20 years, she has swum through many waters and tasted many aspects. Started at radio, where she helped found De ochtend. After a stint at TerZake and Login, she became editor-in-chief of De Morgen. Meanwhile, she switched back to VRT as anchor of De Zevende Dag. But because a week counts more than 7days in her mind, she remains active off-screen as well. Writing books, pod- and vlogcasts, webinars, seminars, workshops speaking in front of an audience and in the media, you name it, Lisbeth Imbo knows how to fill her days!"
750;Lisbeth Imbo;Moderator;Female;Dutch, French, English;https://readmylips.be/sites/default/files/speakers/533041_431_Lisbeth%20Imbo%20KBL1_RML.jpg;Lisbeth Imbo als moderator op jouw evenement? Neem vrijblijvend contact op met sprekersbureau Read My Lips voor meer informatie.;French;Healthcare, Inclusie, Le monde actuel, Médias et culture, Marketing et communication, Divertissement, Management, RH et bien-être, Technologie et innovation;;Yes;"Qui est Lisbeth Imbo ?
Active dans le journalisme depuis plus de 20 ans, elle a nagé dans de nombreuses eaux et goûté à de nombreux aspects. Elle a commencé à la radio, où elle a participé à la création de De ochtend. Après un passage à TerZake et Login, elle est devenue rédactrice en chef de De Morgen. Entre-temps, elle est revenue à la VRT en tant que présentatrice de De Zevende Dag. Mais parce qu'une semaine compte plus que 7 jours dans son esprit, elle reste également active en dehors de l'écran. Rédaction de livres, podcasts et vlogcasts, webinaires, séminaires, ateliers, interventions devant un public et dans les médias, Lisbeth Imbo sait comment remplir ses journées !"
750;Lisbeth Imbo;Moderator;Female;Dutch, French, English;https://readmylips.be/sites/default/files/speakers/533041_431_Lisbeth%20Imbo%20KBL1_RML.jpg;Lisbeth Imbo als moderator op jouw evenement? Neem vrijblijvend contact op met sprekersbureau Read My Lips voor meer informatie.;Dutch;"Healthcare, Inclusie, De wereld vandaag, Media &amp; cultuur, Marketing &amp; communicatie, Entertainment, Management, HR &amp; wellbeing, Technologie &amp; innovatie";;Yes;"Wie is Lisbeth Imbo?
Al meer dan 20 jaar actief in de journalistiek: zo al vele watertjes doorzwommen en van vele aspecten geproefd. Gestart bij de radio, waar ze De ochtend mee uit de grond stampte. Na een passage bij TerZake en Login, is ze hoofdredacteur van De Morgen geworden. Intussen stapte ze weer over naar de VRT als anker van De Zevende Dag. Maar omdat een week meer dan 7dagen telt in haar hoofd, blijft ze ook naast het scherm actief. Boeken schrijven, pod- en vlogcasts, webinars, seminars, workshops spreken voor publiek en in de media, noem maar op, Lisbeth Imbo weet haar dagen goed gevuld!"
879;"Literair collectief &#039;This Is How We Read&#039;";Speaker, Moderator;Female;Dutch;https://readmylips.be/sites/default/files/speakers/This%20is%20how%20we%20read%20%281%29.jpg;Literair collectief This Is How We Read als sprekers of moderatoren op jouw event? Neem contact op met sprekerbureau Read My Lips!;Dutch;"Media &amp; cultuur, Kunst &amp; cultuur, HR &amp; wellbeing, Bedrijfscultuur, Balans werk/leven";;Yes;"Wie is This is how we read?
This Is How We Read is een literair collectief dat blogt over boeken op thisishowweread.be en @thisishowwereadblog, maar ook auteursinterviews en leesclubs modereert, schrijfworkshops geeft en een populaire, jaarlijkse columnwedstrijd organiseert. Lees- en schrijfplezier bevorderen en verbinding tot stand brengen via boeken – dat doet This Is How We Read via uiteenlopende, toegankelijke activiteiten. Freelancejournalisten Barbara De Munnynck en Katrien Elen zijn twee van de vier initiatiefnemers achter This Is How We Read en hosten deze lezing."
254;Lorenzo De Wilder;Speaker;Male;Dutch;https://readmylips.be/sites/default/files/speakers/DeWilder_Lorenzo_200123_1.jpg;Who is Lorenzo De Wilder?;English;"HR &amp; Wellbeing, Corporate Culture, Work/Life Balance";;No;"Who is Lorenzo De Wilder?
He was born with mucoviscidosis, which is a life-threatening illness that compromises the lungs and digestive system. When you hear such a diagnosis, you know that your time is limited. As the years passed, he began to see his illness as a motivating factor to seize control of his life and chase his wildest dreams. One of these dreams was to start his own business. Lorenzo is now a successful entrepreneur. His company Caleido helps other companies with online content and marketing. Lorenzo's lectures are based on his own experiences in life. How does he combine living with a life-threatening illness with his job as company manager?"
254;Lorenzo De Wilder;Speaker;Male;Dutch;https://readmylips.be/sites/default/files/speakers/DeWilder_Lorenzo_200123_1.jpg;Wie is Lorenzo De Wilder?;Dutch;"HR &amp; wellbeing, Bedrijfscultuur, Balans werk/leven";;No;"Wie is Lorenzo De Wilder?
Hij is geboren met mucoviscidose, een levensbedreigende ziekte die de longen en het spijsverteringsstelsel aantast. Als je de diagnose krijgt, weet je dat je tijd onvermijdelijk beperkt is. Met de jaren is hij zijn ziekte gaan zien als een stuwende motivatie om het leven met twee handen te grijpen en de mooiste dromen na te jagen. Een van die dromen was om een eigen zaak te beginnen. Lorenzo is intussen een succesvolle bedrijfsleider. Met Caleido helpt hij bedrijven op het vlak van online content en marketing. Tijdens zijn lezingen gebruikt Lorenzo zijn eigen levenservaring. Hoe combineert hij het leven met de levensbedreigende ziekte mucoviscidose met een job als bedrijfsleider?"
380;Luc Barbé;Speaker;Male;Dutch, French;https://readmylips.be/sites/default/files/speakers/Barb%C3%A9_Luc_200207_foto1_0.jpg;Who is Luc Barbé?;English;"Current affairs, Politics &amp; Government, History, Economics";;No;"Who is Luc Barbé?
Luc Barbé possesses the talent to explain complicated issues in an understandable and original manner, so that you have a solid basis on which to form your own opinion on energy policy in this country.
Luc has personally experienced many facets of power in this country. Firstly as member of parliament in the early 90s, where he established a reputation for his sharp analyses and thorough approach. At the end of the 90s, as a Fleming he managed to become the private secretary of the French-speaking Minister for energy, Olivier Deleuze (Ecolo). Thereafter, he spent four years as political secretary for the Groen and Ecolo parliamentary group. This was truly unique in Belgium, because, unlike other political families, the green parties only have one parliamentary group with employees from both language regions. Thanks to this intensive collaboration, Luc has a good insight into the needs and sensitivities of this country's inhabitants."
380;Luc Barbé;Speaker;Male;Dutch, French;https://readmylips.be/sites/default/files/speakers/Barb%C3%A9_Luc_200207_foto1_0.jpg;Wie is Luc Barbé?;Dutch;"De wereld vandaag, Politiek &amp; overheid, Geschiedenis, Economie";;No;"Wie is Luc Barbé?
Luc Barbé beschikt over het talent om ingewikkelde kwesties op een begrijpelijke en originele manier over te brengen, zodat je met kennis van zaken een eigen mening kan vormen over het energiebeleid in dit land.
Luc heeft van vele facetten van de macht in ons land geproefd. Eerst als parlementslid, waar hij begin jaren negentig een ijzersterke reputatie als dossiervreter opbouwde, bekend voor zijn scherpe analyses en grondige aanpak. Eind jaren negentig schopte hij het als Vlaming tot kabinetschef van de Franstalige staatssecretaris voor energie Olivier Deleuze (Ecolo). Nadien was hij vier jaar lang politiek secretaris van de parlementsfractie van Groen en Ecolo. Een unicum in het Belgische politieke bestel, want in tegenstelling tot andere politieke families, hebben de groenen maar één parlementsfractie met medewerkers uit beide taalgebieden. Dankzij deze intensieve samenwerking heeft Luc een goede kijk op de gevoeligheden en noden van de inwoners van dit land."
339;Luc Haekens;Speaker, Moderator;Male;Dutch;https://readmylips.be/sites/default/files/speakers/Haekes_Luc_200124_1.jpg;Luc Haekens als moderator op jouw evenement? Neem vrijblijvend contact op met sprekersbureau Read My Lips voor meer informatie!;Dutch;"De wereld vandaag, Samenleving &amp; diversiteit, Geschiedenis, Media &amp; cultuur, Media";Non-profit;Yes;"Wie is Luc Haekens?
Noblesse oblige... De adel is een wereld van edelmannen, kastelen en prinsessenjurken, ook vandaag nog. Journalist Luc Haekens trok zijn stoutste schoenen en zijn mooiste driedelige pak aan en ging op verkenning. Luc heeft een indrukwekkende staat van dienst op radio en televisie. Hij paart een genadeloze nieuwsgierigheid aan een charmante eigenzinnigheid, de beste adelbrief voor beklijvend luister-, kijk- en leesplezier.
Met dezelfde ingehouden schwung kan hij ook aan een event een verrassende en altijd vrolijke wending geven. In zijn keynotes leeft Luc zich in de leefwereld van zijn blauwe vrienden in, die vertellen over hun voorouders, hun opvoeding, hun kasteel, hun leven en werk. Maar hij leeft ook mee met de consument van het dagelijkse nieuws, online en op tv. Wat kan hij/zij nog geloven van wat er allemaal op hem of haar afkomt op de buis of in de krant? Een bevoorrechte getuige vertelt.
Luc is tegenwoordig vooral bekend als vliegende reporter voor het satirische programma De Ideale Wereld. Zijn reportages zijn vaak hilarisch, niet het minst door de droge humor in zijn interviewstijl. Nochtans zit er vaak een maatschappijkritisch kantje aan zijn stukken.
Minder bekend is dat Luc in het verleden herhaaldelijk nationaal en internationaal bekroond werd voor zijn reportagewerk. Spraakmakend waren bijvoorbeeld ‘Het Proces’ over het proces-Dutroux en ‘De zaak-Jo Lernout’."
1047;Lucas De Man;Speaker, Moderator;Male;Dutch, English;https://readmylips.be/sites/default/files/speakers/Lucas%20De%20Man%20Fotograaf%20Anne%20Harbers%202%20%281%29.jpg;Lucas De Man als spreker op jouw evenement? Neem vrijblijvend contact op met sprekersbureau Read My Lips voor meer informatie.;English;"Current affairs, Media &amp; culture, Technology &amp; innovation";;Yes;"Who is Lucas De Man?
After studying Germanic Languages at KUL, Lucas De Man (b. 1982 West Flanders) moved to Amsterdam to study directing. He founded his creative project organisation, Company New Heroes, in 2008 and has since continuously created internationally acclaimed performances, documentaries, TV programmes, installations and animations. In 2019, Lucas started a second company, Biobased Creations, which achieved great success immediately with pavilions and installations made from natural building materials. The 2 most famous and award-winning pavilions are The Growing Pavilion (2019) and The Exploded View (2021). The latter is at Camp C in Westerlo in 2023. In addition, Lucas has been a TV presenter of art programmes for Dutch national television for 9 years and is a host and speaker at events all over the world, with the highlights being the Design Indaba Congress in South Africa (2x host and speaker), Ted X Amsterdam (2x host ) YPO Edge (host), Creativity World Forum (speaker), Love Tomorrow (speaker)."
1047;Lucas De Man;Speaker, Moderator;Male;Dutch, English;https://readmylips.be/sites/default/files/speakers/Lucas%20De%20Man%20Fotograaf%20Anne%20Harbers%202%20%281%29.jpg;Lucas De Man als spreker op jouw evenement? Neem vrijblijvend contact op met sprekersbureau Read My Lips voor meer informatie.;Dutch;"De wereld vandaag, Media &amp; cultuur, Technologie &amp; innovatie";;Yes;"Wie is Lucas De Man?
Lucas De Man (1982 - West Vlaanderen) trok na zijn studies Germaanse Talen aan de KU Leuven naar Amsterdam om daar regie te studeren. Hij richtte in 2008 zijn creatieve projectorganisatie Company New Heroes op en maakte sindsdien aan de lopende band internationaal bekroonde voorstellingen, documentaires, tv programma's, installaties en animaties. In 2019 startte Lucas een tweede bedrijf, Biobased Creations, dat gelijk grote successen boekte met paviljoens en installaties gemaakt uit natuurlijke bouwmaterialen. Hun twee meest bekende en bekroonde paviljoens zijn The Growing Pavilion (2019) en The Exploded View (2021). Die laatste staat in 2023 bij Kamp C in Westerlo. Daarnaast is Lucas al 9 jaar tv-presentator van kunstprogramma's voor de nationale Nederlandse televisie en is hij host en spreker op events over heel de wereld met als hoogtepunten het Design Indaba Congres in Zuid Afrika (2x host en spreker), Ted X Amsterdam (2x host) YPO Edge (host), Creativity World Forum (spreker), Love Tomorrow (spreker)."
257;Luckas Vander Taelen;Speaker;Male;Dutch, French;https://readmylips.be/sites/default/files/speakers/VanderTaelen_Luckas_200128_4.jpg;Luckas Vander Taelen als spreker op jouw evenement? Neem vrijblijvend contact op met sprekersbureau Read My Lips.;French;Le monde actuel, Politique et pouvoirs publics, Sécurité, Société et diversité, Philosophie, religion et spiritualité;Non-profit;Yes;"Qui est Luckas Vander Taelen ?
Luckas Vander Taelen vous apprend à regarder Bruxelles, la ville que beaucoup croient connaître mais dont ils savent si peu de choses.
Il vit à Bruxelles depuis plus de 40 ans. Lorsqu'il est venu y étudier à la fin des années 1970, il a découvert une métropole un peu terne, sans véritable identité, si ce n'est celle des francophones qui niaient ou voulaient oublier le passé flamand de Bruxelles. Mais vers la fin des années 1990, la ville a commencé à changer radicalement : du début du siècle jusqu'en 2020, pas moins de 200 000 habitants se sont ajoutés. En peu de temps, Bruxelles est devenue la ville la plus diversifiée au monde, avec plus de 180 nationalités. Bruxelles est devenue une ville de minorités...
 "
257;Luckas Vander Taelen;Speaker;Male;Dutch, French;https://readmylips.be/sites/default/files/speakers/VanderTaelen_Luckas_200128_4.jpg;Luckas Vander Taelen als spreker op jouw evenement? Neem vrijblijvend contact op met sprekersbureau Read My Lips.;Dutch;"De wereld vandaag, Politiek &amp; overheid, Veiligheid, Samenleving &amp; diversiteit, Filosofie, religie &amp; spiritualiteit";Non-profit;Yes;"Wie is Luckas Vander Taelen?
Luckas Vander Taelen leert U naar Brussel kijken, de stad die velen denken te kennen maar waar ze zo weinig over weten.
Hij woont al meer dan 40 jaar in Brussel. Toen hij er kwam studeren op het einde van de jaren zeventig, leerde hij een ietwat saaie grootstad kennen, zonder een echte identiteit, tenzij dan die van Franstaligen die het Vlaamse verleden van Brussel ontkenden of wilden vergeten. Maar tegen het einde van de jaren negentig begon de stad geweldig te veranderen : vanaf de eeuwwisseling tot 2020 kwamen er liefst 200.000 inwoners bij. Op korte tijd werd Brussel de meest diverse stad ter wereld, met meer dan 180 nationaliteiten. Brussel is een stad van minderheden geworden..."
318;Luk Dewulf;Speaker;Male;Dutch, English;https://readmylips.be/sites/default/files/speakers/Dewulf_Luk_200123_5.jpg;Who is Luk Dewulf?;English;"Current affairs, Society &amp; Diversity, Management, Leadership and Senior Management, Enterprise, HR &amp; Wellbeing, Corporate Culture, Work/Life Balance";Non-profit;Yes;"Who is Luk Dewulf?
Luk studied Educational Sciences and is a pioneer of talent-based thinking in Belgium and the Netherlands. His book, called Ik kies voor mijn talent (I opt for my talent), is being published for the 22nd time and his ideas are widespread in the world of education and business. In addition, he is the author of Help! Mijn batterijen lopen leeg (Help! My batteries are draining), which is a book about burnout and was voted the best Learning &amp; Development book in 2012 He is a fluent speaker who always touches the audience and gets them thinking. He is also a talent whisperer and a talent and burnout coach.
Besides writing new publications, he spends a lot of time presenting lectures about talent and burnout at home and abroad. In addition, he has worked with partners to develop the online tool www.mytalentbuilder.com, which is used in many large organisations in Belgium and the Netherlands. Furthermore, he is jointly responsible for establishing a network of ‘child talent whisperers’. They are professionals who teach people to have talent-related discussions with children, so that they can then organise such discussions free of charge annually in their own municipality or surroundings. Individuals, schools and cities have all joined this movement. The movement is also taking off in Curaçao, Bonaire and South Africa."
318;Luk Dewulf;Speaker;Male;Dutch, English;https://readmylips.be/sites/default/files/speakers/Dewulf_Luk_200123_5.jpg;Luk Dewulf als spreker op jouw evenement? Neem vrijblijvend contact op met sprekersbureau Read My Lips.;Dutch;"De wereld vandaag, Samenleving &amp; diversiteit, Management, Leiderschap &amp; topmanagers, Ondernemen, HR &amp; wellbeing, Bedrijfscultuur, Balans werk/leven";Non-profit;Yes;"Wie is Luk Dewulf?
Luk studeerde Pedagogische Wetenschappen en is een pionier van het talent-denken in België en Nederland. Zijn boek Ik kies voor mijn talent is al toe aan zijn 26e druk en zijn ideeën zijn wijd verspreid in het onderwijs en in het bedrijfsleven. Daarnaast is hij auteur van Help! Mijn batterijen lopen leeg, een boek over burn-out dat in 2012 bekroond werd tot beste Learning &amp; Development boek. Dat boek is nu beschikbaar onder de titel Stop burn-out. Een bevlogen spreker die zijn publiek steeds weer raakt en aan het denken zet. Daarnaast is hij een talentenfluisteraar en talent- en burn-outcoach.
Naast het schrijven van nieuwe publicaties verzorgt hij vooral lezingen in binnen- en buitenland over talent en burn-out. Samen met partners heeft hij ook de online tool www.mytalentbuilder.com ontwikkeld die in veel grote organisaties in België en in Nederland wordt ingezet. Daarnaast ligt hij mee aan de basis van een netwerk van ‘kindertalentenfluisteraars’. Dat zijn professionals die leren hoe ze talentgesprekken met kinderen kunnen voeren en vervolgens jaarlijks in de eigen gemeente of omgeving gratis talentgesprekken organiseren. Zowel individuen, scholen als steden zijn ingestapt in deze beweging. En de beweging komt ook van de grond in Curaçao, Bonaire en Kenia.
 
Luister naar Luk Dewulf in onze podcast Overmorgen. "
630;Lynn Wesenbeek;Moderator;Female;Dutch, French, English;https://readmylips.be/sites/default/files/speakers/lynn%20wesenbeek%20-%20foto.jpg;Boek Lynn Wesenbeek als moderator voor jouw komend event! Meer info? Contacteer sprekersbureau Read My Lips!;English;Current affairs, Management;;Yes;"Who is Lynn Wesenbeek? 
Lynn Wesenbeek, is a true veteran in the world of media and business. She started her career as a bright, young face at commercial broadcaster VTM and later became a newsreader at business channel Kanaal-Z. 
She is currently on the Board of Directors at VRT (public broadcaster) and leads debates and presentations for companies. Due to her expertise as journalist and newsreader, she has a wide range of interests and is able to handle many topics. For instance, she has in-depth knowledge of the circular economy, sustainability, innovation and healthcare. She is able to encourage debate about difficult topics. She is also fluent in three languages: Dutch, French and English. "
630;Lynn Wesenbeek;Moderator;Female;Dutch, French, English;https://readmylips.be/sites/default/files/speakers/lynn%20wesenbeek%20-%20foto.jpg;Boek Lynn Wesenbeek als moderator voor jouw komend event! Meer info? Contacteer sprekersbureau Read My Lips!;French;Le monde actuel, Management;;Yes;"Qui est Lynn Wesenbeek ? 
Lynn Wesenbeek, a fait ses armes dans les médias et le monde des affaires. Elle a commencé très jeune sur la chaîne de télévision commerciale VTM jusqu’à devenir présentatrice JT sur la chaîne d’affaires Kanaal-Z. 
Aujourd’hui, elle siège au Conseil d’administration de la VRT et anime des débats et des présentations pour les entreprises. Sur la base de son expertise de journaliste et présentatrice JT, elle s’intéresse à tout, de nombreux sujets étant donc possibles. Elle a notamment une solide connaissance de l’économie circulaire, de la durabilité et de l’innovation, ainsi que des soins de santé. Rendre accessibles des sujets difficiles, voilà ce qui la motive. Elle parle aussi couramment trois langues : le français, le néerlandais et l’anglais. 
 "
630;Lynn Wesenbeek;Moderator;Female;Dutch, French, English;https://readmylips.be/sites/default/files/speakers/lynn%20wesenbeek%20-%20foto.jpg;Boek Lynn Wesenbeek als moderator voor jouw komend event! Meer info? Contacteer sprekersbureau Read My Lips!;Dutch;De wereld vandaag, Management;;Yes;"Wie is Lynn Wesenbeek? 
Lynn Wesenbeek, is gepokt en gemazeld in de media en het bedrijfsleven. Ze begon als piepjong gezicht van de commerciële televisiezender VTM en groeide uit tot nieuwsanker bij zakenzender Kanaal-Z. 
Vandaag zetelt ze in de Raad van Bestuur van de VRT en leidt ze debatten en presentaties voor bedrijven. Vanuit haar expertise als journaliste en nieuwsanker heeft ze een brede interesse en dus zijn er veel onderwerpen mogelijk. Zo heeft ze onder meer een doorgedreven kennis van circulaire economie, duurzaamheid en innovatie, en gezondheidszorg. Moeilijke onderwerpen toegankelijk maken, daar draait het bij haar om. Ze spreekt ook vloeiend drie talen: Nederlands, Frans en Engels. 
Luister naar Lynn Wesenbeek in onze podcast Overmorgen. "
672;Maarten Boudry;Speaker;Male;Dutch, English;https://readmylips.be/sites/default/files/speakers/Profiel%20-%20Gent.jpg;"Maarten Boudry as a speaker on your event? Contact the speakers&#039; office Read My Lips!";English;"Current affairs, Science, Sustainability &amp; Climate, Society &amp; Diversity, Philosophy, Religion and Spirituality";Non-profit;Yes;"Who is Maarten Boudry?
Maarten Boudry (b.1984) is a philosopher of science and holder of the Etienne Vermeersch Chair at Ghent University. His most recent books are Eerste hulp bij pandemie (First Aid for Pandemic). Achterafklap tot Zwarte Zwaan (From Gossip to Black Swan) (2021, with Joël De Ceulaer) and Waarom de wereld niet naar de knoppen gaat (Why the World is not going to the Dogs (2019). Science Unlimited appeared in 2018. On the Challenges of Scientism, which he compiled with Massimo Pigliucci. He also regularly writes essays and opinion pieces for the following newspapers and magazines: NRC Handelsblad, De Morgen, De Standaard, Knack, Volkskrant, The Independent, Quillette. He lectures on a variety of topics, including: progress and enlightenment, critical thinking, religion and violence, global warming, free speech, pseudoscience and science denial."
672;Maarten Boudry;Speaker;Male;Dutch, English;https://readmylips.be/sites/default/files/speakers/Profiel%20-%20Gent.jpg;Maarten Boudry als spreker op jouw evenement? Neem contact op met het sprekersbureau Read My Lips!;Dutch;"De wereld vandaag, Wetenschap, Duurzaamheid &amp; klimaat, Samenleving &amp; diversiteit, Filosofie, religie &amp; spiritualiteit";Non-profit;Yes;"Wie is Maarten Boudry?
Maarten Boudry (°1984) is wetenschapsfilosoof en houder van de Leerstoel Etienne Vermeersch aan de UGent. Zijn meest recente boeken zijn Eerste hulp bij pandemie. Van Achterafklap tot Zwarte Zwaan (2021, met Joël De Ceulaer) en Waarom de wereld niet naar de knoppen gaat (2019). In 2018 verscheen Science Unlimited? On the challenges of scientism, dat hij samenstelde met Massimo Pigliucci. Daarnaast schrijft hij regelmatig essays en opiniestukken voor NRC Handelsblad, De Morgen, De Standaard, Knack, Volkskrant, The Independent, Quillette. Hij geeft lezingen over diverse onderwerpen: vooruitgang en Verlichting, kritisch denken, religie en geweld, klimaatopwarming, vrije meningsuiting, pseudowetenschap en wetenschapsontkenning."
605;Marc Buelens;Speaker;Male;Dutch, French, English;https://readmylips.be/sites/default/files/speakers/15092020_WVV_MarcBuelens_08.jpg;Marc Buelens - Speaker | Read My Lips;English;"Current affairs, Society &amp; Diversity, Management, Leadership and Senior Management, Strategy, HR &amp; Wellbeing, Corporate Culture";Non-profit;Yes;"Wie is Marc Buelens?
Marc werkte voor Brouwerijen Artois, was algemeen directeur van Vlerick Business school en was prof aan de Universiteit Gent. Hij was bij studenten en Vlerick-deelnemers bekend als een passioneel lesgever van wie je altijd een frisse kijk kon verwachten. Samen met zijn echtgenote schreef hij de bestseller ‘Beter zorgen voor jezelf’, dat al meer dan dertig herdrukken kent.  In zijn wekelijkse column in Trends richt hij zijn kritische blik op de hedendaagse economie en management.
Marc combineert op unieke wijze academische diepgang en pedagogische helderheid. Zijn mantra is nu al dertig jaar: de focus zal zowel intellectueel als didactisch zijn. Ingewikkelde dingen simpel, maar niet simplistisch, maken is zijn handelskenmerk.
Boeken schrijven is zijn hobby. Over leiderschap, onderhandelen, beslissen, maar ook een thriller en een familieroman. Hij schreef zelfs een boek over hoe je een boek moet schrijven en menige service club heeft genoten van zijn voordracht: leiderschap, een thriller.
Als spreker bestrijdt hij op alle mogelijke manieren het Acapulco-syndroom, dat is het moment waarop de toehoorders de palmbomen van Acapulco zien wuiven, dwars door de spreker heen. Ongewone oefeningen, bizarre tegenvoorbeelden, verrassend eenvoudige modellen, afgewisseld met de allernieuwste academische inzichten, frisse on-liners, kortom je krijgt alles op je bord wat een zware materie licht verteerbaar maakt."
605;Marc Buelens;Speaker;Male;Dutch, French, English;https://readmylips.be/sites/default/files/speakers/15092020_WVV_MarcBuelens_08.jpg;Marc Buelens als spreker op jouw evenement? Neem vrijblijvend contact op met sprekersbureau Read My Lips.;French;Le monde actuel, Société et diversité, Management, Leadership et top managers, Stratégie, RH et bien-être, Culture d’entreprise;Non-profit;Yes;"Qui est Marc Buelens ?
Marc a travaillé pour Brouwerijen Artois, a été directeur général de la Vlerick Business School et a enseigné à l'université de Gand. Les étudiants et les participants de la Vlerick le connaissaient comme un professeur passionné dont on pouvait toujours attendre une nouvelle perspective. Avec son épouse, il a écrit le best-seller ""Prendre mieux soin de soi"", qui a déjà fait l'objet de plus de trente réimpressions.  Dans sa chronique hebdomadaire dans Trends, il porte un regard critique sur l'économie et la gestion contemporaines.
Marc combine de manière unique la profondeur académique et la clarté pédagogique. Depuis trente ans, son mantra est le suivant : l'accent sera mis à la fois sur l'aspect intellectuel et sur l'aspect didactique. Rendre les choses compliquées simples, mais pas simplistes, est sa marque de fabrique.
Écrire des livres est son hobby. Sur le leadership, la négociation, la prise de décision, ainsi qu'un thriller et un roman familial. Il a même écrit un livre sur la manière d'écrire un livre et de nombreux clubs philanthropiques ont apprécié sa conférence : leadership, a thriller.
En tant qu'orateur, il combat le syndrome d'Acapulco de toutes les manières possibles, c'est-à-dire le moment où le public voit les palmiers d'Acapulco s'agiter au travers de l'orateur. Des exercices inhabituels, des contre-exemples bizarres, des modèles étonnamment simples, entrecoupés des toutes dernières connaissances académiques, des répliques fraîches, bref, vous avez tout ce qu'il faut dans votre assiette pour rendre un sujet lourd facilement digestible."
605;Marc Buelens;Speaker;Male;Dutch, French, English;https://readmylips.be/sites/default/files/speakers/15092020_WVV_MarcBuelens_08.jpg;Marc Buelens als spreker op jouw evenement? Neem vrijblijvend contact op met sprekersbureau Read My Lips.;Dutch;"De wereld vandaag, Samenleving &amp; diversiteit, Management, Leiderschap &amp; topmanagers, Strategie, HR &amp; wellbeing, Bedrijfscultuur";Non-profit;Yes;"Wie is Marc Buelens?
Marc werkte voor Brouwerijen Artois, was algemeen directeur van Vlerick Business school en was prof aan de Universiteit Gent. Hij was bij studenten en Vlerick-deelnemers bekend als een passioneel lesgever van wie je altijd een frisse kijk kon verwachten. Samen met zijn echtgenote schreef hij de bestseller ‘Beter zorgen voor jezelf’, dat al meer dan dertig herdrukken kent.  In zijn wekelijkse column in Trends richt hij zijn kritische blik op de hedendaagse economie en management.
Marc combineert op unieke wijze academische diepgang en pedagogische helderheid. Zijn mantra is nu al dertig jaar: de focus zal zowel intellectueel als didactisch zijn. Ingewikkelde dingen simpel, maar niet simplistisch, maken is zijn handelskenmerk.
Boeken schrijven is zijn hobby. Over leiderschap, onderhandelen, beslissen, maar ook een thriller en een familieroman. Hij schreef zelfs een boek over hoe je een boek moet schrijven en menige service club heeft genoten van zijn voordracht: leiderschap, een thriller.
Als spreker bestrijdt hij op alle mogelijke manieren het Acapulco-syndroom, dat is het moment waarop de toehoorders de palmbomen van Acapulco zien wuiven, dwars door de spreker heen. Ongewone oefeningen, bizarre tegenvoorbeelden, verrassend eenvoudige modellen, afgewisseld met de allernieuwste academische inzichten, frisse on-liners, kortom je krijgt alles op je bord wat een zware materie licht verteerbaar maakt.
 
Luister naar Marc Buelens in onze podcast Overmorgen. "
1113;Marc De Bel;Speaker;Male;Dutch;https://readmylips.be/sites/default/files/speakers/526233_682_Foto%20Marc%20de%20Bel%20met%20boek%20in%20handen-zw-small.jpg;Marc De Bel als spreker of moderator op jouw evenement? Neem vrijblijvend contact op met sprekersbureau Read My Lips voor meer informatie.;Dutch;"Media &amp; cultuur, Kunst &amp; cultuur";;Yes;"Wisselde in 1994, na twintig jaar lesgeven, zijn bordkrijt voor zijn pen en potlood en vult zijn dagen met schrijven, vertellen, voetballen en in zijn tuin wroeten. Is de zoon van een timmerman. Zijn moeder heette Maria. Is geboren op een boogscheut van Nazareth. Hij trekt rond om te vertellen, waarbij hij de kinderen tot zich laat komen en heeft het steevast aan de stok met schriftgeleerden en farizeeërs.
Marc de Bel is een van de bekendste Belgische auteurs van kinderboeken. Hij debuteerde in 1986 met ‘Het ei van oom Trotter’. Zijn uitgebreid oeuvre van meer dan 150 boeken bevat bestsellers als ‘De wraak van ridder Piepus’, ‘Nelle, de heks van Cruysem’, ‘De beha-boomhut’, ‘De zusjes Kriegel’, de ‘Blinker’-verhalen, ‘De Katten van Kruisem’, ‘Het grote Boeboeksgroeiboek’ en ‘Spikkel en Spekkie’. Zijn boeken mochten al meerdere bijzondere prijzen ontvangen. 

          
  












    

  


  
  
      

      Offerte aanvragen?"
771;Marc Herremans;Speaker;Male;Dutch, English;https://readmylips.be/sites/default/files/speakers/Marc%20Herremans%20%284%29.jpg;"Marc Herremans as a speaker on your event? Contact the speakers&#039; office Read My Lips for more information!";English;"Current affairs, Science, Society &amp; Diversity, Philosophy, Religion and Spirituality, Entertainment, Sport, Management, Leadership and Senior Management, Enterprise, Strategy, HR &amp; Wellbeing, Corporate Culture, Work/Life Balance";;Yes;"Who is Marc Herremans?
Marc Herremans is one of Belgium’s best-known triathletes. Before his sports career, he was a construction worker, paratrooper and volunteer fireman. In all this, he had experiences which he still considers to be his biggest life lessons.
After twice finishing in 8th place in the World Championships full-distance triathlon, he finished sixth in the Hawaii Ironman (best newcomer). He suffered a fall in 2002 while training on his bike. As a result, Marc was left completely paralysed from his chest to his legs. He carried on with his top sports career and finished in 3rd, 3rd, 2nd and 1st place as a wheelchair athlete one year later at the Hawaii Ironman. In 2007, he was the first wheelchair athlete who was able to complete the demanding Crocodile Trophy in Australia. He was knighted by the King, was Sports Personality of the Year in 2002 and Triathlete of the Year in 2006.
Marc set up the To Walk Again Foundation in 2003, supporting disabled people in sport and rehabilitation. Finally, he began in 2008 to train athletes, resulting in numerous national, European and world titles since then. Over the years, his most cherished dreams came true: the birth of his three children in 2012, 2016 and 2018.
 "
771;Marc Herremans;Speaker;Male;Dutch, English;https://readmylips.be/sites/default/files/speakers/Marc%20Herremans%20%284%29.jpg;Marc Herremans als spreker op jouw evenement? Neem vrijblijvend contact op met sprekersbureau Read My Lips voor meer informatie.;Dutch;"De wereld vandaag, Wetenschap, Samenleving &amp; diversiteit, Filosofie, religie &amp; spiritualiteit, Entertainment, Sport, Management, Leiderschap &amp; topmanagers, Ondernemen, Strategie, HR &amp; wellbeing, Bedrijfscultuur, Balans werk/leven";;Yes;"Wie is Marc Herremans?
Marc Herremans is één van de bekendste triatleten van België. Vóór zijn sportloopbaan was hij actief als bouwvakker, paracommando en vrijwillig brandweerman. Hierbij deed hij ervaringen op die hij tot op de dag van vandaag nog steeds beschouwt als zijn grootste levensschool.
Na tweemaal een achtste plaats op het WK volledige afstand triatlon, werd Marc zesde in de Ironman van Hawaii (beste nieuwkomer). In 2002 viel hij tijdens een training met zijn fiets. Hierdoor raakte Marc volledig verlamd van borst tot benen. Hij ging door met zijn topsportcarrière en kwam één jaar later als rolstoelatleet terug op de Ironman Hawaii met een 3e, 3e, 2e en 1e plaats als resultaat. In 2007 was hij de eerste rolstoelatleet die de loodzware Crocodile Trophy in Australië kon finishen. Vervolgens werd hij geridderd door de Koning, Sportpersoonlijkheid van het Jaar 2002 en Triathlete off the Year 2006.
Marc richtte in 2003 de organisatie To Walk Again Foundation op, waar hij andersvalide mensen steunt bij sport en revalidatie.  Tot slot begon hij in 2008 met het trainen van atleten, met als resultaat doorheen de jaren tal van nationale titels, Europese titel en Wereldtitels. Doorheen de jaren kwamen zijn drie mooiste dromen uit: de geboorte van zijn drie kinderen in 2012, 2016 en 2018.
 "
322;Marc Luyckx;Speaker;Male;Dutch, French, English;https://readmylips.be/sites/default/files/speakers/Luyckx_Marc_200124_1.jpg;Who is Marc Luyckx?;English;"Current affairs, Politics &amp; Government, Economics, Technology &amp; innovation, Innovation &amp; Trends, Creativity";;No;"Who is Marc Luyckx?
Marc is already on his third life. He was initially a priest, became a political thinker for the Futurology team at the European Commission and then a founder of new e-management schools. He speaks a whole range of languages. He specialises in many fields, including the transition to a new immaterial economy in which humans play a central role. Three forces: spiritual, political and economic, which are all strongly connected. The ultimate goal: to achieve enlightenment.
Marc is one of the leading futurologists on the planet. He hopes to find a sense of purpose for this new world.  And to top things off, it is worth mentioning that he is an exceptional speaker. You will not quickly forget this cheerful man with his mischievous tone. Prepare to be inspired!"
322;Marc Luyckx;Speaker;Male;Dutch, French, English;https://readmylips.be/sites/default/files/speakers/Luyckx_Marc_200124_1.jpg;Wie is Marc Luyckx?;Dutch;"De wereld vandaag, Politiek &amp; overheid, Economie, Technologie &amp; innovatie, Innovatie &amp; trends, Creativiteit";;No;"Wie is Marc Luyckx?
Marc is al aan zijn derde leven toe. Eerst was hij priester, daarna politiek denker binnen de Cel van Toekomstleer van de Europese Commissie en daarna schepper van nieuwe e-managementscholen. Hij praat een hele resem talen. Op zijn palmares staan duizenden geschriften waaronder een over de overgang naar een nieuwe immateriële economie waarin de mens een centrale rol speelt. Drie krachten: spirituele, politieke en economische, die uiteindelijk sterk met elkaar verbonden zijn. Zijn ultieme doel: de wijsheid bereiken.
Met Marc hebben we een van de grootste futurologen ter wereld in ons midden. Hij verlangt ernaar om een zin voor deze nieuwe wereld te vinden. En om het allemaal mooi af te maken, moet gezegd worden dat hij een buitengewoon spreker is. Je zult deze vrolijke man met zijn schalkse toon niet snel vergeten. Laat je inspireren!"
738;Marc Noppen;Speaker, Moderator;Male;Dutch, French, English;https://readmylips.be/sites/default/files/speakers/Marc%20Noppen%20%282%29.jpg;"Marc Noppen as a speaker or moderator on your event? Contact speakers&#039; office Read My Lips for more information.";English;"Current affairs, Science, Management, Leadership and Senior Management, Enterprise, Strategy, CSR (Corporate Social Responsibility), HR &amp; Wellbeing, Corporate Culture, Technology &amp; innovation, Innovation &amp; Trends, ICT &amp; Technology, Creativity";Non-profit;Yes;"Who is Marc Noppen?
Marc Noppen is a lung specialist and Professor at VUB. He graduated in Pharmo-economics (University of Antwerp) and Strategic Management and Governance (INSEAD). Lectures also at the Vlerick Business School. 20 years of clinical-academic experience combined with 15 years as CEO of the large university hospital UZ Brussels.
Special interests in (link between) medicine and (hospital) management and healthcare in general, strategic management, ICT and innovation, and sustainable enterprise. Also concerned with efficient management both during ‘peace time’ and during crises as head of a Flemish medical and university institution in the Brussels-Capital Region, financed by both Federal and Flemish money…. thus becoming a proponent of efficient and effective management. Finally, likes to reflect on medicine and hospitals of the future, art and medicine, and the patient experience.
 "
738;Marc Noppen;Speaker, Moderator;Male;Dutch, French, English;https://readmylips.be/sites/default/files/speakers/Marc%20Noppen%20%282%29.jpg;Marc Noppen comme orateur ou modérateur à votre évènement ? Contactez Read My Lips, notre bureau d’orateurs spécialisés !;French;Le monde actuel, Sciences, Management, Leadership et top managers, Entreprendre, Stratégie, RSE (responsabilité sociétale des entreprises), RH et bien-être, Culture d’entreprise, Technologie et innovation, Innovation et tendances, TIC et technologie, Créativité;Non-profit;Yes;"Qui est Marc Noppen ?
Marc Noppen est pneumologue (MD) et professeur (PhD) à la VUB. Il est titulaire d’un diplôme en pharmacoéconomie (UA) et en gestion stratégique et gouvernance (INSEAD). Il enseigne aussi à la Vlerick Business School et a 20 ans d’expérience en clinique universitaire, combinés à 15 ans en tant que CEO d’un grand hôpital universitaire, l’UZ Brussel.
Il a un intérêt particulier pour (le lien entre) la médecine et la gestion (hospitalière) et pour les soins de santé en général, la gestion stratégique, les TIC et l’innovation, ainsi que pour l’entrepreneuriat durable. Il veille à une gestion efficace, en « temps de paix » et en temps de crise, en tant que responsable d’une institution médicale et universitaire flamande située en Région de Bruxelles-Capitale et financée par des fonds tant fédéraux que flamands. Il est de ce fait (devenu) partisan d’une gestion efficace et efficiente. Enfin, il aime réfléchir à la médecine et à l’hôpital de demain, à l’art et la médecine, ainsi qu’à l’expérience du patient.
 "
738;Marc Noppen;Speaker, Moderator;Male;Dutch, French, English;https://readmylips.be/sites/default/files/speakers/Marc%20Noppen%20%282%29.jpg;Marc Noppen als spreker of moderator op jouw evenement? Neem vrijblijvend contact op met sprekersbureau Read My Lips voor meer informatie.;Dutch;"De wereld vandaag, Wetenschap, Management, Leiderschap &amp; topmanagers, Ondernemen, Strategie, MVO (Maatschappelijk verantwoord ondernemen), HR &amp; wellbeing, Bedrijfscultuur, Technologie &amp; innovatie, Innovatie &amp; trends, ICT &amp; technologie, Creativiteit";Non-profit;Yes;"Wie is Marc Noppen?
Marc Noppen is longarts (MD) en professor (PhD) aan de VUB. Hij behaalde een diploma in Farmaco-economie (UA) en Strategisch Management en Governance (INSEAD). Hij doceert ook aan Vlerick business school. Marc Noppen heeft 20 jaar klinisch-academische ervaring, gecombineerd met 15 jaar CEO-schap van een groot universitair ziekenhuis UZ Brussel.
Bijzondere interesses in (de link tussen) geneeskunde en (ziekenhuis)management en in gezondheidszorg in het algemeen, in strategisch management, in ICT en innovatie, en in duurzaam ondernemen. Daarnaast is hij bezorgd over efficiënt bestuur, in “vredestijd” en tijdens crisissen, als verantwoordelijke van een Vlaamse medische en universitaire instelling die gelegen is in het Brussels Hoofdstedelijk Gewest en gefinancierd wordt met zowel Federaal als Vlaams geld… Daardoor is hij voorstander (geworden) van efficiënt en doelmatig bestuur. Tot slot denkt hij graag na over geneeskunde en ziekenhuizen van de toekomst, kunst en geneeskunde, en patient experience.
 "
694;Marc Van Ranst;Speaker;Male;Dutch, English;https://readmylips.be/sites/default/files/speakers/Marc%20Van%20Ranst%20new%20DEF%2043856.jpg;"Marc Van Ranst as a spreker on your event? Contact speakers&#039; office Read My Lips!";English;"Current affairs, Science, Society &amp; Diversity, History";Non-profit;Yes;"Who is Marc Van Ranst?
Prof. dr. Marc Van Ranst studied medicine at the former Limburg University Center - now UHasselt - and at KU Leuven. After graduating in medicine, he studied and worked at the Albert Einstein College of Medicine in New York and obtained a doctorate in virology (1994) and in clinical biology (1998). He took on the role of crisis manager (in his capacity as inter-ministerial commissioner) during the Mexican swine flu pandemic in 2009. He also advised politicians in the fight against the corona pandemic in 2020/21. Marc has become a much sought-after media guest and a ‘celebrity’ virologist. He was awarded the Career Prize for Scientific Communication from the Royal Flemish Academy of Belgium in 2020. "
694;Marc Van Ranst;Speaker;Male;Dutch, English;https://readmylips.be/sites/default/files/speakers/Marc%20Van%20Ranst%20new%20DEF%2043856.jpg;Marc Van Ranst als spreker op jouw evenement? Contacteer vrijblijvend sprekersbureau Read My Lips voor meer informatie!;Dutch;"De wereld vandaag, Wetenschap, Samenleving &amp; diversiteit, Geschiedenis";Non-profit;Yes;"Wie is Marc Van Ranst?
Prof. dr. Marc Van Ranst studeerde geneeskunde aan het voormalige Limburgs Universitair Centrum - nu UHasselt - en aan de KU Leuven. Na zijn studie geneeskunde studeerde en werkte hij aan het Albert Einstein College of Medicine in New York. Hij promoveerde in de virologie (1994) en in de klinische biologie (1998). In 2009 was hij als interministerieel commissaris de crisismanager tijdens de Mexicaanse griep. Ook in 2020/21 adviseerde hij mee de politici in de bestrijding van de pandemie. Hij is in de media een veelgevraagde gast en werd zo een BV: “bekende viroloog”. In 2020 kreeg hij de Loopbaanprijs Wetenschapscommunicatie van de Koninklijke Vlaamse Academie van België.
 
Luister naar Marc Van Ranst in onze podcast Overmorgen. "
1076;Mariam Harutyunyan;Speaker;Female;Dutch, English;https://readmylips.be/sites/default/files/speakers/Mariam345_zw.png;Mariam Harutyunyan als spreker op jouw evenement? Neem vrijblijvend contact op met sprekersbureau Read My Lips voor meer informatie.;English;"Inclusie, Current affairs, Society &amp; Diversity, Management, Strategy, HR &amp; Wellbeing, Corporate Culture";;Yes;"Who is Mariam Harutyunyan?
Mariam Harutyunyan is a driven individual with a master's degree in Biomedical Sciences and a passion for empowering women and promoting diversity, equity and inclusion (DEI). In 2018, she founded KinArmat, a company dedicated to empowering women and promoting gender equality. With a passion for societal challenges, Mariam went on to create '360 Lens on DEI', a consultancy firm that helps companies achieve their DEI goals through advisory services, workshops, keynotes and more. As an expert in this field, she frequently shares her insights and experiences as a keynote speaker. She is also the executive director of A Seat At The Table, a non profit organization that champions DEI initiatives and builds a bridge between young diverse talents and the corporate world. Mariam’s work and contributions have not gone unnoticed. In 2021, she was selected as one of Belgium's 40 under 40 societal leaders, a recognition of her impact on society and her commitment to making a positive difference. Her work has also earned her a fellowship at the Salzburg Global Seminar, a prestigious program that brings together leaders from around the world to address global challenges. In addition to her entrepreneurial and DEI efforts, Mariam is a member of the IOM Diaspora Advisory Board of UN Migration, further demonstrating her commitment to using her platform to create positive change. As part of the founding team of the Global Shapers Antwerp Hub, an initiative of the World Economic Forum, she wants to create opportunities with a focus on digital skills. Mariam's dedication to empowering women and promoting DEI has made her a powerful voice in her community and beyond. Her work serves as an inspiration to those seeking to make a difference and create a more inclusive world for all."
1076;Mariam Harutyunyan;Speaker;Female;Dutch, English;https://readmylips.be/sites/default/files/speakers/Mariam345_zw.png;Mariam Harutyunyan als spreker op jouw evenement? Neem vrijblijvend contact op met sprekersbureau Read My Lips voor meer informatie.;Dutch;"Inclusie, De wereld vandaag, Samenleving &amp; diversiteit, Management, Strategie, HR &amp; wellbeing, Bedrijfscultuur";;Yes;"Wie is Mariam Harutyunyan?
Mariam Harutyunyan is een gedreven persoon met een master in biomedische wetenschappen en een passie voor het empoweren van vrouwen en het bevorderen van diversiteit, gelijkheid en inclusie (DEI). In 2018 richtte ze KinArmat op, een bedrijf dat zich toelegt op het empoweren van vrouwen en het bevorderen van gendergelijkheid. Met een passie voor maatschappelijke uitdagingen richtte Mariam vervolgens '360 Lens on DEI' op, een adviesbureau dat bedrijven helpt hun DEI-doelstellingen te bereiken met behulp van adviesverlening, workshops, keynotes en meer. Als experte in dit domein deelt zij haar inzichten en ervaringen regelmatig als keynote speaker. Zij is ook de uitvoerend directeur van A Seat At The Table, een non-profitorganisatie die zich inzet voor DEI-initiatieven en een brug slaat tussen jong divers talent en het bedrijfsleven. Mariam’s werk en bijdragen zijn niet onopgemerkt gebleven. In 2021 werd ze geselecteerd als een van de 40 maatschappelijke leiders van België jonger dan 40, een erkenning van haar impact op de samenleving en haar inzet om een positief verschil te maken. Haar werk heeft haar ook een beurs opgeleverd voor het Salzburg Global Seminar, een prestigieus programma dat leiders uit de hele wereld samenbrengt om wereldwijde uitdagingen aan te pakken. Naast haar inspanningen als ondernemer en op het vlak van DEI, is Mariam lid van de IOM Diaspora Adviesraad van VN Migratie, waaruit verder blijkt dat ze zich engageert voor het gebruik van haar platform om positieve verandering te creëren. Als lid van het oprichtersteam van de Global Shapers Antwerp Hub, een initiatief van het World Economic Forum, wil ze opportuniteiten creëren met een focus op digitale vaardigheden. Mariam’s toewijding met betrekking tot het empoweren van vrouwen en het bevorderen van DEI heeft haar tot een krachtige stem gemaakt in haar gemeenschap en daarbuiten. Haar werk dient als inspiratie voor iedereen die een verschil wil maken en een meer inclusieve wereld voor iedereen wil creëren."
329;Marie-Paule Meert;Speaker;Female;Dutch, French, English;https://readmylips.be/sites/default/files/speakers/Meert_Marie-Paule_200128_1zw.jpg;Who is Marie-Paule Meert?;English;"Current affairs, Science, Politics &amp; Government, Safety, Society &amp; Diversity";;No;"Who is Marie-Paule Meert?
Marie-Paule is passionate about politics. She appeared on the scene when she was 23 years old and hung around for 20 years. She is in touch with the heart of our democracy: parliament, ministerial departments as well as the press and information channels. In 1997, she and her team launched a communication agency called Akkanto and became a specialist in public affairs.
In 2008, Marie-Paule Meert had to confront breast cancer; a terrible ordeal which only made her stronger. This experience had an inspirational effect and she published a book of her account: Als je genezen bent, staan we samen op de Empire State Building (When you are better, join me on top of the Empire State Building).
Her political career, her track record as businesswoman and her battle against illness have given Marie-Paule Meert an amazingly strong character. She is a woman with her feet firmly on the ground and is strong and convincing in debates on the hottest issues of the day."
329;Marie-Paule Meert;Speaker;Female;Dutch, French, English;https://readmylips.be/sites/default/files/speakers/Meert_Marie-Paule_200128_1zw.jpg;Wie is Marie-Paule Meert?;Dutch;"De wereld vandaag, Wetenschap, Politiek &amp; overheid, Veiligheid, Samenleving &amp; diversiteit";;No;"Wie is Marie-Paule Meert
Marie-Paule is gepassioneerd door politiek. Op 23 jaar doet ze haar intrede om er meer dan 20 jaar te blijven hangen. Ze staat in contact met het hart van de democratie: het parlement, de ministeriële kabinetten, de informatie- en perskanalen. In 1997 lanceert ze met haar team het communicatieagentschap Akkanto en wordt specialiste in openbare aangelegenheden.
In 2008 biedt Marie-Paule Meert het hoofd aan borstkanker. Een vreselijke beproeving waar ze sterker uitkomt. Haar belevenis werkt inspirerend en ze publiceert een boek van haar getuigenis: Als je genezen bent, staan we samen op de Empire State Building.
Door haar politieke carrière, haar loopbaan als zakenvrouw en de bestrijding van haar ziekte, geeft Marie-Paule Meert blijk van een indrukwekkend sterk karakter. Deze vrouw die in de realiteit staat, voert debatten over brandend actuele thema’s met kracht en overtuiging."
984;Mark Coenen;Speaker, Moderator;Male;Dutch, English;https://readmylips.be/sites/default/files/speakers/Markcoenen2.jpg;"Mark Coenen as a speaker or moderator on your event? Contact the speakers&#039; office Read My Lips!";English;"Current affairs, Media &amp; culture, Media, Entertainment";;Yes;"Who is Mark Coenen?
4 children, 1 grandchild, 1 wife. Likes cycling, Italy, Jeroen Brouwers and FC Barcelona, although not necessarily in that order. 33 years of operational and management experience in broadcasting (TV, radio, digital, print), strategy and change management. Producer of many programmes: The Palace of Lies (Peeters/Matthysen), Studio Kafka, Hang the DJ (de Dewaele Broeders), Collage (Luc De Vos/Frank Vanderlinden...). Was involved in Studio Brussels, Donna and Canvas. Has been on his own professional feet since May 2014, something he really enjoys. Since then, works for many, but not for everyone. Is a columnist at De Morgen and writes for Humo. Writes books: “Italy for Idiots” (about the adventures of buying his house in Italy) and “All men are simpletons” (about men and simpletons). Is an advisor for production houses, publishers and broadcasters. Goes to pick up his granddaughter from nursery every Thursday."
984;Mark Coenen;Speaker, Moderator;Male;Dutch, English;https://readmylips.be/sites/default/files/speakers/Markcoenen2.jpg;Mark Coenen als spreker of moderator op jouw evenement? Neem vrijblijvend contact op met sprekersbureau Read My Lips!;Dutch;"De wereld vandaag, Media &amp; cultuur, Media, Entertainment";;Yes;"Wie is Mark Coenen?
4 kinderen, 1 kleinkind, 1 vrouw. Houdt van fietsen, Italië, Jeroen Brouwers en FC Barcelona, zij het niet noodzakelijk in die volgorde. 33 jaar operationele en managementervaring in broadcasting (tv, radio, digitaal, print), strategie en change management. Producer van tal van programma's: Het Leugenpaleis (Peeters/Matthysen), Studio Kafka, Hang the dj (de Dewaele Broeders), Collage (Luc De Vos/Frank Vanderlinden...). Had een vinger in de pap bij Studio Brussel, Donna en Canvas. Staat sinds mei 2014 op eigen professionele benen, iets wat hem zeer bevalt. Werkt sindsdien voor velen, maar niet iedereen. Is columnist bij De Morgen en schrijft voor Humo Schrijft boeken: Italië voor Idioten (over de avonturen bij de aanschaf van zijn huis in Italië) en Alle mannen zijn onnozelaars (over mannen en onnozelaars) Is adviseur voor productiehuizen, uitgeverijen en zenders. Gaat elke donderdag zijn kleindochter van de crèche halen."
848;Mark De Backer;Speaker;Male;Dutch, English;https://readmylips.be/sites/default/files/speakers/portretfoto%20Mark%20DB%20%281%29.jpg;Mark De Backer als spreker op jouw evenement? Neem vrijblijvend contact op met Read My Lips voor meer informatie.;English;"Entertainment, Leisure, Management, Leadership and Senior Management, HR &amp; Wellbeing, Corporate Culture";;Yes;"Who is Mark De Backer?
Mark De Backer is a Sommelier-Conseil; he lectures and writes about grapes and wine. With more than 20 years of experience, today he willingly shares his expertise and passion via AmpeloPlus. Ampelo is the Greek word for grape, and Plus stands for everything that has to do grapes; ampelography, geology, wine making and, of course, wine tasting. 
He had previously established a very diverse career in the ICT sector: manager at a distribution company, marketing and sales manager in Belgium and international business development manager at one of the largest ICT companies in the world. Today, he is an independent consultant and is active as crowd-funding angel, mentor and director. This core activities include performing market analyses, segmenting customers or developing business plans.
He completed his studies as Sommelier Conseil at the Université du Vin in Suze la Rousse. He was a lecturer at the Vlaamse Wijnacademie and, as IBWE International Wine Educator, helped to set up the Bordeaux training courses at Syntra.
He writes as wine journalist for i.e. Ken Wijn and is a wine blogger. Besides being a wine master in a commandery of the Flemish Wine Guild, he is also a jury member of the renowned Concours Mondial de Bruxelles.
In addition to a strong interest in the lesser-known grape varieties, he is also passionate about mineral terroirs. Or how the geology and location of the vineyard influence the winemaker and ultimately the wine.  As a true citizen of the world, he has criss-crossed and visited numerous wine regions and countries.  
 "
848;Mark De Backer;Speaker;Male;Dutch, English;https://readmylips.be/sites/default/files/speakers/portretfoto%20Mark%20DB%20%281%29.jpg;Mark De Backer als spreker op jouw evenement? Neem vrijblijvend contact op met Read My Lips voor meer informatie.;Dutch;"Entertainment, Vrije tijd, Management, Leiderschap &amp; topmanagers, HR &amp; wellbeing, Bedrijfscultuur";;Yes;"Wie is Mark De Backer?
Mark De Backer is Sommelier-Conseil, hij doceert en schrijft over druiven en wijn. Na meer dan 20 jaar ervaring deelt hij via AmpeloPlus vandaag graag zijn expertise en passie. Ampelo, het Griekse woord voor druif, en Plus staat voor alles wat te maken heeft met die druif. Ampelografie, geologie, wijn maken en uiteraard wijn proeven. 
Voordien had hij een zeer verscheiden carrière opgebouwd in de ICT-sector: manager in een distributiebedrijf, marketing en sales manager in België en internationaal business development manager bij één van de grootste ICT-bedrijven ter wereld. Vandaag is hij zelfstandig adviseur en actief als crowd funding angel, mentor en bestuurder. Marktanalyses maken, klanten segmenteren of businessplannen uitwerken maken deel uit van zijn kernactiviteiten.
Zijn opleiding Sommelier-Conseil voltooide hij aan de Université du Vin in Suze la Rousse. Hij was docent aan de Vlaamse Wijnacademie en stond als IBWE International Bordeaux Wine Educator aan de wieg van de opleidingen Bordeaux bij Syntra.
Hij schrijft als wijnjournalist voor o.a. Ken Wijn en is wijnblogger. Naast wijnmeester in een commanderij van de Vlaamse Wijngilde is hij ook jurylid op de gerenommeerde Concours Mondial de Bruxelles.
Naast een sterke interesse in de minder gekende druivenrassen is hij ook gepassioneerd door minerale terroirs. Of hoe geologie en ligging van de wijngaard een invloed hebben op de wijnmaker en finaal op de wijn. Als echte wereldburger heeft hij tal van wijnregio’s en -landen doorkruist en bezocht.  
 "
262;Martine Maelschalck;Moderator;Female;Dutch, French;https://readmylips.be/sites/default/files/speakers/Maelschalck_Martine_200124_1.jpg;Who is Martine Maelschalck?;English;"Current affairs, Media &amp; culture";;No;"Who is Martine Maelschalck?
Martine was chief editor at l’Echo and has an impressive background in journalism. She has closely followed so many events - from the saga at the Generale Maatschappij van België (bank) to the Fortis affair. Furthermore, Martine is perfectly placed to talk about current topics in the press. She is also the perfect moderator for any debate on economics."
262;Martine Maelschalck;Moderator;Female;Dutch, French;https://readmylips.be/sites/default/files/speakers/Maelschalck_Martine_200124_1.jpg;Martine Maelschalck als moderator op jouw evenement? Neem vrijblijvend contact op met sprekersbureau Read My Lips voor meer informatie!;Dutch;"De wereld vandaag, Media &amp; cultuur";;No;"Wie is Martine Maelschalck?
Martine was hoofredactrice van l’Echo en heeft een indrukwekkende journalistieke achtergrond. Van de saga van de Generale Maatschappij van België tot de Fortis-affaire, ze volgde het allemaal op de voet. Bovendien kent Martine als geen ander de actuele vraagstukken van de dagbladpers. Ze is ook de perfecte moderator voor alle debatten over economische onderwerpen."
1258;Martine Prenen;Speaker, Moderator;Female;Dutch;https://readmylips.be/sites/default/files/speakers/Foto%20niet%20beschikbaar%20%281%29_1.png;"Martine Prenen as a speaker or moderator at your event? Feel free to contact speakers&#039; office Read My Lips for more information.";English;Healthcare, Change, Work/Life Balance;;Yes;"Who is Martine Prenen?
Martine Prenen is a Belgian presenter, writer and happiness coach. She has published several books on self-care. Her latest book Restart was published in June 2022. Martine has her own podcast 'Mar10' in which she discusses various health topics with experts by experience.

          
  












    

  


  
  
      

      Request your offer"
1258;Martine Prenen;Speaker, Moderator;Female;Dutch;https://readmylips.be/sites/default/files/speakers/Foto%20niet%20beschikbaar%20%281%29_1.png;"Martine Prenen comme conférencière ou modératrice lors de votre événement ? N&#039;hésitez pas à contacter le bureau de conférenciers Read My Lips pour plus d&#039;inform";French;Healthcare, Change, Équilibre travail/vie privée;;Yes;"Qui est Martine Prenen ?
Martine Prenen est une présentatrice belge, écrivain et coach en bonheur. Elle a publié plusieurs livres sur le soin de soi. Son dernier livre, Restart, a été publié en juin 2022. Martine a son propre podcast ""Mar10"" dans lequel elle discute de divers sujets de santé avec des experts par expérience.

          
  












    

  


  
  
      

      Demander votre offre"
1258;Martine Prenen;Speaker, Moderator;Female;Dutch;https://readmylips.be/sites/default/files/speakers/Foto%20niet%20beschikbaar%20%281%29_1.png;Martine Prenen als spreker of moderator op jouw evenement? Neem vrijblijvend contact op met sprekersbureau Read My Lips voor meer informatie.;Dutch;Healthcare, Change, Balans werk/leven;;Yes;"Wie is Martine Prenen?
Martine Prenen is een Belgische presentatrice, schrijfster en happiness coach. Ze bracht verschillende boeken uit rond zelfzorg, zoals Menopower, ’t Zijn de hormonen!, Forever young, Me-time en Be-time. Haar nieuwste boek Restart verscheen in juni 2022. Martine heeft haar eigen podcast ‘Mar10’ waarin ze verschillende gezondheidsthema’s bespreekt met ervaringsdeskundigen.
Beluister de podcast van Martine.

          
  












    

  


  
  
      

      Vraag je offerte aan"
1068;Matthias Browaeys;Speaker, Moderator;Male;Dutch;https://readmylips.be/sites/default/files/speakers/Matthias%20Browaeys_close%20shot_staand_ZW.jpg;Matthias Browaeys als spreker of moderator op jouw evenement? Neem vrijblijvend contact op met sprekersbureau Read My Lips voor meer informatie.;Dutch;"Economie, Management, Leiderschap &amp; topmanagers, Ondernemen, Strategie, MVO (Maatschappelijk verantwoord ondernemen)";;Yes;Matthias Browaeys richtte in 2016 WinWinner op, een crowdlendingplatform dat ondernemers met groeiambities in contact brengt met potentiële investeerders. Meer dan 400 ondernemingen werden op die manier geholpen in hun zoektocht naar financiering voor meer dan 50 miljoen euro. Matthias is ook gekend van verschillende mediaformats: jonge wolven (VTM 2) - Goe Bezig (Kanaal Z) - De Kortste Ondernemers Podcast (Spotify). 
611;Michaël Sels;Speaker;Male;Dutch, English;https://readmylips.be/sites/default/files/speakers/sels3.jpg;Michaël Sels - Speaker| Read My Lips;English;"Entertainment, Leisure, HR &amp; Wellbeing, Corporate Culture, Work/Life Balance";Non-profit;Yes;"Who is Michaël Sels?
Michaël Sels is a dietician, author of the culinary bestseller Lekker Lang Leven (‘enjoy long life’), a chef and a regular columnist for Het Nieuwsblad. He is chief dietician at Antwerp University Hospital. Besides providing complex nutritional care, an important aspect of his job involves sharing his knowledge and experience. He is passionate and enthusiastic and can inspire others with firsthand stories about the most surprising experiences. "
611;Michaël Sels;Speaker;Male;Dutch, English;https://readmylips.be/sites/default/files/speakers/sels3.jpg;Michaël Sels als spreker op jouw evenement? Neem vrijblijvend contact op met sprekersbureau Read My Lips.;Dutch;"Entertainment, Vrije tijd, HR &amp; wellbeing, Bedrijfscultuur, Balans werk/leven";Non-profit;Yes;"Wie is Michaël Sels?
Michaël Sels is diëtist, auteur van de culinaire bestseller Lekker Lang Leven, chef-kok en vaste columnist voor Het Nieuwsblad. Hij is als hoofddiëtist verbonden aan het Universitair Ziekenhuis Antwerpen. Naast complexe nutritionele zorg is het delen van kennis en ervaring een belangrijk aspect van zijn opdracht. Vol passie en enthousiasme kan hij anderen inspireren met persoonlijke verhalen vol verrassende ervaringen uit de eerste hand. 
 
Luister naar Michaël Sels in onze podcast Overmorgen. "
800;Michaël Van Droogenbroeck;Moderator;Male;Dutch, English;https://readmylips.be/sites/default/files/speakers/MVD%201.jpg;"Michaël Van Droogenbroeck as a speaker on your event? Contact the speakers&#039; office Read My Lips for more information.";English;Current affairs, Economics, Management;;Yes;"Who is Michaël Van Droogenbroeck?
Journalist with the VRT news service since 2005. Initially with Terzake, then as political journalist on Het Journaal and, since 2008, as financial journalist. Presenter of De Ochtend on Flemish Radio 1 (2018-2020), currently presenter of ‘Ontbijten met Michaël’ (Breakfast with Michaël) on the station, during which a top politician is interviewed on Saturday mornings. Producer of the Canvas series “De Val. 10 jaar na de crisis” (2018) and “Op Slot. De economische impact van corona”. (2021) Author of ‘Investeren in de eerste helft van je leven’ and ‘Investeren in de tweede helft van je leven’, together with Ewald Pironet. Since 2010, presenter and chair of congresses and events, speaker on financial and economic topics. "
800;Michaël Van Droogenbroeck;Moderator;Male;Dutch, English;https://readmylips.be/sites/default/files/speakers/MVD%201.jpg;Michaël Van Droogenbroeck als moderator op jouw evenement? Neem vrijblijvend contact op met sprekersbureau Read My Lips voor meer informatie!;Dutch;De wereld vandaag, Economie, Management;;Yes;"Wie is Michaël Van Droogenbroeck?
Journalist bij de nieuwsdienst van de VRT sinds 2005. Eerst bij Terzake en later bij Het Journaal politiek journalist, sinds 2008 financieel journalist. Presentator van De Ochtend op Radio 1 (2018-2020), momenteel op die zender presentator van ‘Ontbijten met Michaël’, waarbij op zaterdagochtend een toppoliticus wordt geïnterviewd. Maker van de Canvas-reeksen “De Val. 10 jaar na de crisis” (2018) en “Op Slot. De economische impact van corona.” (2021) Schrijver van ‘Investeren in de eerste helft van je leven’ en ‘Investeren in de tweede helft van je leven’, samen met Ewald Pironet. Sinds 2010 presentator en moderator van congressen en evenementen, en spreker over financiële en economische thema’s. "
331;Michel De Coster;Speaker;Male;Dutch, French, English;https://readmylips.be/sites/default/files/speakers/De%20Coster%20Michel.png;Who is Michel De Coster?;English;Management, Leadership and Senior Management, Enterprise;;Yes;"Who is Michel De Coster?
Michel is known as bass player of De Mens. In daily life he is a coach, advisor and director of companies. He earned his stripes in the ICT sector. Successively at Bosch Telecom, COLT, BT and Belgacom, where he made it to Executive Vice-President in 2008. He then moved into consultancy as an independent consultant for companies. At the end of 2013 he reappeared at the French telecom operator SFR as Director Enterprise and since the summer of 2015 he has again been advising and coaching at Accenture, SAP, Fortino, Tobania, UCB, VUB, Flanders Digital Agency, Sabam and Belisol, among others. In 2012 he wrote the book No Nonsense: Brains, Heart and Guts, the assets of the modern manager and in 2018 People Peppers was published, about the importance of empathy. His latest book Back to Basics in Leadership was published in December 2022 and focuses on leadership skills. So this speaker knows what leadership is. Due to his years of experience in the ICT business, he knows the tricks of the trade at the top. Like no other, he can give practical tips on leadership, time management and how to convert a vision into a tight policy. Listed companies, large SMEs, start-ups, leadership everywhere is based on the same expertise, only the context is different.
His presentations are based on the expertise of the manager and are mainly practice-oriented, due to the countless examples that he draws from his own experience."
331;Michel De Coster;Speaker;Male;Dutch, French, English;https://readmylips.be/sites/default/files/speakers/De%20Coster%20Michel.png;Michel De Coster comme orateur à votre évènement ? Contactez Read My Lips, notre bureau d’orateurs spécialisés !;French;Management, Leadership et top managers, Entreprendre;;Yes;"Qui est Michel De Coster?

Michel est connu comme bassiste de De Mens. Au quotidien, il est coach, conseiller et administrateur d'entreprises. Il a fait ses armes dans le secteur des TIC. Successivement chez Bosch Telecom, COLT, BT et Belgacom, où il accède au poste de Vice-Président Exécutif en 2008. Il s'oriente ensuite vers le conseil en tant que consultant indépendant pour les entreprises. Fin 2013, il est réapparu chez l'opérateur télécom français SFR en tant que directeur d'entreprise et depuis l'été 2015, il conseille et coache à nouveau chez Accenture, SAP, Fortino, Tobania, UCB, VUB, Flanders Digital Agency, Sabam et Belisol, entre autres. En 2012, il a écrit le livre No Nonsense: Brains, Heart and Guts, the assets of the modern manager et en 2018 People Peppers a été publié, sur l'importance de l'empathie. Son dernier livre Back to Basics in Leadership a été publié en décembre 2022 et se concentre sur les compétences en leadership. Cet orateur sait donc ce qu'est le leadership. Grâce à ses années d'expérience dans le secteur des TIC, il connaît les ficelles du métier au sommet. Comme nul autre, il peut donner des conseils pratiques sur le leadership, la gestion du temps et comment transformer une vision en une politique stricte. Entreprises cotées, grandes PME, start-up, le leadership repose partout sur le même savoir-faire, seul le contexte est différent.
Ses présentations sont basées sur l'expertise du manager et sont principalement orientées vers la pratique, en raison des innombrables exemples qu'il tire de sa propre expérience."
331;Michel De Coster;Speaker;Male;Dutch, French, English;https://readmylips.be/sites/default/files/speakers/De%20Coster%20Michel.png;Michel De Coster als spreker op jouw evenement? Neem vrijblijvend contact op met sprekersbureau Read My Lips voor meer informatie.;Dutch;"Management, Leiderschap &amp; topmanagers, Ondernemen";;Yes;"Wie is Michel De Coster?

Michel is bekend als bassist van De Mens. In het dagelijkse leven is hij coach, adviseur en bestuurder van bedrijven. Hij verdiende zijn strepen in de ICT-sector. Achtereenvolgens bij Bosch Telecom, COLT, BT en Belgacom, waar hij het schopt tot Executive Vice-President in 2008. Daarna gaat hij de consultancy toer op als zelfstandig adviseur voor bedrijven. Eind 2013 duikt hij weer op bij de Franse telecomoperator SFR als Directeur Enterprise en sinds de zomer van 2015 is hij opnieuw aan het adviseren en coachen bij o.a. Accenture, SAP, Fortino, Tobania, UCB, VUB, Agentschap Vlaanderen Digitaal, Sabam en Belisol. Hij schreef in 2012 het boek No Nonsense: Brains, Heart en Guts, de troeven van de moderne manager en in 2018 verscheen People Peppers, over het belang van empathie. Zijn laatste boek Back to Basics in Leiderschap kwam uit in december 2022 en stelt leidinggevende vaardigheden centraal. Deze spreker weet dus wat leidinggeven is. Door zijn jarenlange ervaring in de ICT-business kent hij het klappen van de zweep aan de top. Hij kan als geen ander praktische tips geven inzake leiderschap, timemanagement en hoe je een visie omzet in een strak beleid. Beursgenoteerde bedrijven, uit de kluiten gewassen KMO’s , start- ups , overal is leidinggeven gebaseerd op dezelfde expertise, alleen de context is anders.
Zijn presentaties hebben als rode draad de expertise van de leidinggevende en zijn vooral praktijkgericht, door de talloze voorbeelden die hij uit zijn eigen ervaring puurt. "
222;Michel Vandenbosch;Speaker;Male;Dutch, French;https://readmylips.be/sites/default/files/speakers/Vandenbosch_Michel_200402_foto%202_1000.jpg;Who is Michel Vandenbosch?;English;"Current affairs, Sustainability &amp; Climate, Law, Society &amp; Diversity, Economics";Non-profit;No;"Who is Michel Vandenbosch?
Michel is without doubt the most famous animal rights activist in our country. He founded animals rights organisation GAIA in 1992 and his fight for animal rights has been covered by global media on several occasions since then. Under his leadership, GAIA has developed into an organisation with over 60,000 members.
Celebrated by some, detested by others. Judge for yourself by learning more about this defender of animal rights via his highly appreciated lectures. This gifted speaker will offer you an insight into his motives and why his fight for animal welfare matters to all of us. No one will be left unmoved."
222;Michel Vandenbosch;Speaker;Male;Dutch, French;https://readmylips.be/sites/default/files/speakers/Vandenbosch_Michel_200402_foto%202_1000.jpg;Michel Vandenbosch als spreker op jouw evenement? Neem vrijblijvend contact op met sprekersbureau Read My Lips.;Dutch;"De wereld vandaag, Duurzaamheid &amp; klimaat, Recht, Samenleving &amp; diversiteit, Economie";Non-profit;No;"Wie is Michel Vandenbosch?
Michel is zonder twijfel de bekendste dierenactivist van ons land. In 1992 richtte hij de dierenrechtenorganisatie GAIA op en haalde met zijn strijd voor de rechten van het dier al verscheidene keren de wereldpers. Onder zijn leiding groeide GAIA uit tot een organisatie van meer dan 60.000 leden.
Door sommigen bejubeld, door anderen uitgespuwd. Oordeel zelf en maak via zijn gesmaakte lezingen kennis met deze voorvechter van dierenrechten. Deze bevlogen spreker geeft je inzicht in zijn drijfveren en waarom zijn strijd voor dierenwelzijn voor iedereen van ons van tel is. Wedden dat hij je niet onberoerd laat?"
723;Mieke Loncke;Moderator;Female;Dutch, English;https://readmylips.be/sites/default/files/speakers/Mieke-11-bewerkt-zw-small%20klein.jpg;"Mieke Loncke as a moderator on your event? Contact the speakers&#039; office Read My Lips for more information.";English;"Current affairs, Law, Media &amp; culture, Media, Marketing &amp; communication, PR &amp; Communication";;Yes;"Who is Mieke Loncke?
Mieke Loncke is a qualified lawyer and holds an Executive MBA. She has been passionate about communication for as long as she can remember. She has always loved performing and initially channelled her passion into various (jazz) bands. However, for the past 20 years, she has dedicated her energy and commitment to the world of business. For instance, as director of the Facility Managers Professional Association, she spent many years presenting Z-Facility on Belgian TV channel Kanaal Z. As spokesperson for the security firm Securitas, she established contacts in the media. She is currently Marketing &amp; Communication director at BDO consultancy. In this position she hosts various talk shows and round tables, as well as presenting (client) events. During such events, Mieke combines her in-depth knowledge with humour and her infectious enthusiasm. As a moderator or presenter, she uses her perfect sense of timing to spontaneously address the issues within debates."
723;Mieke Loncke;Moderator;Female;Dutch, English;https://readmylips.be/sites/default/files/speakers/Mieke-11-bewerkt-zw-small%20klein.jpg;Mieke Loncke als moderator op jouw evenement? Neem vrijblijvend contact op met het sprekersbureau Read My Lips voor meer informatie.;Dutch;"De wereld vandaag, Recht, Media &amp; cultuur, Media, Marketing &amp; communicatie, PR &amp; communicatie";;Yes;"Wie is Mieke Loncke?
Mieke Loncke is van opleiding juriste met een Executive MBA op zak. Sinds jaar en dag stroomt communicatie door haar bloed. Het podiumbeest in haar vond aanvankelijk zijn gading in diverse (jazz-)bandjes. Sinds 20 jaar injecteert ze haar energie en gedrevenheid in de bedrijfswereld. Zo was ze als directeur van de beroepsvereniging voor Facility Managers jarenlang het gezicht van Z-Facility op Kanaal Z. Als woordvoerster van het bewakingsbedrijf Securitas verzorgde ze de mediacontacten. Momenteel is ze directeur Marketing &amp; Communicatie bij adviesbureau BDO. Vanuit die functie host ze verschillende talkshows en rondetafelgesprekken en presenteert ze (klanten-)events. Mieke combineert hierbij diepgang en kennis van zaken met humor en een aanstekelijk enthousiasme. Ze beheerst de kunst om als moderator of presentator op spontane wijze in te spelen op de feiten met een perfect gevoel voor timing.
 "
1072;Naïma Lafrarchi;Speaker, Moderator;Female;Dutch, French, English;https://readmylips.be/sites/default/files/speakers/IMG-3266%20zw-%20klein.jpg;Naïma Lafrarchi als spreker of moderator op jouw evenement? Neem vrijblijvend contact op met sprekersbureau Read My Lips voor meer informatie.;English;"Inclusie, Current affairs, Politics &amp; Government, Law, Society &amp; Diversity, Philosophy, Religion and Spirituality, HR &amp; Wellbeing, Corporate Culture";;Yes;"Who is Naïma Lafrarchi?
Naïma Lafrarchi is a lawyer, educational scientist (option personnel policy and HRM) and educationalist (curriculum development and innovation). Over the last two decades, she has built up expertise in education and training, professional development and empathic leadership within the corporate world. She currently gives lectures and keynotes on using diversity and inclusion as a strategy in companies' HRM policies. She is an expert in change management and guidance processes within the non-profit and profit sectors. She is a frequently sought-after keynote speaker, panellist and moderator. She makes use of her broad knowledge and background in various types of companies and organisations."
1072;Naïma Lafrarchi;Speaker, Moderator;Female;Dutch, French, English;https://readmylips.be/sites/default/files/speakers/IMG-3266%20zw-%20klein.jpg;Naïma Lafrarchi als spreker of moderator op jouw evenement? Neem vrijblijvend contact op met sprekersbureau Read My Lips voor meer informatie.;French;Inclusie, Le monde actuel, Politique et pouvoirs publics, Droit, Société et diversité, Philosophie, religion et spiritualité, RH et bien-être, Culture d’entreprise;;Yes;"Qui est Naïma Lafrarchi?
Naïma Lafrarchi est juriste, spécialiste en sciences pédagogiques (option gestion du personnel et HRM) et pédagogue (développement du curriculum et innovation). Au cours des deux dernières décennies, elle a acquis de l’expérience dans les domaines de l’enseignement et de la formation, du développement personnel et du leadeurship empathique dans le monde des entreprises. Aujourd’hui, elle donne des conférences et des discours sur l’utilisation de la diversité et de l’inclusion dans la politique HRM des entreprises. Elle est spécialisée en gestion des changements et en trajets d’accompagnement dans le secteur des entreprises à but lucratif et non lucratif. Elle est une oratrice, panéliste et modératrice très demandée. Ses vastes connaissances et sa grande expérience sont mises au service des entreprises et des organisations les plus variées."
1072;Naïma Lafrarchi;Speaker, Moderator;Female;Dutch, French, English;https://readmylips.be/sites/default/files/speakers/IMG-3266%20zw-%20klein.jpg;Naïma Lafrarchi als spreker of moderator op jouw evenement? Neem vrijblijvend contact op met sprekersbureau Read My Lips voor meer informatie.;Dutch;"Inclusie, De wereld vandaag, Politiek &amp; overheid, Recht, Samenleving &amp; diversiteit, Filosofie, religie &amp; spiritualiteit, HR &amp; wellbeing, Bedrijfscultuur";;Yes;"Wie is Naïma Lafrarchi?
Naïma Lafrarchi is juriste, opleidingswetenschapper (optie personeelsbeleid en HRM) en onderwijskundige (curriculum development &amp; innovation). De laatste twee decennia heeft ze expertise opgebouwd aangaande onderwijs en opleiding, professionele ontwikkeling en empathisch leiderschap binnen de bedrijfswereld. Momenteel geeft ze lezingen en keynotes over het inzetten van diversiteit en inclusie als strategie in HRM-beleid van bedrijven. Ze is experte in veranderingsmanagement en begeleidingstrajecten binnen de non-profit- en profitsector. Ze is een vaak gevraagde keynote speaker, panellid en moderator. Haar brede kennis en achtergrond zet ze in bij verscheidene soorten bedrijven en organisaties.

          
  












    

  


  
  
      

      Vraag hier je offerte"
1004;Nancy Rademaker;Speaker, Moderator;Female;Dutch, English;https://readmylips.be/sites/default/files/speakers/Nancy%20Rademaker%20-%201_RML.jpg;Nancy Rademaker als spreker of moderator op jouw evenement? Neem vrijblijvend contact op met sprekersbureau Read My L;English;"HR &amp; Wellbeing, Corporate Culture, Technology &amp; innovation, Innovation &amp; Trends, ICT &amp; Technology";;Yes;"Who is Nancy Rademaker?
As an international keynote speaker, Nancy Rademaker likes to share her personal experiences, directly from those places in the world where technology is shaping our future. Nancy has over 20 years of experience of how technology has changed and continues to change society. She has worked for various IT companies, including five years for Microsoft in the Netherlands and Europe. She likes to share her passion for technology and combines the valuable 'inside' information with her experience in training and education. She has huge enthusiasm for people and customer-centric strategies and likes to emphasise how technology influences human behaviour and how it helps them to share knowledge, to be creative and to innovate. Nancy is a highly valued international speaker and has already enlivened many roundtables, boardroom sessions and corporate events with powerful presentations on digital transformation, extreme customer centricity, disruption, Artificial Intelligence, emerging technologies, such as Web3 and Metaverse, new business models and culture &amp; leadership. Since 2016, Nancy has been travelling with business leaders to innovation hubs, such as Silicon Valley and China. She uses the inspiration from those travels as a continuous and valuable input for her keynotes, continuously adapting the content and examples to the most recent technologies, developments and disruptive new business models."
1004;Nancy Rademaker;Speaker, Moderator;Female;Dutch, English;https://readmylips.be/sites/default/files/speakers/Nancy%20Rademaker%20-%201_RML.jpg;Nancy Rademaker als spreker of moderator op jouw evenement? Neem vrijblijvend contact op met sprekersbureau Read My L;Dutch;"HR &amp; wellbeing, Bedrijfscultuur, Technologie &amp; innovatie, Innovatie &amp; trends, ICT &amp; technologie";;Yes;"Wie is Nancy Rademaker?
Als internationale keynote spreker deelt Nancy Rademaker graag haar persoonlijke ervaringen, rechtstreeks vanuit die plekken op de wereld waar technologie onze toekomst vormgeeft. Nancy heeft meer dan 20 jaar ervaring in de manier waarop technologie de maatschappij heeft veranderd en nog steeds verandert. Zij heeft voor diverse IT-bedrijven gewerkt, waaronder vijf jaar voor Microsoft in Nederland en Europa. Ze deelt graag haar passie voor technologie en combineert de waardevolle ‘inside’ informatie met haar ervaring in training en onderwijs. Haar enthousiasme voor mensen en ‘customer-centric’-strategieën is groot en ze houdt ervan om de nadruk te leggen op hoe technologie menselijk gedrag beïnvloedt en hoe het hen helpt om kennis te delen, creatief te zijn en te willen innoveren. Nancy is een zeer gewaardeerd internationale spreker en heeft al veel roundtables, boardroomsessies en corporate evenementen verlevendigd met krachtige presentaties rondom digitale transformatie, extreme customer centricity, disruptie, Artificiële Intelligentie, opkomende technologieën als Web3 en Metaverse, nieuwe businessmodellen en cultuur &amp; leiderschap. Sinds 2016 reist Nancy met business leaders naar innovatiehubs zoals Silicon Valley en China. Ze gebruikt de inspiratie van die reizen als voortdurende en waardevolle input voor haar keynotes, waarmee ze de inhoud en de voorbeelden continu afstemt op de meest recente technologieën, ontwikkelingen en disruptieve nieuwe businessmodellen."
336;Nathalie Arteel;Speaker;Female;Dutch, English;https://readmylips.be/sites/default/files/speakers/Arteel_Nathalie_200122_foto1.jpg;"Nathalie Arteel as a speaker on your event? Contact the speakers&#039; office Read My Lips for more information!";English;"Management, Leadership and Senior Management, Enterprise, HR &amp; Wellbeing, Corporate Culture, Work/Life Balance";;Yes;"Who is Nathalie Arteel?
Nathalie is a passionate entrepreneur who is convinced that organisations that focus on a positive company culture will have a significant competitive advantage in todays’ world. She believes that ‘love’ and ‘high performance’ can all go hand in hand. 
She calls for increasing the moments of emotional connection at work and believes that happiness in relationships, good health and a successful career can all be combined.
According to Nathalie, success has little to do with your background or luck. The best proof of this is the path that she has personally followed. Despite a tough and problematic youth, she has managed to achieve success in the face of many difficulties. This has helped her to become a CEO and thought leader who, besides her family and work, also has time to run an average of 50km per week, take her dog for daily walks in the countryside and support social goals.
In 2010 and 2012, Nathalie was nominated for the Belgian Womed Award. In 2011, she was one of 10 female ambassadors of Enterprise selected by the European Commission. In 2013, she was the only Belgian woman to be nominated for the Woman in Sales Award in London, and wrote a book entitled Durf, leef &amp; onderneem (Dare, Live &amp; Be Entrepreneurial) in 2016.
Her company, Arteel Recognition Solutions, which she leads together with her husband, has become the European market leader in recognition solutions. In 2020, they founded a company in the UK. 
In 2021, Arteel reached 250,000 people with its appreciation programmes. The Leuven-based company also received the SME Laureate prize in Vlaams-Brabant for its innovative technological developments and appeared in the media a number of times, three of which in De Tijd, an important Belgian newspaper that mainly focuses on business and economics. 
“It took me a long time to build a positive culture in my own organisation. That was until we decided to completely change course around 20 years ago. We now help other companies to build a positive culture so that people enjoy coming to work every day. Our customer portfolio includes 82% of Belgium's best employers.”
Nathalie is very thankful that she, together with her husband, has managed to create a fantastic culture within her organisation and that many top employers have decided to collaborate with Arteel.
 "
336;Nathalie Arteel;Speaker;Female;Dutch, English;https://readmylips.be/sites/default/files/speakers/Arteel_Nathalie_200122_foto1.jpg;Wie is Nathalie Arteel?;Dutch;"Management, Leiderschap &amp; topmanagers, Ondernemen, HR &amp; wellbeing, Bedrijfscultuur, Balans werk/leven";;Yes;"Wie is Nathalie Arteel?
Nathalie is een gepassioneerde onderneemster die ervan overtuigd is dat de toekomst toebehoort aan organisaties die focussen op een positieve bedrijfscultuur. 'Liefde' en 'high-performance' kunnen volgens haar hand in hand gaan. 
Ze pleit voor meer 'verbinding' op de werkvloer en gelooft dat familiaal geluk, een goede gezondheid en een succesvolle carrière perfect verenigbaar zijn.
Succes heeft volgens Nathalie weinig te maken met achtergrond of geluk. Het beste bewijs daarvan is de weg die ze zelf heeft afgelegd. Ondanks harde jeugdjaren met talloze problemen heeft ze 'via moeilijkheden de sterren bereikt', zoals haar slagzin leert. Zo groeide ze uit tot een topmanager die naast haar gezinsleven en werk ook gemiddeld 50 km per week loopt, dagelijks met haar hond de natuur in trekt en zich sociaal engageert.
In 2010 en 2012 wordt Nathalie genomineerd voor de Belgische Womed Award. In 2011 kiest de Europese Commissie haar uit als een van de tien vrouwelijke ambassadeurs voor Ondernemerschap. In 2013 wordt ze in Londen als enige Belgische vrouw genomineerd voor de Woman in Sales Award en in 2016 schrijft ze het boek Durf, leef &amp; onderneem.
Vandaag is het bedrijf Arteel Recognition Solutions uitgegroeid tot de Europese marktleider in waarderingsoplossingen. In 2020 richtte ze samen met haar echtgenoot ook een bedrijf op in het Verenigd Koninkrijk. In 2021 bereikte Arteel met haar waarderingsprogramma’s 250.000 mensen. Het Leuvense bedrijf werd voor zijn innovatieve technologische ontwikkelingen in Vlaams-Brabant ook bekroond met de 'KMO Laureaat'-prijs. Het afgelopen jaar werd Arteel dankzij haar excellente performance ook verschillende keren opgepikt door de media. Zo kreeg ze in 2021 onder meer drie keer een artikel toebedeeld in de financieel-economische krant De Tijd.
""Het was niet evident om binnen mijn eigen organisatie een positieve cultuur uit te bouwen. Tot we 20 jaar geleden besloten om van koers te wijzigen. Nu helpen wij zelf bedrijven bij de opbouw van een sterke en gezonde cultuur, waar mensen elke dag met goesting komen werken. Een cultuur waarin werknemers zich gewaardeerd voelen en gemotiveerd zijn om uit te groeien tot een betere versie van zichzelf. Wij zijn er trots op dat wij mogen werken voor 82% van de beste Belgische werkgevers en dat de Vlerick management school onze oplossingen mee opneemt in de reward &amp; recognition masterclass"".
Nathalie is erg dankbaar dat ze er samen met haar man in geslaagd is om binnen haar eigen organisatie een fantastische cultuur uit te bouwen en dat heel wat topemployers ervoor kiezen om met Arteel samen te werken.
Luister naar Nathalie Arteel in onze podcast Overmorgen. "
228;Nic Balthazar;Speaker, Moderator;Male;Dutch, French, English;https://readmylips.be/sites/default/files/speakers/Balthazar_Nic_200123_6.jpg;Who is Nic Balthazar?;English;"Current affairs, Sustainability &amp; Climate, Society &amp; Diversity, HR &amp; Wellbeing, Work/Life Balance";;Yes;"Who is Nic Balthazar?
After graduating in Germanic Languages, Nic took his first steps in the world of media as a film journalist but later worked as radio and television producer and presenter. His debut film Ben X was an enthralling drama that won various international prizes and triggered a debate on bullying and autism. Tot Altijd (Ensor for Best Film 2012) was a gripping story about euthanasia. For his film Everybody Happy, he was awarded the prize for best director at the Montreal World Film Festival.
As a writer, theatre and documentary maker, Nic Balthazar is a man of many talents who is also known for his many years of promoting sustainability and combating climate change.
As a presenter/moderator, he is able to combine his infectious style with a fluent and likeable approach. With a healthy dose of humour, he is able to smoothly guide speakers and the audience through a wide range of topics. He speaks seven languages, and his background knowledge crosses many domains."
228;Nic Balthazar;Speaker, Moderator;Male;Dutch, French, English;https://readmylips.be/sites/default/files/speakers/Balthazar_Nic_200123_6.jpg;Nic Balthazar als spreker op jouw evenement? Neem vrijblijvend contact op met sprekersbureau Read My Lips.;French;Le monde actuel, Durabilité et climat, Société et diversité, RH et bien-être, Équilibre travail/vie privée;;Yes;"Qui est Nic Balthazar ?
Après avoir étudié les langues germaniques, Nic a fait ses premiers pas dans les médias en tant que journaliste cinématographique, avant de devenir producteur et présentateur à la radio et à la télévision. Son premier film, Ben X, est un drame captivant qui a remporté de nombreux prix internationaux et ouvert le débat sur le harcèlement scolaire et l'autisme. Until Always (Ensor pour le meilleur film 2012), quant à lui, est une histoire obsédante sur l'euthanasie. Pour son film Everybody Happy, il a déjà reçu le prix du meilleur réalisateur au Festival du film de Montréal.
Écrivain, homme de théâtre et réalisateur de documentaires, Nic Balthazar est un homme aux multiples talents et est également connu pour son engagement de longue date en faveur de la durabilité et contre le réchauffement climatique.
En tant que présentateur/modérateur, il associe un schwung contagieux à un comportement doux et sympathique. Avec une touche d'humour de temps en temps, il emmène sans effort les orateurs et le public à travers un très large éventail de sujets. Il parle sept langues et possède des connaissances très variées."
228;Nic Balthazar;Speaker, Moderator;Male;Dutch, French, English;https://readmylips.be/sites/default/files/speakers/Balthazar_Nic_200123_6.jpg;Nic Balthazar als spreker op jouw evenement? Neem vrijblijvend contact op met sprekersbureau Read My Lips.;Dutch;"De wereld vandaag, Duurzaamheid &amp; klimaat, Samenleving &amp; diversiteit, HR &amp; wellbeing, Balans werk/leven";;Yes;"Wie is Nic Balthazar?
Nic zette na zijn studies Germaanse Talen zijn eerste stappen in de media als filmjournalist en werd later radio- en televisiemaker en presentator. Zijn filmdebuut Ben X was een meeslepend drama dat internationaal tal van prijzen in de wacht sleepte en het debat over pesten en autisme opende. Tot Altijd (Ensor voor Beste Film 2012) was dan weer een beklijvend verhaal over euthanasie. Voor zijn film Everybody Happy kreeg hij op het Filmfestival van Montréal alvast de prijs van beste regisseur.
Nic Balthazar is als schrijver, theater- en documentairemaker een man van vele talenten en is ook bekend voor zijn jarenlange inzet voor duurzaamheid en tegen de klimaatopwarming.
Als presentator/moderator paart hij een aanstekelijke schwung aan een vlotte en sympathieke uitstraling. Met op tijd en stond een vleugje humor neemt hij sprekers en publiek moeiteloos op sleeptouw in een heel breed veld aan onderwerpen. Hij spreekt zeven talen en heeft een heel gevarieerde achtergrondkennis.

          
  












    

  


  
  
      

      Vraag je offerte aan"
1117;Nicolas De Bruyn;Speaker;Male;Dutch, English;https://readmylips.be/sites/default/files/speakers/WhatsApp%20Image%202023-05-10%20at%2010.52.25%20%281%29.jpg;Nicolas De Bruyn als spreker of moderator op jouw evenement? Neem vrijblijvend contact op met sprekersbureau Read My Lips voor meer informatie.;English;"Management, Technology &amp; innovation";;Yes;"Nicolas De Bruyn is an expert in the field of personal development, business, property and entrepreneurship. A much sought-after speaker, he is best known for his inspiring and motivational energy, as well as his ability to connect with his audience in meaningful ways. With his wealth of experience in achieving personal and professional success, Nicolas shares his personal story and gives specific examples of how setting major goals and striving to be the best version of himself has helped him accomplish great things. He specialises in teaching individuals how to achieve their professional and personal goals through a winning mindset, increased productivity and higher output in their personal and professional lives. De Bruyn is the author of two books that have been published. He is loving daddy and was featured on ""The Sky Is The Limit"" on Play4 TV. But it is not all about his performance; it is also about his drive and passion to help others succeed With a successful track record of building multiple companies, including one of the largest business academies in Belgium that has trained thousands of people as well as what is currently one of the largest wellness centres in Ninove. He also owns a chain of fitness centres. Nicolas is constantly involved in researching the most successful methods, techniques and tactics in different fields. He has practical experience to back up his teaching and has overcome countless adversities, both personal and professional. He has inspiring real-life stories about how to overcome challenges and be the best version of yourself. Despite his many business successes, Nicolas is also a devoted family man, with a wife and super sweet daughter, and lives in Ninove, Belgium, from where he runs his companies. He has a gift for presenting complex ideas in an accessible and understandable way and motivating his audience to achieve their goals. His presentations are aimed at helping people discover and realise their potential, and are based on his own experiences and success stories. With his expertise and passion for helping others succeed, he is sure to leave a lasting impression on your audience.

          
  












    

  


  
  
      

      Request your offer here"
1117;Nicolas De Bruyn;Speaker;Male;Dutch, English;https://readmylips.be/sites/default/files/speakers/WhatsApp%20Image%202023-05-10%20at%2010.52.25%20%281%29.jpg;Nicolas De Bruyn als spreker of moderator op jouw evenement? Neem vrijblijvend contact op met sprekersbureau Read My Lips voor meer informatie.;Dutch;"Management, Technologie &amp; innovatie";;Yes;"Nicolas De Bruyn is een expert op het gebied van persoonlijke ontwikkeling, business, vastgoed en ondernemerschap. Hij is een veelgevraagd spreker en vooral bekend om zijn inspirerende en activerende energie, evenals zijn vermogen om op een zinvolle manier contact te maken met zijn publiek. Met een schat aan ervaring in persoonlijk en professioneel succes, deelt Nicolas zijn persoonlijke verhaal en geeft hij specifieke voorbeelden van hoe het stellen van grote doelen en het streven om de beste versie van zichzelf te zijn hem heeft geholpen om geweldige dingen te bereiken. Hij is gespecialiseerd in het leren aan individuen hoe ze hun professionele en persoonlijke doelen kunnen bereiken dankzij een winnaarsmentaliteit, verhoogde productiviteit en hogere output in hun persoonlijke en professionele leven. De Bruyn schreef en publiceerde twee boeken. Hij is een liefhebbende papa en was te zien op ""The Sky Is The Limit"" op Play4. Maar het gaat niet alleen om zijn prestaties; het gaat om zijn gedrevenheid en passie om anderen te helpen slagen. Hij kan bogen op een succesvol trackrecord met het bouwen van meerdere bedrijven, waaronder een van de grootste bedrijfsacademies in België die duizenden mensen heeft opgeleid, en momenteel ook een van de grootste wellnesscentra in Ninove. Hij is ook de eigenaar van een keten van fitnesscentra. Nicolas is constant op onderzoek naar de meest succesvolle methodes, technieken en tactieken op verschillende gebieden. Hij heeft praktische ervaring om zijn lessen kracht bij te zetten en heeft talloze tegenslagen overwonnen, zowel persoonlijk als professioneel. Aan de hand van inspirerende verhalen uit het echte leven leert hij hoe je uitdagingen kunt overwinnen en de beste versie van jezelf kunt zijn. Ondanks zijn vele zakelijke successen is Nicolas ook een toegewijde familieman. Met zijn vrouw en super liever dochter woont hij in Ninove, België, waar hij zijn bedrijven runt.  Hij heeft de gave om complexe ideeën op een toegankelijke en begrijpelijke manier te presenteren en zijn publiek te motiveren om hun doelen te bereiken. Zijn presentaties zijn gericht op het helpen van mensen om hun potentieel te ontdekken en te benutten, en zijn gebaseerd op zijn eigen ervaringen en succesverhalen. Met zijn expertise en passie om anderen te helpen succesvol te zijn, zal hij zeker een blijvende indruk achterlaten op uw publiek.

          
  












    

  


  
  
      

      Vraag hier je offerte aan"
231;Noël Slangen;Speaker;Male;Dutch, English;https://readmylips.be/sites/default/files/speakers/Slangen_Noel_200331_foto8_1000.jpg;Who is Noël Slangen?;English;"Inclusie, Current affairs, Politics &amp; Government, Society &amp; Diversity, Economics, Management, Leadership and Senior Management, Enterprise, Strategy, CSR (Corporate Social Responsibility)";;Yes;"Who is Noël Slangen?
Noël Slangen (1965) is best known as our country's best-known communications consultant. However, he said goodbye to that job in 2012 with the sale of his communication companies. Nowadays, he is an opinion maker and columnist, such as weekly in Het Laatste Nieuws and Het Belang van Limburg. Out of love for his home province of Limburg, he became general director of POM Limburg, the organization responsible for the province's economic development, in 2020. Born into a fourth-world family himself, Noël Slangen is deeply concerned with rising child poverty. He recently succeeded child psychiatrist Peter Adriaenssens as chairman of the King Baudouin Foundation's Child Poverty Fund. He is also a board member of Hart voor Limburg."
231;Noël Slangen;Speaker;Male;Dutch, English;https://readmylips.be/sites/default/files/speakers/Slangen_Noel_200331_foto8_1000.jpg;Noël Slangen als spreker op jouw evenement? Neem vrijblijvend contact op met sprekersbureau Read My Lips voor meer informatie.;Dutch;"Inclusie, De wereld vandaag, Politiek &amp; overheid, Samenleving &amp; diversiteit, Economie, Management, Leiderschap &amp; topmanagers, Ondernemen, Strategie, MVO (Maatschappelijk verantwoord ondernemen)";;Yes;"Wie is Noël Slangen?
Noël Slangen (1965) kent men vooral als de bekendste communicatieadviseur van ons land. Die job zei hij echter in 2012 vaarwel met de verkoop van zijn communicatieondernemingen. Tegenwoordig is hij opiniemaker en columnist, zoals wekelijks in Het Laatste Nieuws en Het Belang van Limburg. Uit liefde voor zijn thuisprovincie Limburg werd hij in 2020 algemeen directeur van POM Limburg, de organisatie die verantwoordelijk is voor de economische ontwikkeling van de provincie. Zelf geboren in een vierdewereldgezin is Noël Slangen zeer begaan met de stijgende kinderarmoede. Onlangs volgde hij kinderpsychiater Peter Adriaenssens op als voorzitter van het Kinderarmoedefonds van de Koning Boudewijnstichting. Hij is tevens bestuurslid van Hart voor Limburg."
988;Pascal Coppens;Speaker;Male;Dutch, French, English;https://readmylips.be/sites/default/files/speakers/_JAN7811%C2%A9jandarthet%20%281%29_RML.jpg;"Pascal Coppens as a speaker or moderator on your event? Contact the speakers&#039; office Read My Lips!";English;"Current affairs, Management, Leadership and Senior Management, Technology &amp; innovation, Innovation &amp; Trends";;Yes;"Who is Pascal Coppens?
Pascal Coppens is one of the most sought-after experts on China. He is the author of ""China's New Normal"" on China's innovation leap and ""Can We Trust China?"", which gives a different view of China. Pascal is internationally known as one of the most influential YouTubers on China. He has a Master's degree in Sinology from Ghent University and a Bachelor's degree in Commercial Engineering from VUB (Free University of Brussels). He is a technology entrepreneur who lived and worked in China and Silicon Valley for more than 20 years from 1996. Pascal has managed, collaborated with or competed with hundreds of Chinese engineers and innovators. After a year of training organised by the European Commission in Beijing in 1999, Pascal started his career in the technology sector at Shanghai-Bell, the Alcatel joint venture. In 2002, Pascal moved to San Francisco as global marketing manager for the software company Wind River Systems. In 2004, he co-founded the Silicon Valley start-up PolyCore Software. A year later, Pascal returned to Shanghai to help European companies launch their cutting-edge technology and support it locally in the Asian market. In 2010, he founded the start-up Letsface, the first offline digital community platform for premium brands in China. In 2017, Pascal returned to Belgium after a 20-year international career for Sinnolabs, a Belgian growth accelerator operating in Shanghai. Today, Pascal is a partner at the inspiration platform nexxworks (founded by Peter Hinssen, Steven Van Belleghem and Rik Vera) and an international speaker on all things Chinese, with in-depth expertise in Chinese innovation, digitalisation and leadership."
988;Pascal Coppens;Speaker;Male;Dutch, French, English;https://readmylips.be/sites/default/files/speakers/_JAN7811%C2%A9jandarthet%20%281%29_RML.jpg;Pascal Coppens comme orateur ou modérateur à votre evenement? Contactez Read My Lips!;French;Le monde actuel, Management, Leadership et top managers, Technologie et innovation, Innovation et tendances;;Yes;"Qui est Pascal Coppens?
Pascal Coppens est l’un des experts de la Chine les plus demandés. Il est l’auteur de « China's New Normal » sur l’avancée de la Chine en matière d’innovation et de « Kunnen We China Vertrouwen ? » qui jette un autre regard sur ce pays. Pascal est connu dans le monde entier comme l’un des YouTubers les plus influents sur la Chine. Il est titulaire d’une maitrise en sinologie de l’UGent et d’un baccalauréat d’ingénieur commercial de la VUB. Entrepreneur dans le secteur de la technologie, il a travaillé et habité dès 1996 et pendant plus de 20 ans en Chine et dans la Silicon Valley. Pascal a dirigé, collaboré avec ou concurrencé des centaines d’ingénieurs et d’innovateurs chinois. Après une année de formation organisée par la Commission européenne à Pékin en 1999, Pascal débute sa carrière dans le secteur de la technologie chez Shanghai-Bell, la coentreprise d’Alcatel. En 2002, Pascal déménage à San Francisco pour exercer la fonction de Global Marketing Manager de l’entreprise logicielle Wind River Systems. En 2004, il cofonde la startup PolyCore Software dans la Silicon Valley. Un an plus tard, Pascal retourne à Shanghai pour aider des entreprises européennes à lancer leur technologie de pointe et les soutenir localement sur le marché asiatique. En 2010, il fonde la startup Letsface, la première plateforme communautaire numérique hors ligne de marques prémium en Chine. En 2017, après une carrière internationale de 20 ans, Pascal revient en Belgique pour Sinnolabs, un accélérateur de croissance belge actif à Shanghai. Aujourd’hui, Pascal est l’un des partenaires de la plateforme d’inspiration nexxworks (fondée par Peter Hinssen, Steven Van Belleghem et Rik Vera). Il intervient aussi à l’échelle internationale comme orateur sur toutes les questions liées à la Chine. Il est plus spécifiquement spécialisé en innovation, numérisation et leadeurship chinois."
988;Pascal Coppens;Speaker;Male;Dutch, French, English;https://readmylips.be/sites/default/files/speakers/_JAN7811%C2%A9jandarthet%20%281%29_RML.jpg;Pascal Coppens als spreker op jouw evenement? Neem vrijblijvend contact op met sprekersbureau Read My Lips;Dutch;"De wereld vandaag, Management, Leiderschap &amp; topmanagers, Technologie &amp; innovatie, Innovatie &amp; trends";;Yes;"Wie is Pascal Coppens?
Pascal Coppens is een van meest gevraagde experten over China. Hij is auteur van ""China's New Normal"" over de Chinese innovatiesprong en ""Kunnen We China Vertrouwen?"" dat een andere kijk op China geeft. Pascal is internationaal bekend als een van de meest invloedrijke YouTubers over China. Pascal heeft een master in de sinologie van de UGent en een bachelor handelsingenieur van de VUB. Hij is een technologie-ondernemer die vanaf 1996 meer dan 20 jaar in China en Silicon Valley woonde en werkte. Pascal heeft honderden Chinese ingenieurs en innovators gemanaged, ermee samengewerkt of beconcurreerd. Na een jaar training georganiseerd door de Europese Commissie in 1999 in Beijing startte Pascal zijn carrière in de technologiesector bij Shanghai-Bell, de joint venture van Alcatel. In 2002 verhuisde Pascal naar San Francisco in de functie van globale marketingmanager voor het softwarebedrijf Wind River Systems. In 2004 was hij medeoprichter van de startup PolyCore Software in Silicon Valley. Een jaar later keerde Pascal terug naar Shanghai om Europese bedrijven te helpen hun spitstechnologie te lanceren en lokaal te ondersteunen op de Aziatische markt. In 2010 richtte hij de start-up Letsface op, het eerste offline digitaal community platform voor premiummerken in China. In 2017 keerde Pascal na een internationale carrière van 20 jaar terug naar België voor Sinnolabs, een Belgische groeiaccelerator operationeel in Shanghai. Vandaag is Pascal partner bij het inspiratieplatform nexxworks (opgericht door Peter Hinssen, Steven Van Belleghem en Rik Vera) en internationaal spreker over alles wat China betreft, met diepgaande expertise in Chinese innovatie, digitalisering en leiderschap."
263;Pascale Platel;Speaker;Female;Dutch;https://readmylips.be/sites/default/files/speakers/Platel_pascale_200409_foto3_1000.jpg;Pascale Platel als spreker op jouw evenement? Neem vrijblijvend contact op met sprekersbureau Read My Lips.;Dutch;"De wereld vandaag, Samenleving &amp; diversiteit, Entertainment";Non-profit;Yes;"Wie is Pascale Platel?
Pascale is bekend als theatermaakster, actrice en auteur. Op een authentieke, humoristische wijze en aan de hand van persoonlijke bekentenissen vertelt ze hoe de uitdagingen in je leven juist zin geven aan het bestaan.
Pascale Platel is vrouw, moeder, geliefde en staat al meer dan een kwarteeuw in het vak. Ze poseert, ze presenteert, ze publiceert, maar in de eerste plaats is ze verhalenvertelster. Op de scène voelt ze zich als een vis in het water, maar ook op tv komt ze geregeld eens piepen. De Laatste Show, 1000 Zonnen en Garnalen, als actrice in de serie Jes. Samen met tekenaar Steve Michiels schreef ze Baby Pop en Billieboef.
In 2016 schreef ze TET Talk, een monoloog over opgroeien als jong meisje in een ‘grootstad’ als Gent of ‘Hoe overleef ik mijn omgeving?’ Naar aanleiding daarvan deed ze op vraag van TEDx Women Flanders een TED Talk waarin ze het had over de meest traumatische ervaring in haar leven. Van daaruit kwam de ‘goesting’ om iets nieuws te doen, een lezing. Geen decor, geen kostuums, maar gewoon als haarzelf komen vertellen over de dingen die haar mateloos boeien in het leven."
274;Patricia Ceysens;Speaker;Female;Dutch, French, English;https://readmylips.be/sites/default/files/speakers/Ceysens_Patricia_200306_foto1.jpg;Who is Patricia Ceysens?;English;"Management, Enterprise, CSR (Corporate Social Responsibility), Technology &amp; innovation, Innovation &amp; Trends";Non-profit;Yes;"Who is Patricia Ceysens?
Her political career with the liberal party took off in 1995 when she was elected as councillor in Leuven, provincial councillor in Vlaams-Brabant and member of the Flemish Parliament. She later became group chairman for Open Vld in the Flemish Parliament. During this period, she became known for her book and eponymous concept E-mama, which was about combining work and family by making innovative use of new technology.
As Minister of Economy and Innovation, her policy focused on making our economy greener and more sustainable. She ended her political career in 2019 to fully focus on her blossoming start-up, WeWatt. These days, she likes to refer to herself as Socio-entrepreneur: an entrepreneur with a social touch. Enterprise with impact."
274;Patricia Ceysens;Speaker;Female;Dutch, French, English;https://readmylips.be/sites/default/files/speakers/Ceysens_Patricia_200306_foto1.jpg;Patricia Ceysens als spreker op jouw evenement? Neem vrijblijvend contact op met sprekersbureau Read My Lips.;French;Management, Entreprendre, RSE (responsabilité sociétale des entreprises), Technologie et innovation, Innovation et tendances;Non-profit;Yes;"Qui est Patricia Ceysens ?
Sa carrière politique au sein du parti libéral a débuté en 1995 avec une élection en tant que conseillère municipale à Louvain, conseillère provinciale dans le Brabant flamand et membre du Parlement flamand. Elle devient ensuite chef de fraction de l'Open Vld au Parlement flamand. Au cours de cette période, elle s'est également fait connaître par son livre et son concept éponyme E-mama, qui consiste à combiner travail et famille en faisant un usage innovant de la numérisation naissante en travaillant indépendamment du temps et du lieu.
En tant que ministre de l'économie et de l'innovation, elle a axé ses politiques sur l'écologisation et le développement durable de notre économie. Elle a mis fin à sa carrière politique en 2019 pour se consacrer pleinement à sa start-up WeWatt, aujourd'hui dépassée. Aujourd'hui, elle aime se définir comme Entrepreneurica : une entrepreneuse à vocation sociale. L'entrepreneuriat avec un impact."
274;Patricia Ceysens;Speaker;Female;Dutch, French, English;https://readmylips.be/sites/default/files/speakers/Ceysens_Patricia_200306_foto1.jpg;Patricia Ceysens als spreker op jouw evenement? Neem vrijblijvend contact op met sprekersbureau Read My Lips.;Dutch;"Management, Ondernemen, MVO (Maatschappelijk verantwoord ondernemen), Technologie &amp; innovatie, Innovatie &amp; trends";Non-profit;Yes;"Wie is Patricia Ceysens?
Haar politieke carrière bij de liberale partij nam in 1995 een vlucht met een verkiezing tot gemeenteraadslid in Leuven, provincieraadslid in Vlaams-Brabant en lid van het Vlaams Parlement. Later werd ze fractievoorzitter voor Open Vld in het Vlaams Parlement. Ze werd in die periode ook bekend met haar boek en gelijknamig concept E-mama, wat staat voor de combinatie van werk en gezin door op innovatieve wijze gebruik te maken van de prille digitalisering door plaats- en tijdonafhankelijk te werken.
Als minister van Economie en Innovatie concentreerde haar beleid zich op vergroening en verduurzaming van onze economie. Haar politieke carrière beëindigde ze in 2019 om zich volop te focussen op haar – inmiddels uit de kluiten gewassen – start-up WeWatt. Vandaag noemt ze zichzelf graag Ondernemica: een onderneemster met een maatschappelijke insteek. Ondernemen met impact."
342;Patrick Herbots;Speaker;Male;Dutch, French;https://readmylips.be/sites/default/files/speakers/Foto%20PH_0.jpg;Patrick Herbots als spreker op jouw evenement? Neem vrijblijvend contact op met sprekersbureau Read My Lips voor meer informatie.;French;Le monde actuel, Sécurité, Droit, Philosophie, religion et spiritualité;;Yes;"Qui est Patrick Herbots ?
Rares sont ceux qui se retrouvent derrière les barreaux, et encore plus rares sont ceux qui veulent témoigner de ce qui se passe derrière les murs d'une prison. Avocat au parquet fédéral, Patrick a été détenu pendant 104 jours à la prison de Forest, soupçonné de trafic d'êtres humains et d'atteinte à la vie privée. Herbots clame son innocence totale et attend la procédure judiciaire. Cependant, il ne reste pas les bras croisés et, dès le premier jour de son incarcération, il observe ce qui se passe autour de lui. Peut-être étrange mais vrai, en tant qu'avocat débutant, il avait déjà tenté à deux reprises, sans succès, d'effectuer un séjour volontaire en prison. Il s'agissait pour lui d'expérimenter directement ce que signifie une condamnation à une peine de prison dans notre pays.
Il a consigné ses expériences dans un livre qui donne un aperçu unique de la vie dans un établissement pénitentiaire. Il vous fait pénétrer dans un monde sur lequel très peu d'informations sont habituellement divulguées. Au cours de sa conférence, il parle en détail de la vie difficile derrière les murs d'un établissement pénitentiaire belge."
342;Patrick Herbots;Speaker;Male;Dutch, French;https://readmylips.be/sites/default/files/speakers/Foto%20PH_0.jpg;Patrick Herbots als spreker op jouw evenement? Neem vrijblijvend contact op met sprekersbureau Read My Lips voor meer informatie.;Dutch;"De wereld vandaag, Veiligheid, Recht, Filosofie, religie &amp; spiritualiteit";;Yes;"Wie is Patrick Herbots?
Weinigen belanden achter de tralies, nog minder willen getuigen over wat er zich allemaal afspeelt achter de gevangenismuren. Patrick werd als jurist van het federaal parket 104 dagen opgesloten in de gevangenis van Vorst op verdenking van mensenhandel en schending van de privacy. Herbots claimt volledig onschuldig te zijn en wacht de rechtsprocedure af. Hij blijft echter niet bij de pakken neerzitten en vanaf de eerste dag van zijn opsluiting observeert hij wat er zich rondom hem afspeelt. Misschien raar maar waar, als beginnend advocaat had hij reeds twee vergeefse pogingen ondernomen om een tijdje vrijwillig in de gevangenis te kunnen doorbrengen. Kwestie van aan den lijve te ondervinden wat het in ons land betekent een gevangenisstraf te krijgen.
Zijn ervaringen schreef hij neer in een boek waarmee hij een unieke kijk geeft op het leven in een strafinstelling. Hij neemt je mee naar een wereld waarover doorgaans bijzonder weinig informatie wordt prijsgegeven. Tijdens zijn lezing vertelt hij uitvoerig over het harde leven achter de muren van een Belgische strafinstelling."
621;Patrick Vermeren;Speaker, Moderator;Male;Dutch, English;https://readmylips.be/sites/default/files/speakers/D85_2581.jpg;Patrick Vermeren is a speaker and moderator at Read My Lips | Subjects: HR, Leadership, Management, Strategy, Corporate Culture.;English;"Current affairs, Science, Management, Leadership and Senior Management, Strategy, HR &amp; Wellbeing, Corporate Culture";;Yes;"Who is Patrick Vermeren?
Patrick Vermeren is a consultant, trainer, coach and science journalist. He is also a board member of SKEPP, the independent Belgian sceptical organisation and works for the Belgian HR service provider, PerCo.  Before that, he was an internal trainer and coach at the Dexia banking group in Brussels and commercial director in the automotive sector. Vermeren has written several books in Dutch. He recently published the controversial book ‘A Skeptic's HR Dictionary’. The good, the bad, and the partially true. "
621;Patrick Vermeren;Speaker, Moderator;Male;Dutch, English;https://readmylips.be/sites/default/files/speakers/D85_2581.jpg;"Patrick Vermeren est orateur et modérateur à Read My Lips | Sujets: RH, management, culture d&#039;entreprise, stratégie.";French;Le monde actuel, Sciences, Management, Leadership et top managers, Stratégie, RH et bien-être, Culture d’entreprise;;No;"Qui est Patrick Vermeren ?
Patrick Vermeren est consultant, formateur, coach et journaliste scientifique. Il est également membre du conseil d’administration de l’ASBL SKEPP et travaille pour le prestataire de services RH belge PerCo. Auparavant, il était entre autres formateur interne et coach auprès du groupe bancaire Dexia à Bruxelles et directeur commercial dans le secteur automobile. Patrick Vermeren a écrit plusieurs ouvrages en néerlandais. Il a récemment publié le livre controversé « A Skeptic’s HR Dictionary. The good, the bad, and the partially true ». "
621;Patrick Vermeren;Speaker, Moderator;Male;Dutch, English;https://readmylips.be/sites/default/files/speakers/D85_2581.jpg;"Patrick Vermeren is spreker en moderator bij Read My Lips | Thema&#039;s: HR, bedrijfscultuur, leiderschap, management, strategie.";Dutch;"De wereld vandaag, Wetenschap, Management, Leiderschap &amp; topmanagers, Strategie, HR &amp; wellbeing, Bedrijfscultuur";;Yes;"Wie is Patrick Vermeren?
Patrick Vermeren is consulent, trainer, coach en wetenschapsjournalist. Hij is ook bestuurslid van SKEPP vzw en werkt voor de Belgische HR-dienstverlener PerCo. Daarvoor was hij ondermeer een interne trainer en coach bij de bankgroep Dexia in Brussel en commercieel directeur in de autosector. Vermeren schreef verschillende boeken in het Nederlands. Recent verscheen van hem het ophefmakende boek A Skeptic’s HR Dictionary. The good, the bad, and the partially true. "
542;Paul De Grauwe;Speaker;Male;Dutch, English;https://readmylips.be/sites/default/files/speakers/DeGrauwe_Paul_200123_1.jpg;Who is Paul De Grauwe?;English;"Current affairs, Politics &amp; Government, Economics";;Yes;"Who is Paul De Grauwe?
Since 2012, Paul has been professor at the London School of Economics and Political Science, and professor emeritus at the University of Leuven. He represented the VLD political party in parliament for many years. As a liberal and free-market ideologist, he is an advocate of the market economy and greater globalisation.
This internationally acclaimed economist doesn’t shy away from controversy and calls a spade a spade. That is why he was awarded the Ark Prize of the Free Word in 2013. Paul offers an exceptional opportunity to test current events against today’s economic laws."
542;Paul De Grauwe;Speaker;Male;Dutch, English;https://readmylips.be/sites/default/files/speakers/DeGrauwe_Paul_200123_1.jpg;Wie is Paul De Grauwe?;Dutch;"De wereld vandaag, Politiek &amp; overheid, Economie";;Yes;"Wie is Paul De Grauwe?
Paul is sedert 2012 professor aan de London School of Economics and Political Science en hoogleraar emeritus aan de Katholieke Universiteit Leuven. Hij zetelde jaren in het Belgisch parlement voor de VLD. Als liberaal en vrije marktideoloog is hij een voorstander van de markteconomie en meer globalisering.
Deze internationaal vermaarde topeconoom gaat de controverse niet uit de weg en durft man en paard te noemen. Daarvoor kreeg hij in 2013 de Arkpijs van het Vrij Woord. Paul biedt de buitengewone gelegenheid om de actualiteit te toetsen aan de economische wetmatigheden van vandaag."
777;Paul Van Den Bosch;Speaker;Male;Dutch, English;https://readmylips.be/sites/default/files/speakers/Paul%20Van%20Den%20Bosch%20%284%29.jpg;"Paul Van Den Bosch as a speaker on your event? Contact the speakers&#039; office Read My Lips for more information.";English;"Entertainment, Sport, Management, Leadership and Senior Management, HR &amp; Wellbeing, Work/Life Balance";;Yes;"Who is Paul Van Den Bosch?
Paul Van Den Bosch is a top sports coach and executive coach. Over his 30-year career as a top sports coach, he has worked with many elite athletes who have achieved world and European titles in various sports disciplines. As an executive coach, he focuses on improving leadership and coaching skills for both individuals and teams. An important focus is on the principles that he has successfully applied when guiding and supporting his top athletes in achieving peak performance. 
In his keynote speech, Paul Van Den Bosch shares his experience regarding the coaching qualities that result in excellent leadership; he also deals with other subjects, including resilient communication, stress as a positive motivator, the effect of a healthy lifestyle on our physical and mental wellbeing, and how strong bonds between people is needed to achieve top results. Inspired storytelling and drawing on his own experiences are key parts of his talks.
He has a Master’s in Physical Education and Movement Sciences (KULeuven), and, together with Bob Verbeeck of the sports marketing bureau, GOLAZO Sports, he set up the successful Energy Lab in 2009.
 "
777;Paul Van Den Bosch;Speaker;Male;Dutch, English;https://readmylips.be/sites/default/files/speakers/Paul%20Van%20Den%20Bosch%20%284%29.jpg;Paul Van Den Bosch als spreker op jouw evenement? Neem vrijblijvend contact op met sprekersbureau Read My Lips voor meer informatie.;Dutch;"Entertainment, Sport, Management, Leiderschap &amp; topmanagers, HR &amp; wellbeing, Balans werk/leven";;Yes;"Wie is Paul Van Den Bosch?
Paul Van Den Bosch is een topsportcoach en een executive coach.
Als topsportcoach werkt(e) hij in zijn 30-jarige coachcarrière met heel wat topatleten die wereld- en Europese titels behaalden in verschillende sportdisciplines. Als executive coach richt hij zich op het verbeteren van leadership- en coachingskills, zowel bij individu's als bij teams. Een belangrijke focus ligt op de principes die hij jarenlang met succes toepaste bij de begeleiding van zijn topatleten naar topprestaties. 
Paul Van Den Bosch deelt in zijn keynotes zijn ervaring op het vlak van coachingkwaliteiten die tot excellent leadership leiden, en hij behandelt verder onderwerpen als veerkrachtige communicatie, stress als positieve motivator, de impact van een gezonde levensstijl op ons fysiek en mentaal welbevinden en hoe een grote verbondenheid tussen mensen nodig is om tot topresultaten te komen. In zijn speeches staan inspirerende storytelling en het putten uit eigen ervaring centraal.
Hij is Master in de Lichamelijke Opvoeding en Bewegingswetenschappen (KULeuven), en in 2009 richtte hij met Bob Verbeeck van het sportmarketingbureau GOLAZO Sports het succesvolle Energy Lab op.
 "
555;Pedro De Bruyckere;Speaker;Male;Dutch, English;https://readmylips.be/sites/default/files/speakers/DeBruyckere_Pedro_200123_1.jpg;Who is Pedro De Bruyckere?;English;"Current affairs, Science, Society &amp; Diversity, Marketing &amp; communication, Social Media";;Yes;"Who is Pedro De Bruyckere?
The youth are like the weather: everyone has an opinion about them. And the same applies to the education system. Nonetheless, few people are better qualified to understand the biggest trends and expel the myths than Pedro De Bruyckere. This self-declared addict of popular culture is a researcher and pedagogue at the Artevelde University of Applied Sciences  in Ghent and Leiden University in the Netherlands. He has been studying the lives of young people for many years and conducts research into authenticity in the education system.
Pedro is an inspirational speaker who, with his enthusiasm and humour, never fails to give the audience – be they bankers, teachers or students - a special and educational evening. He examines the truth behind age-old myths, explains the biggest trends and provides specific tips for all those who deal with young people. You will certainly recognise the issues he raises and will be amazed at how he is able to dissect serious subjects with a sense of humour."
555;Pedro De Bruyckere;Speaker;Male;Dutch, English;https://readmylips.be/sites/default/files/speakers/DeBruyckere_Pedro_200123_1.jpg;Pedro De Bruyckere als spreker op jouw evenement? Neem vrijblijvend contact op met sprekersbureau Read My Lips.;Dutch;"De wereld vandaag, Wetenschap, Samenleving &amp; diversiteit, Marketing &amp; communicatie, Sociale media";;Yes;"Wie is Pedro De Bruyckere?
Jongeren zijn als het weer: iedereen heeft er een mening over. En idem dito als het gaat over onderwijs. Toch kunnen maar weinigen beter de belangrijkste tendensen vatten en de mythes doorprikken als Pedro De Bruyckere. Deze zelfverklaarde verslaafde aan populaire cultuur is onderzoeker en pedagoog aan de Arteveldehogeschool in Gent en aan de Universiteit van Leiden in Nederland. Hij verdiept zich al jaren in de leefwereld van jongeren, en doet onderzoek naar authenticiteit in het onderwijs.
Pedro is een inspirerende spreker, die met zijn enthousiasme en humor telkens weer zijn publiek, of dat nu bankiers zijn, leerkrachten of scholieren, een bijzonder leerrijke avond bezorgt. Hij onderwerpt aloude mythes aan een onderzoek naar hun waarheidsgehalte, geeft duiding bij de belangrijkste tendensen en reikt concrete tips aan voor iedereen die met jongeren te maken heeft. Herkenbaarheid van uw naaste omgeving verzekerd en het blijft onwaarschijnlijk hoe hij ernstige onderwerpen op een grappige manier ontleedt.
 
Luister naar Pedro De Bruyckere in onze podcast Overmorgen. "
267;Peter Adriaenssens;Speaker;Male;Dutch, French, English;https://readmylips.be/sites/default/files/speakers/Adriaenssens_Peter_200305_foto1.jpg;Peter Adriaenssens as a speaker at your event? Feel free to contact speakers office Read My Lips for more information.;English;"Current affairs, Science, Safety, Law, Society &amp; Diversity";;Yes;"Who is Peter Adriaenssens?
Peter Adriaenssens studied child and youth psychiatry. He founded the Vertrouwenscentrum Kindermishandeling (centre for child protection) which specialises in trauma, domestic violence and trauma therapy, in Leuven, where he served as director. Besides being a systemic and family therapist, he became a qualified trainer at Context, was appointed head of the child psychiatry ward at UZ Leuven and later became head of residential care for young teenagers.
Because of his specific expertise, Peter Adriaenssens was asked to help in some notorious cases of child kidnapping and abuse. In 2010, the Adriaenssens Commission investigated sexual abuse among the clergy.
Among other things, he was awarded the Flemish Community Prize for his social commitment. In 2016, this was followed by the Order of Merit from the Flemish Community for services to Flanders. Since 2004, he has also been involved in the work of sister Jeanne Devos and her National Domestic Workers Movement in India, which fights exploitation and child labour. Peter also played an important role in the foundation of the Rode Neuzen (Red Nose) fund. He continues to battle against inequality as chairman of the Child Poverty fund in the King Baudouin Foundation.

          
  












    

  


  
  
      

      Request your offer"
267;Peter Adriaenssens;Speaker;Male;Dutch, French, English;https://readmylips.be/sites/default/files/speakers/Adriaenssens_Peter_200305_foto1.jpg;Peter Adriaenssens comme orateur pour votre événement ? Contactez le bureau des orateurs Read My Lips sans obligation.;French;Le monde actuel, Sciences, Sécurité, Droit, Société et diversité;;Yes;"Qui est Peter Adriaenssens ?
Peter Adriaenssens a étudié la psychiatrie de l'enfant et de l'adolescent. Il a fondé le Leuven Trust Centre for Child Abuse, dont il était le directeur, avec une expertise en matière de traumatisme, de violence domestique et de thérapie du traumatisme. En plus d'être thérapeute systémique et familial, il est devenu formateur accrédité chez Context et a été chef du département de pédopsychiatrie de l'UZ Leuven dès le début, puis chef de la clinique de soins résidentiels pour les jeunes adolescents.
En raison de son expertise spécifique, Peter Adriaenssens a été sollicité dans plusieurs affaires très médiatisées d'enlèvement et de maltraitance d'enfants. En 2010, la Commission Adriaenssens a enquêté sur les abus sexuels dans l'Église.
Pour son engagement social, il a reçu, entre autres, le Prix de la Communauté flamande. En 2016, il a reçu le Grand Ereteken de la Communauté flamande pour ses mérites en faveur de la Flandre. Depuis 2004, il s'implique également dans le travail de Sœur Jeanne Devos et de son Mouvement national des travailleurs domestiques en Inde, qui lutte contre l'exploitation et le travail des enfants. Peter ne pouvait pas non plus manquer le lancement du Red Noses Fund. En tant que président du Fonds contre la pauvreté infantile au sein de la Fondation Roi Baudouin, il poursuit la lutte contre les inégalités.

          
  












    

  


  
  
      

      Demander votre offre"
267;Peter Adriaenssens;Speaker;Male;Dutch, French, English;https://readmylips.be/sites/default/files/speakers/Adriaenssens_Peter_200305_foto1.jpg;Peter Adriaenssens als spreker op jouw evenement? Neem vrijblijvend contact op met sprekersbureau Read My Lips.;Dutch;"De wereld vandaag, Wetenschap, Veiligheid, Recht, Samenleving &amp; diversiteit";;Yes;"Wie is Peter Adriaenssens?
Peter Adriaenssens studeerde kinder- en jeugdpsychiatrie. Hij richtte het Leuvense Vertrouwenscentrum Kindermishandeling op, waarvan hij directeur was, met expertise in trauma, huiselijk geweld en traumatherapie. Naast systeem- en gezinstherapeut werd hij erkend opleider bij Context en was hij van bij de aanvang diensthoofd kinderpsychiatrie aan het UZ Leuven en nadien kliniekhoofd residentiële zorg voor jonge tieners.
Peter Adriaenssens werd, omwille van zijn specifieke expertise, gevraagd in diverse spraakmakende zaken van kinderontvoering en -misbruik. De Commissie Adriaenssens onderzocht seksueel misbruik in de Kerk in 2010.
Voor zijn maatschappelijk engagement kreeg hij onder meer de Prijs van de Vlaamse Gemeenschap. In 2016 volgde het Groot Ereteken van de Vlaamse Gemeenschap voor verdiensten voor Vlaanderen. Sinds 2004 is hij ook betrokken bij het werk van zuster Jeanne Devos en haar National Domestic Workers Movement in India, die strijdt tegen uitbuiting en kinderarbeid. Ook bij de opstart van het Rode Neuzen-fonds kon Peter niet ontbreken. Als voorzitter van het Kinderarmoedefonds binnen de Koning Boudewijnstichting zet hij de strijd tegen ongelijkheid verder.
Als ervaren traumatherapeut schreef hij in 2020 het boek Het kind van de rekening dat aansloot bij de reeks ‘Als je eens wist’ van Hilde Van Mieghem (Canvas). 

          
  












    

  


  
  
      

      Vraag je offerte aan"
344;Peter Bernaerts;Speaker;Male;Dutch, French, English;https://readmylips.be/sites/default/files/speakers/Bernaerts_Peter_200123_1.jpg;Who is Peter Bernaerts?;English;"Media &amp; culture, Arts &amp; Culture, Economics";;Yes;"Who is Peter Bernaerts?
Peter is responsible for day-to-day management at the Antwerp-based auction house that bears his name. It is a genuine family business because, besides his parents, his brother Christophe also works for the company. By giving guest lectures at Flemish universities and working on TV programmes such as Schatten op zolder (Cash in the Attic), Peter has almost become the spokesperson for the art trade.
He talks passionately and enthusiastically as he offers a behind-the-scenes look at an auction house, which people can also visit. He also talks about new trends in the art trade, the future and whether art is affordable for the general public.
Peter Bernaerts presents a strong story, which reflects his passion for his field. He also debunks clichés and prejudices about the job of auctioneer. Once you have heard him speak, your curiosity will be piqued and you will want to immediately visit an auction house."
344;Peter Bernaerts;Speaker;Male;Dutch, French, English;https://readmylips.be/sites/default/files/speakers/Bernaerts_Peter_200123_1.jpg;Wie is Peter Bernaerts?;French;Médias et culture, Art et culture, Économie;;Yes;"Qui est Peter Bernaerts ?
Peter est responsable de la gestion quotidienne de la maison de vente aux enchères d'Anvers qui porte son nom. Le nom d'une véritable entreprise familiale, car outre ses parents, son frère Christophe est également actif dans l'entreprise. En donnant des conférences dans des universités flamandes et en collaborant à l'émission télévisée Schatten op zolder, Peter est en quelque sorte le porte-parole du secteur du commerce de l'art.
Avec beaucoup de talent et d'enthousiasme, il donne un aperçu des coulisses d'une maison de vente aux enchères, que l'on peut également visiter à cette occasion. En outre, il discute des nouvelles tendances du commerce de l'art, de son avenir et de son contenu démocratique.
Peter Bernaerts raconte une histoire forte qui respire l'amour de sa profession. Il démonte les clichés et les préjugés sur la profession de commissaire-priseur. Après l'avoir entendu, vous serez curieux d'entrer dans une salle des ventes la semaine prochaine."
344;Peter Bernaerts;Speaker;Male;Dutch, French, English;https://readmylips.be/sites/default/files/speakers/Bernaerts_Peter_200123_1.jpg;Wie is Peter Bernaerts?;Dutch;"Media &amp; cultuur, Kunst &amp; cultuur, Economie";;Yes;"Wie is Peter Bernaerts?
Peter is verantwoordelijk voor de dagelijkse leiding van het veilinghuis in Antwerpen dat zijn naam draagt. De naam van een echt familiebedrijf, want naast zijn ouders is ook broer Christophe actief in de zaak. Door gastcolleges aan de Vlaamse Universiteiten en medewerking aan het tv-programma Schatten op zolder is Peter zowat de spreekbuis voor de sector van de kunsthandel.
Met veel metier en begeestering geeft hij een inkijk achter de schermen van een veilinghuis, dat bij die gelegenheid ook kan worden bezocht. Bovendien bespreekt hij nieuwe trends in de kunsthandel, de toekomst en het democratisch gehalte ervan.
Peter Bernaerts brengt een sterk verhaal, dat de liefde voor zijn vak ademt. Hij ontkracht clichés en vooroordelen over het vak van veilingmeester. Als je hem hebt horen spreken, stap je volgende week nieuwsgierig een veilinghuis binnen."
949;Peter Berx;Speaker;Male;Dutch;https://readmylips.be/sites/default/files/speakers/LievenScheire_cover_Insecten-zw.jpeg;Peter Berx als spreker op jouw evenement? Neem vrijblijvend contact op met sprekersbureau Read My Lips.;Dutch;De wereld vandaag, Wetenschap, Entertainment, Management, MVO (Maatschappelijk verantwoord ondernemen);;Yes;"Wie is Peter Berx?
Peter Berx is halftijds meesterstoker en halftijds ""creatieve entomoloog"". Al sinds zijn jeugd is hij gefascineerd door insecten. Zijn interesse ligt in de toegepaste entomologie: biologische bestrijding, bestuiving, forensische entomologie. Alles binnen het raakveld tussen de wereld van insecten en die van mensen. Maar het liefst van al probeert hij mensen te overtuigen van de schoonheid en het belang van insecten. Daarom trekt hij rond met de Entomobiel en geeft hij insectensafari's en -workshops. Hij is vast panellid van de Nerdland Maandoverzicht podcast en schreef samen met Lieven Scheire het boek Insecten, het geflipte leven van zespotigen en andere vreemde beesten. In zijn vrije tijd gaat hij graag wandelen of brengt hij tijd door bij zijn vrienden."
1051;Peter Corijn;Speaker;Male;Dutch, English;https://readmylips.be/sites/default/files/speakers/fullsizeoutput_3388_RML.jpg;Peter Corijn als spreker op jouw evenement? Neem vrijblijvend contact op met sprekersbureau Read My Lips voor meer informatie.;English;Management, Leadership and Senior Management, Enterprise, Strategy;;Yes;"Who is Peter Corijn?
Peter Corijn has extensive global experience as a senior executive spanning over 35 years. He served as the CEO of Van de Velde, a publicly traded company active in premium lingerie and swimwear. Prior to that, he held multiple C-Suite positions at Imperial Brands, a top 100 FTSE company, including Global CMO, Chairman of the Operating Committee, and President of Travel Retail. He also worked at P&amp;G as Vice President, overseeing the CEEMEA Shave Care business, which generated more than $1 billion in revenue. Peter is the Founder and CEO of VUCASTAR Consulting. Peter holds two Master’s degrees in Law and has completed several executive programs at INSEAD, IMD, Harvard/Monitor, and West Point TLDG. Peter is a recognized expert in navigating disruption, leading in a VUCA (Volatile Uncertain Complex Ambiguous) world, managing change, and developing brands. He has lectured at INSEAD, IMD, and Solvay Business School and has delivered keynote speeches for various Fortune 500 companies across the globe. Interestingly, Peter is also an accomplished musician. During his youth, he supported well-known bands such as U2, Echo &amp; The Bunnymen, The Scabs, and TC Matic. He still releases music under the name “Paul Numi”. His last 2 albums received international airplay and generated close to 400,000 streams. Additionally, Peter is set to publish his first book on result-oriented leadership and mission success in the fall of 2023. Peter has a keen interest in the martial arts (black belt Shotokan karate &amp; krav maga). He has undergone rigorous training programs led by former SEALs, anti-terror commandos, and SWAT teams to gain insights into their principles of mission accomplishment and ownership."
1051;Peter Corijn;Speaker;Male;Dutch, English;https://readmylips.be/sites/default/files/speakers/fullsizeoutput_3388_RML.jpg;Peter Corijn als spreker op jouw evenement? Neem vrijblijvend contact op met sprekersbureau Read My Lips voor meer informatie.;Dutch;"Management, Leiderschap &amp; topmanagers, Ondernemen, Strategie";;Yes;"Wie is Peter Corijn?
Peter Corijn heeft meer dan 35 jaar wereldwijde ervaring als bedrijfsleider. Hij was CEO van Van de Velde, een beursgenoteerd bedrijf dat actief is in premium lingerie en badmode. Daarvoor bekleedde hij meerdere leidende functies bij Imperial Brands, een FTSE 100-bedrijf, waaronder Global CMO, voorzitter van de raad van bestuur en voorzitter van Travel Retail. Hij was ook vicevoorzitter bij P&amp;G, waar hij verantwoordelijk was voor de CEEMEA Shave Care-activiteiten, goed voor een omzet van meer dan 1 miljard euro. Peter is de oprichter en CEO van VUCASTAR Consulting. Hij heeft twee masters in de rechten en volgde verschillende managerprogramma's bij INSEAD, IMD, Harvard/Monitor en West Point TLDG. Peter is een erkend expert in het omgaan met disruptie, leidinggeven in een VUCA wereld (volatiel, onzeker, complex en ambigu), changemanagement en merkontwikkeling. Hij heeft lezingen gegeven bij INSEAD, IMD en aan de Solvay Business School, naast keynote speeches voor verschillende Fortune 500-bedrijven over de hele wereld. Interessant is dat Peter ook muzikant is. Tijdens zijn jeugd deed hij het voorprogramma van bekende bands als U2, Echo &amp; The Bunnymen, The Scabs en TC Matic. Hij brengt nog steeds muziek uit onder de naam Paul Numi. Zijn laatste twee albums kregen internationale airplay en waren goed voor bijna 400.000 streams. Daarnaast zal Peter in het najaar van 2023 zijn eerste boek publiceren over resultaatgericht leiderschap en het succesvol afronden van missies. Peter heeft een grote interesse in martial arts (zwarte gordel Shotokan-karate &amp; krav maga). Hij volgde strenge trainingsprogramma's onder leiding van voormalige SEAL's, antiterreurcommando's en SWAT-teams om inzicht te krijgen in hun principes om missies uit te voeren en verantwoordelijkheid op te nemen."
346;Peter De Keyzer;Speaker;Male;Dutch, French, English;https://readmylips.be/sites/default/files/speakers/DeKeyzer_Peter_200123_6.jpg;Who is Peter De Keyzer?;English;"Current affairs, Sustainability &amp; Climate, Politics &amp; Government, Economics, Management, Leadership and Senior Management, Enterprise, CSR (Corporate Social Responsibility), Technology &amp; innovation, Innovation &amp; Trends";;Yes;"Who is Peter De Keyzer?
Peter is a well-known commentator in Belgian newspapers and magazines, and on social media. He is a critical observer/analyst of Belgian and European economic policy and is known to regularly ruffle a few feathers.
In 2016, the former chief economist for Petercam and BNP Paribas Fortis decided that it was time to become an entrepreneur and founded his strategic communication bureau, Growth Inc. The agency helps customers to have a sustainable influence on our rapidly changing society. On the right people, institutions, companies and eventually the whole of society. He will be releasing a book about this in 2020. His innovative and sometimes radical ideas allow De Keyzer to get most audiences thinking about the society of tomorrow and how you can help to construct it as an individual, company or organisation."
346;Peter De Keyzer;Speaker;Male;Dutch, French, English;https://readmylips.be/sites/default/files/speakers/DeKeyzer_Peter_200123_6.jpg;Wie is Peter De Keyzer?;French;Le monde actuel, Durabilité et climat, Politique et pouvoirs publics, Économie, Management, Leadership et top managers, Entreprendre, RSE (responsabilité sociétale des entreprises), Technologie et innovation, Innovation et tendances;;Yes;"Qui est Peter De Keyzer ?
Peter est un leader d'opinion bien connu dans les journaux et hebdomadaires belges et sur les médias sociaux. C'est un observateur-analyste critique de la politique économique belge et européenne, qui s'attaque régulièrement aux vaches sacrées.
L'ancien économiste en chef de Petercam et de BNP Paribas Fortis a décidé en 2016 que le moment était venu de devenir lui-même entrepreneur et a fondé l'agence de communication stratégique Growth Inc. Celle-ci aide ses clients à avoir un impact durable dans une société en pleine mutation. Avec les bonnes personnes, les bonnes agences, les bonnes entreprises et, en fin de compte, la société dans son ensemble. Il publiera un nouveau livre à ce sujet en 2020. Avec ses idées novatrices et parfois radicales, M. De Keyzer amène les publics les plus divers à réfléchir à la société de demain et à la manière dont vous pouvez contribuer à la construire en tant qu'individu, entreprise ou organisation."
346;Peter De Keyzer;Speaker;Male;Dutch, French, English;https://readmylips.be/sites/default/files/speakers/DeKeyzer_Peter_200123_6.jpg;Wie is Peter De Keyzer?;Dutch;"De wereld vandaag, Duurzaamheid &amp; klimaat, Politiek &amp; overheid, Economie, Management, Leiderschap &amp; topmanagers, Ondernemen, MVO (Maatschappelijk verantwoord ondernemen), Technologie &amp; innovatie, Innovatie &amp; trends";;Yes;"Wie is Peter De Keyzer?
Peter is bekend opiniemaker in Belgische kranten en weekbladen en op sociale media. Hij is een kritisch observator-analist van de Belgische en Europese economische politiek en stampt daarbij geregeld tegen heilige huisjes.
De voormalige hoofdeconoom van Petercam en BNP Paribas Fortis besloot in 2016 dat de tijd rijp was om zelf ondernemer te worden en richtte het strategisch communicatiebureau Growth Inc. op. Dat staat haar klanten bij om in een snel veranderende maatschappij duurzame invloed te hebben. Bij de juiste personen, instanties, bedrijven en uiteindelijk de hele maatschappij. Hierover brengt hij in 2020 een nieuw boek uit. Met zijn innovatieve en soms radicale ideeën zet De Keyzer de meest diverse publieken aan het denken over de samenleving van morgen en hoe je daaraan als individu, bedrijf of organisatie mee kunt bouwen.
 
Luister naar Peter De Keyzer in onze podcast Overmorgen. "
1162;Peter Decuypere;Speaker;Male;Dutch, English;https://readmylips.be/sites/default/files/speakers/peter_weloveevents_zw_klein.jpg;Peter Decuypere als spreker op jouw evenement? Neem vrijblijvend contact op met sprekersbureau Read My Lips voor meer informatie.;English;"Marketing &amp; communication, Entertainment, Management";;Yes;"Who is Peter Decuypere?
Peter Decuypere is a passionate and inspirational (TEDx) keynote speaker, who will make you laugh and above all make you think. A master in philosophy, he looks at events and marketing as well as life in a surprising, visionary and inspiring way. Peter is an event expert, keynote speaker, author and consultant. He is the founding father of the world-renowned techno brands I Love Techno and Fuse. He sold his company to Live Nation in 2001 and he has continued his passion for events and for marketing as a consultant for the likes of Warmest Week, WeCanDance, the Flemish Government and Time Warp. In early 2015, he published the bestseller ""We love Events. In early 2017, his second book 'Holy Trinity Events' was published, within which he deploys a surprisingly simple marketing model, also usable far beyond the realm of events. In 2023, the extremely well-received book 'Success in 7 Failures' was published in which, from his own entrepreneurial experience, he gives a number of pieces of advice that can be useful in both personal and business life. Peter Decuypere also teaches event marketing and event sustainability and also writes, sometimes quite provocative opinion pieces for the newspaper De Morgen, among others.

          
  












    

  


  
  
      

      Vraag hier een offerte aan"
1162;Peter Decuypere;Speaker;Male;Dutch, English;https://readmylips.be/sites/default/files/speakers/peter_weloveevents_zw_klein.jpg;Peter Decuypere als spreker op jouw evenement? Neem vrijblijvend contact op met sprekersbureau Read My Lips voor meer informatie.;Dutch;"Marketing &amp; communicatie, Entertainment, Management";;Yes;"Wie is Peter Decuypere?
Peter Decuypere is een passionele en inspiratievolle (TEDx)-keynote speaker, die je zal doen lachen en vooral ook doen nadenken. Als master in de filosofie kijkt hij naar events en marketing én het leven op een verrassende, visionaire en inspirerende manier. Peter is event expert, keynote speaker, auteur en consultant. Hij is de founding father van de wereldvermaarde technomerken I love Techno en Fuse. Hij heeft zijn bedrijf in 2001 verkocht aan Live Nation en hij heeft zijn passie voor events en voor marketing verdergezet als consultant voor onder meer de Warmste Week, WeCanDance, de Vlaamse Overheid en Time Warp. Begin 2015 heeft hij de bestseller 'We love Events' gepubliceerd. Begin 2017 is zijn tweede boek 'Holy Trinity Events' verschenen, waarbinnen hij een verrassend eenvoudig marketingmodel ontplooit, ook bruikbaar ver buiten het domein van events. In 2023 is het uiterst positief ontvangen boek 'Succes in 7 mislukkingen' verschenen waarin hij vanuit zijn eigen ondernemerservaring een aantal adviezen meegeeft die zowel in het persoonlijke als in het zakelijke leven van pas kunnen komen. Peter Decuypere is ook docent eventmarketing en duurzaamheid van events en hij schrijft ook, soms best wel provocatieve opiniestukken voor onder meer de krant De Morgen.

          
  












    

  


  
  
      

      Vraag hier een offerte aan"
350;Peter Perceval;Speaker, Moderator;Male;Dutch, French, English;https://readmylips.be/sites/default/files/speakers/Perceval_Peter_200124_2.jpg;Who is Peter Perceval?;English;"Management, Leadership and Senior Management, Enterprise, HR &amp; Wellbeing, Corporate Culture, Work/Life Balance";;No;"Who is Peter Perceval?
Peter is a trainer and coach who has helped over 700 entrepreneurs, team leaders and managers to formulate and convey their business philosophies. This has been done by creating a unique mix of techniques he has acquired during his 30-year career as scriptwriter, documentary maker and director.  Thanks to an original vision of motivation, inspiration, change processes and humour, he is now captivating groups in Belgium, Germany and the Netherlands.
He has his own production studio (3 Pees) and helped to create the first wave of stand-up comedy in Flanders in 1997. Since then, he has collaborated with people such as Geert Hoste, Bert Kruismans, Raf Coppens, Nigel Williams, Alex Agnew, An Nelissen and many others. He also produces successful theatre shows in French and English. In the meantime, he was written 15 books and also helped 25 authors to write and publish their (usually business-related) work."
350;Peter Perceval;Speaker, Moderator;Male;Dutch, French, English;https://readmylips.be/sites/default/files/speakers/Perceval_Peter_200124_2.jpg;Boek Peter Perceval als moderator of spreker en til jouw event naar een hoger niveau! Meer info? Contacteer Read My Lips.;Dutch;"Management, Leiderschap &amp; topmanagers, Ondernemen, HR &amp; wellbeing, Bedrijfscultuur, Balans werk/leven";;No;"Wie is Peter Perceval?
Peter begeleidde als trainer en coach al meer dan 700 ondernemers, team- en bedrijfsleiders in het maken en brengen van hun businessverhalen. Daarbij combineert hij technieken die hij put uit zijn 30 jaar ervaring als scenarist, reportagemaker en regisseur tot een unieke mix. Met zijn originele visie op motiveren, inspireren, veranderingsprocessen en humor begeesterde hij ondertussen groepen in België, Duitsland en Nederland.
Met zijn eigen productiehuis (3 Pees) stond hij in 1997 aan de wieg van de eerste golf stand-upcomedy in Vlaanderen. Hij werkte sindsdien met o.a. Geert Hoste, Bert Kruismans, Raf Coppens, Nigel Williams, Alex Agnew, An Nelissen en vele anderen. Hij maakte ook succesvolle theatervoorstellingen in het Frans en het Engels. Ondertussen schreef hij zelf 15 boeken en begeleidde hij ook 25 auteurs bij het maken en uitgeven van hun (meestal businessgerelateerde) werk."
353;Pieter De Smet;Speaker;Male;Dutch, French;https://readmylips.be/sites/default/files/speakers/DeSmet_Pieter_200123_1.jpg;Who is Pieter De Smet?;English;"Marketing &amp; communication, PR &amp; Communication";;Yes;"Who is Pieter De Smet?
Pieter was born at the start of the golden Sixties, “and was the result of a fertile fusion between two people”, as he likes to put it. “But this merger was so intense that a second unit entered the world at the same time!” He believes that being a twin helped to immediately establish the basis of one of his mottos in life: “Never put off until tomorrow, what you can - together with others - do more efficiently today. And never put off until tomorrow, what you absolutely don’t have to do today.”
Testing ideas and hypotheses, and experiencing them first hand: it has become second nature to Pieter. No one is better placed to combine theory and practice. Besides collaborating with businesses, which enables practical reflection in his work as lecturer, he also acts as adviser to countless organisations and companies, and sits as a judge at the Court of Commerce in Ghent, where he says he has learned a great deal about emotions and body language, particularly when dealing with bankruptcies. “It would be impossible for me to live without this mix; it’s natural for me to view things from multiple perspectives. Knowledge supports your actions and vice versa.”
This typifies Pieter De Smet perfectly. Direct, down-to-earth, very human and 100% sure of what he is saying. “I say and show things exactly how I think of them, but always well argued and well founded. In fact, that’s another one of my mottos: only open your mouth if what you have to say is more interesting than the silence!”"
353;Pieter De Smet;Speaker;Male;Dutch, French;https://readmylips.be/sites/default/files/speakers/DeSmet_Pieter_200123_1.jpg;Wie is Pieter De Smet?;French;Marketing et communication, Relations publiques et communication;;Yes;"Qui est Pieter De Smet ?
Pieter a vu le jour au début des golden sixties, ""résultat de la fusion fructueuse entre deux personnes"", comme il le dit lui-même. ""Plus encore, la collaboration a été si intense que deux unités ont été immédiatement mises au monde ! Selon lui, cette gémellité a immédiatement jeté les bases de l'une des devises de sa vie : ""Ne remets jamais à demain ce que tu peux faire aujourd'hui, avec d'autres, de manière encore plus rentable. Et ne remettez jamais à demain ce que vous ne devriez pas faire aujourd'hui"".
Tester des idées et des hypothèses, et les expérimenter directement : c'est une seconde nature pour Pieter. Il combine la pratique et la théorie comme personne : en plus de travailler avec des entreprises, ce qui est un miroir pratique pour son travail d'enseignant, il agit également en tant que conseiller pour le compte de nombreuses organisations et entreprises, et il est juge dans des affaires d'entreprises au tribunal des entreprises de Gand, où il dit apprendre beaucoup sur les émotions et le langage corporel, en particulier lorsqu'il s'agit de traiter des faillites. ""Sans cette fertilisation croisée, je ne pourrais pas vivre, je suis amené à regarder quelque chose avec des lunettes multiples. Les connaissances soutiennent ce que vous faites et vice versa"".
C'est ce qui caractérise Pieter De Smet dans toute sa longueur. Direct, terre-à-terre, profondément humain et convaincu à 100 % de ce qu'il dit. ""Je dis et montre les choses telles que je les pense, mais toujours de manière raisonnée et justifiée. C'est d'ailleurs une autre de mes devises : n'ouvre la bouche que si ce que tu vas dire est plus intéressant que le silence !"
353;Pieter De Smet;Speaker;Male;Dutch, French;https://readmylips.be/sites/default/files/speakers/DeSmet_Pieter_200123_1.jpg;Wie is Pieter De Smet?;Dutch;"Marketing &amp; communicatie, PR &amp; communicatie";;Yes;"Wie is Pieter De Smet?
Pieter zag het levenslicht aan het begin van de gouden jaren zestig, “als het resultaat van het vruchtbaar samensmelten tussen twee mensen”, zoals hij het zelf verwoordt. “Meer nog, het samenwerken was zo intens dat er meteen twee eenheden op de wereld werden gezet!” Volgens hem werd in dit tweelingschap meteen de basis gelegd voor een van zijn levensmotto’s: “Stel nooit uit tot morgen wat je vandaag, samen met anderen, nog rendabeler kunt doen. En stel ook nooit uit tot morgen wat je vandaag helemaal niet moet doen.”
Ideeën en hypotheses uittesten, én aan de lijve ondervinden: het is een tweede natuur voor Pieter. Hij combineert praktijk en theorie als geen ander: naast zijn samenwerking met bedrijven, een praktische spiegel voor zijn werk als docent, fungeert hij ook als adviseur in opdracht van talrijke organisaties en ondernemingen, en is hij rechter in ondernemingszaken in de Ondernemingsrechtbank Gent, waar hij naar eigen zeggen zeer veel leert over emoties en lichaamstaal, met name bij het afhandelen van faillissementen. “Zonder die kruisbestuiving zou ik onmogelijk kunnen leven, ik ben gemaakt om met meerdere brillen naar iets te kijken. Kennis ondersteunt wat je doet en omgekeerd.”
Het typeert Pieter De Smet ten voeten uit. Direct, nuchter, diep menselijk en 100% overtuigd van wat hij te vertellen heeft. “Ik zeg en toon de dingen zoals ik ze denk, wel altijd beargumenteerd en gemotiveerd. Dat is trouwens nog een motto van me: doe slechts je mond open als hetgeen je zult zeggen interessanter is dan de stilte!”"
235;Pol Hauspie;Speaker;Male;Dutch, English;https://readmylips.be/sites/default/files/speakers/Hauspie_Pol_200124_1.jpg;Who is Pol Hauspie?;English;Management, Leadership and Senior Management;;No;"Who is Pol Hauspie?
The story of L&amp;H is well known. For many years, all kinds of praise was heaped upon Pol Hauspie and Jo Lernout. However, caught up in an economic rat race, they succumbed to fraudulently inflating their turnover figures. Their deceit was uncovered and both founders were thrown into jail. For Pol Hauspie, this started the search for his real self, and his long climb from the depths. But he has rediscovered himself. And he wants to speak openly about this. The passionate speaker leaves no one unmoved. His recovery process has made him a happier person and he wants to share his insights so that others can learn from them.
All proceeds from the lecture will be donated to a social enterprise, namely The H-Web (Happiness web). Pol Hauspie is setting up this venture with the help of others. They want to achieve ‘Happiness’ through sharing. Sharing insights, resources and knowledge. “Never before have there been so many ways to be in contact with one another. We phone, we e-mail, we chat… But do we actually use these tools to be happy or to make others happy? This might be someone close to you or someone on the other side of the world.”"
235;Pol Hauspie;Speaker;Male;Dutch, English;https://readmylips.be/sites/default/files/speakers/Hauspie_Pol_200124_1.jpg;Wie is Pol Hauspie?;Dutch;"Management, Leiderschap &amp; topmanagers";;No;"Wie is Pol Hauspie?
Het verhaal van L&amp;H is bekend. Jarenlang werden Pol Hauspie en Jo Lernout de hemel in geprezen, maar in een economische ratrace vergleden ze naar het frauduleus oppompen van hun omzetcijfers. De bom ontplofte en beide stichters vlogen in de cel. Het was voor Pol Hauspie het begin van een zoektocht naar zichzelf en de klim uit een diep dal. Vandaag heeft hij zichzelf teruggevonden. Hij wil hier open en bloot over getuigen. De gedreven spreker laat geen enkele toehoorder onbewogen. Zijn verwerkingsproces heeft van hem een gelukkiger mens gemaakt en hij wil zijn inzichten delen, opdat anderen eruit kunnen leren.
De opbrengst van de lezing gaat naar een sociaal doel, The H-Web (Happinessweb). Samen met anderen is Pol Hauspie dit aan het oprichten. Zij willen “Happiness” brengen door te delen. Delen van inzichten, middelen en kennis. “Nog nooit waren er zo veel middelen en mogelijkheden om met elkaar in contact te komen. We bellen, we mailen, we chatten… Maar zetten we die middelen ook werkelijk in om gelukkig te zijn of te maken? Dat kan iemand in jouw buurt zijn of aan de andere kant van de wereld.”"
562;Rachid Lamrabat;Speaker;Male;Dutch, English;https://readmylips.be/sites/default/files/speakers/Lamrabat_Rachid_200124_1.jpg;Who is Rachid Lamrabat?;English;"Marketing &amp; communication, Marketing, Management, Enterprise, Strategy, Technology &amp; innovation, Innovation &amp; Trends";;Yes;"Who is Rachid Lamrabat?
We live in a world of change. Since globalisation, a huge wave of migration has been triggered, with new people and new cultures. At the moment, more than 1 consumer in 5 has a migration background. Many companies in our country are blind to the opportunities offered by these new consumers. Due to ignorance, fear of negative reactions or short-sightedness.
Modern companies can ensure a solid future for themselves by connecting with these new consumers. It is, in fact, an unexplored goldmine. What opportunities can super-diversity offer our companies? Rachid advises companies, multinationals, academics and politicians to take steps into this new world and dare to think innovatively in the long term."
562;Rachid Lamrabat;Speaker;Male;Dutch, English;https://readmylips.be/sites/default/files/speakers/Lamrabat_Rachid_200124_1.jpg;Rachid Lamrabat als spreker op jouw evenement? Neem vrijblijvend contact op met sprekersbureau Read My Lips voor meer informatie!;Dutch;"Marketing &amp; communicatie, Marketing, Management, Ondernemen, Strategie, Technologie &amp; innovatie, Innovatie &amp; trends";;Yes;"Wie is Rachid Lamrabat?
We leven in een wereld van verandering. Sinds de globalisering is er een enorme migratiestroom op gang gekomen met nieuwe mensen en culturen. Vandaag heeft meer dan 1 consument op 5 een migratieachtergrond. Veel bedrijven in ons land zijn blind voor de kansen die de nieuwe consumenten bieden. Uit onwetendheid, uit schrik voor negatieve reacties, uit kortzichtigheid.
De connectie maken met deze nieuwe consumenten is voor de bedrijven van vandaag een van de manieren om zich van een goede toekomst te verzekeren. Er ligt daar een onontgonnen goudader open. Welke kansen biedt die superdiversiteit voor onze bedrijven? Rachid adviseert bedrijven en multinationals, academici en politici om een stap in die nieuwe wereld te zetten en ook innovatief te durven denken op de lange termijn."
507;Raf Stevens;Speaker;Male;Dutch, English;https://readmylips.be/sites/default/files/speakers/Stevens_Raf_200124_1_0.jpg;Who is Raf Stevens?;English;"Marketing &amp; communication, PR &amp; Communication, Management, Leadership and Senior Management, Enterprise, Strategy";;No;"Who is Raf Stevens?
For over 15 years, Raf has been helping companies and organisations to use authentic stories to connect with themselves and their employees. He has also set up a development programme called ‘Tribes’ (buildingyourtribe.be), working with knowledge and insights from corporate anthropology. He is inspired by stories, myths and fables about leaders all over the world. Stories are not just entertainment to him; he sees them as a crucial part of modern leadership. Marketing manager in his wild years; radio deejay in his youth. And for the past two years, also host of the successful Story Club Podcast, an interview series about leadership. Author of 3 books: ‘No Story, No Fans’, ‘Sterke leiders, sterke verhalen’ (strong leaders, strong stories), and Raak (Bullseye)!"
507;Raf Stevens;Speaker;Male;Dutch, English;https://readmylips.be/sites/default/files/speakers/Stevens_Raf_200124_1_0.jpg;Wie is Raf Stevens?;Dutch;"Marketing &amp; communicatie, PR &amp; communicatie, Management, Leiderschap &amp; topmanagers, Ondernemen, Strategie";;No;"Wie is Raf Stevens?
Al meer dan 15 jaar ondersteunt Raf bedrijven en organisaties om vanuit de kracht van hun authentieke verhaal verbinding te maken met zichzelf en elkaar. Hij is ook initiatiefnemer van het ontwikkelingsprogramma ‘Tribes’ (buildingyourtribe.be), waar hij werkt met kennis en inzichten vanuit corporate antropologie. Hij haalt zijn inspiratie uit verhalen, mythes en fabels van leiders overal op de wereld. Verhalen zijn voor hem geen speeltje. Hij ziet ze als een cruciaal onderdeel van hedendaags leiderschap. Marketing manager in zijn wilde jaren. Radio deejay in zijn jonge jaren. En sinds 2 jaar ook host van de succesvolle Story Club Podcast, een interviewreeks rond leiderschap. Auteur van 3 boeken: No Story, No Fans, Sterke leiders, sterke verhalen, en Raak!"
685;Riadh Bahri;Speaker, Moderator;Male;Dutch, English;https://readmylips.be/sites/default/files/speakers/Riadh_Bahri_Copyright-Sweertvaegher-Thomas2.jpg;Riadh Bahri als spreker op jouw evenement? Neem vrijblijvend contact op met sprekersbureau Read My Lips!;English;Media;;Yes;"Who is Riadh Bahri?
Riadh Bahri was born in the summer of 1988 to a Belgian mother and Tunisian father. As a child, he grew up in Ghent, where he later studied Language and Literature at university. Even during his studies, he volunteered for an internship at the public broadcasting company. Bahri successively worked for the youth news programme Karrewiet, Terzake and Het Journaal. In recent years, he has specialised in reporting on tourism and aviation. Since 2020, Riadh has worked for the Wetstraat editorial department of VRT NWS. He is also one of the regular newsreaders at VRT. Five years ago, he published his first book: 'Depressed? Loser! About falling hard and getting up again.' In it, he talks about his own struggle with depression and shares the stories of other Flemish young people. Riadh has lived in Brussels for ten years and is married to Niels."
685;Riadh Bahri;Speaker, Moderator;Male;Dutch, English;https://readmylips.be/sites/default/files/speakers/Riadh_Bahri_Copyright-Sweertvaegher-Thomas2.jpg;Riadh Bahri als spreker op jouw evenement? Neem vrijblijvend contact op met sprekersbureau Read My Lips!;Dutch;Media;;Yes;"Wie is Riadh Bahri?
Riadh Bahri werd geboren in de zomer van 1988 als zoon van een Belgische moeder en Tunesische vader. Als kind groeide hij op in Gent waar hij later ook Taal- en letterkunde studeerde aan de universiteit. Nog tijdens zijn studies liep hij vrijwillig stage bij de openbare omroep. Achtereenvolgens werkte Bahri voor het jeugdjournaal Karrewiet, Terzake en Het Journaal. De voorbije jaren verdiepte hij zich in de berichtgeving rond toerisme en luchtvaart. Sinds 2020 werkt Riadh voor de Wetstraatredactie van VRT NWS. Hij is ook een van de vaste nieuwslezers bij VRT. Vijf jaar geleden bracht hij zijn eerste boek uit: ‘Depressief? Loser! Over keihard vallen en weer opstaan.’ Daarin vertelt hij over zijn eigen worsteling met depressie en deelt hij de verhalen van andere Vlaamse jongeren. Riadh woont al tien jaar in Brussel en is getrouwd met Niels.
Luister naar Riadh Bahri in onze podcast Overmorgen. "
276;Rick de Leeuw;Speaker, Moderator;Male;Dutch, English;https://readmylips.be/sites/default/files/speakers/Deleeuw-_Rick_200309_foto1_1.jpg;Who is Rick de Leeuw?;English;"Media &amp; culture, Arts &amp; Culture, Entertainment";Non-profit;Yes;"Who is Rick de Leeuw?
Rick spent twenty years as the lead singer for rock band Tröckener Kecks. He later wrote several novels and poetry collections, and became known for TV programmes such as De Laatste Show. He also presented a music programme called Het hol van De Leeuw (the lion's den) on Radio 1. He acted with KVS and Union Suspecte, translated poetry from the Middle Ages and wrote a play about Father Phil Bosmans for actor Gène Bervoets. He also joined Jan Hautekiet on several successful theatre tours of Flanders and the Netherlands.
He has spent ten years working with Te Gek!?, an organisation that is trying to break the taboo surrounding mental health care. Since 2015, De Leeuw has also been chairman of Het Ventiel, a blossoming buddy network for people with early dementia."
276;Rick de Leeuw;Speaker, Moderator;Male;Dutch, English;https://readmylips.be/sites/default/files/speakers/Deleeuw-_Rick_200309_foto1_1.jpg;Rick de Leeuw als spreker of moderator op jouw evenement? Neem vrijblijvend contact op met sprekersbureau Read My Lips voor meer informatie!;Dutch;"Media &amp; cultuur, Kunst &amp; cultuur, Entertainment";Non-profit;Yes;"Wie is Rick de Leeuw?
Rick was twintig jaar zanger van de rockband Tröckener Kecks. Daarna schreef hij meerdere romans en gedichtenbundels en werd hij bekend van tv-programma’s als De Laatste Show. Op Radio 1 presenteerde hij het muziekprogramma Het hol van De Leeuw. Hij acteerde met KVS en Union Suspecte, vertaalde middeleeuwse poëzie en schreef voor acteur Gène Bervoets een toneelstuk over pater Phil Bosmans. Met Jan Hautekiet speelde hij meerdere succesvolle theatertournees door Vlaanderen en Nederland.
Hij is al tien jaar actief voor Te Gek!?, de organisatie die het taboe rond geestelijke gezondheidszorg tracht te doorbreken. Sinds 2015 is De Leeuw tevens voorzitter van Het Ventiel, een bloeiende buddywerking rond mensen met jongdementie. Hij schreef het boek Nooit alleen, over waarom zorgen voor een ander zorgen voor jezelf is.
 
Luister naar Rick de Leeuw in onze podcast Overmorgen. "
833;Rik Moons;Speaker, Moderator;Male;Dutch, French;https://readmylips.be/sites/default/files/speakers/Boekcover%20Rik_08%5B1%5D.jpg;Rik Moons als speker of moderator op jouw evenement? Neem vrijblijvend contact op met sprekersbureau Read My Lips voor meer info!;French;Marketing et communication, Marketing, Ventes et service à la clientèle, Management, Leadership et top managers;;Yes;"Qui est Rik Moons ?
Après une carrière réussie dans l'industrie pharmaceutique, Rik Moons a fondé sa société MoonsManagement. Celle-ci se concentre sur le leadership et la vente. Rik a enseigné la communication et le leadership à l'Université de Gand pendant 20 ans et a été professeur à l'EMS-Odisee.
Le 15 juillet 2022, Rik s'est retrouvé dans une situation d'urgence avec son avion, qui était incontrôlable. Les images de l'accident, au cours duquel il est descendu avec son parachute de secours, ont été diffusées dans le monde entier. 
Rik a pris la décision d'activer le parachute de secours dans les 5 secondes, une décision directive mais délibérée. Dans les 50 secondes qui ont suivi, Rik a passé en revue la liste des vérifications d'urgence. Dans les dernières secondes avant le crash, il a effectué une manœuvre qui a épargné les maisons et l'a laissé indemne.  
Dans cette présentation, il fait vivre au public ces 60 secondes passionnantes et explique pourquoi il a pu passer froidement du cerveau émotionnel au cerveau rationnel (""fonctionnement cognitif exécutif""). Lorsqu'un pilote déclenche son parachute de secours, il s'agit d'une décision drastique, irrévocable et directive, suivie d'un ""lâcher prise"". 
Au cours de son exposé, Rik fait le lien avec les négociations de prix, le leadership et la prise de décision dans les relations d'affaires. Lors de réunions, de négociations et de conversations difficiles, en tant que manager, vous devez parfois être directif, agir rapidement et faire les bons choix. Vous pouvez aussi laisser vos collaborateurs faire les bons choix tout en assumant vos responsabilités. 
Rik a écrit deux livres :
- Why your solution is the problem"" (Pourquoi votre solution est le problème), dans lequel il décrit le modèle d'entrée/sortie.
- Les questions stupides existent"".
L'essentiel dans ces deux livres est l'importance d'une préparation minutieuse. C'est en effet la seule façon de faire les bons choix dans les situations de crise.
 
 "
833;Rik Moons;Speaker, Moderator;Male;Dutch, French;https://readmylips.be/sites/default/files/speakers/Boekcover%20Rik_08%5B1%5D.jpg;Rik Moons als speker of moderator op jouw evenement? Neem vrijblijvend contact op met sprekersbureau Read My Lips voor meer info!;Dutch;"Marketing &amp; communicatie, Marketing, Verkoop &amp; klantenservice, Management, Leiderschap &amp; topmanagers";;Yes;"Wie is Rik Moons?
Rik Moons richtte, na een succesvolle loopbaan in de farma-industrie, zijn bedrijf MoonsManagement op. De focus ligt op Leiderschap en Sales. Rik doceerde 20 jaar communicatie en leiderschap aan de UGent en was professor aan EMS-Odisee.
Op 15 juli 2022 kwam Rik met zijn vliegtuig in een noodsituatie, zijn toestel was onbestuurbaar. De beelden van het ongeval, waarin hij met zijn noodparachute naar beneden kwam, werden wereldwijd verspreid. 
De beslissing om de noodparachute te activeren nam Rik in 5 seconden, een directieve maar weloverwogen beslissing. In de volgende 50 seconden overliep Rik de noodchecklist. In de laatste seconden voor de crash voerde hij een manoeuver uit waardoor de huizen gespaard bleven en hijzelf ongeschonden bleef.  
In deze presentatie laat hij het publiek deze spannende 60 seconden beleven en beschrijft hij waarom het mogelijk was om koelbloedig te schakelen van het emotionele brein naar het redenerende brein (‘executive cognitive functioning’). Als een piloot zijn noodparachute activeert, is dat een drastische, onherroepelijke, directieve beslissing die gevolgd wordt door “loslaten”. 
Tijdens zijn uiteenzetting legt Rik verbanden met prijsnegotiaties, leiderschap en besliskunde in zakelijk handelen. Tijdens meetings, onderhandelingen en moeilijke gesprekken moet je als leidinggevende soms ook directief zijn, snel handelen en juiste keuzes maken. Of de keuzes aan je medewerkers overlaten en toch zelf de verantwoordelijkheid dragen. 
Rik schreef twee boeken:
-    “Waarom uw oplossing het probleem is” waarin hij het input/output-model beschrijft
-    “Domme vragen bestaan wel”.
De essentie in beide boeken is het belang van een doorgedreven voorbereiding. Want alleen zo kan je in crisissituaties de juiste keuzes maken.
 
 "
355;Rik Pinxten;Speaker;Male;Dutch, French;https://readmylips.be/sites/default/files/speakers/Pinxten_Rik_200128_1zw.jpg;Rik Pinxten als spreker op jouw evenement? Neem vrijblijvend contact op met sprekersbureau Read My Lips.;French;Le monde actuel, Société et diversité, Philosophie, religion et spiritualité;Non-profit;Yes;"Qui est Rik Pinxten ?
Rik est un professeur émérite d'anthropologie culturelle qui a des idées rafraîchissantes sur les religions, les diverses cultures et l'identité de soi. Depuis des années, cet orateur véhicule le message selon lequel le mélange des cultures est non seulement irréversible, mais aussi enrichissant. Pourtant, il s'oppose fermement à la croyance classique en un multiculturalisme qui, selon lui, ne rapproche pas les communautés. Il prône plutôt l'interculturalisme.
Pinxten vous enthousiasme par son message, mais aussi par la manière dont il le délivre. L'humour pince-sans-rire est une arme supplémentaire pour se faire réfléchir et faire réfléchir son public. Il ose philosopher sur les choses de tous les jours sans être pompeux. Laissez-vous guider par cet orateur et vous découvrirez naturellement de nouvelles idées."
355;Rik Pinxten;Speaker;Male;Dutch, French;https://readmylips.be/sites/default/files/speakers/Pinxten_Rik_200128_1zw.jpg;Rik Pinxten als spreker op jouw evenement? Neem vrijblijvend contact op met sprekersbureau Read My Lips.;Dutch;"De wereld vandaag, Samenleving &amp; diversiteit, Filosofie, religie &amp; spiritualiteit";Non-profit;Yes;"Wie is Rik Pinxten?
Rik is professor emeritus culturele antropologie die verfrissende ideeën heeft over religies, diverse culturen en de eigen identiteit. Al jaren draagt deze spreker de boodschap uit dat de vermenging van culturen niet alleen onomkeerbaar is, maar ook verrijkend. Toch is hij sterk gekant tegen het klassieke geloof in multiculturalisme, dat volgens hem gemeenschappen niet samenbrengt. In plaats daarvan pleit hij voor interculturalisme.
Pinxten prikkelt je met zijn boodschap, maar ook met de manier waarop hij ze brengt. Droge humor is een extra wapen om zichzelf en zijn publiek tot nadenken te stemmen. Hij durft te filosoferen over dagdagelijkse dingen, zonder daarbij hoogdravend te zijn. Laat je door deze spreker mee leiden en je komt vanzelf tot nieuwe inzichten."
361;Rik Van Cauwelaert;Speaker, Moderator;Male;Dutch, French, English;https://readmylips.be/sites/default/files/speakers/R.%20Van%20Cauwelaert5-crop_0.jpg;Who is Rik Van Cauwelaert?;English;"Current affairs, Politics &amp; Government, Society &amp; Diversity, History, Economics";Non-profit;Yes;"Who is Rik Van Cauwelaert?
Over forty years of experience in journalism, twenty-six of which were spent working for weekly magazine Knack. So it's not surprising that Rik was among the three most influential Belgian journalists on Twitter in 2012. His critical stance towards our political leaders is appreciated, or at least followed, by many people. His razor-sharp analyses and extensive knowledge make him the ideal moderator for your panel discussion or debate evening. Add to this his tireless drive to provide neutral and quality reporting. And what you get is a speaker with clear and well-founded views - on Belgian and European political and historical events - that will fascinate everyone."
361;Rik Van Cauwelaert;Speaker, Moderator;Male;Dutch, French, English;https://readmylips.be/sites/default/files/speakers/R.%20Van%20Cauwelaert5-crop_0.jpg;Rik Van Cauwelaert als spreker of moderator op jouw evenement? Neem vrijblijvend contact op met sprekersbureau Read My Lips!;French;Le monde actuel, Politique et pouvoirs publics, Société et diversité, Histoire, Économie;Non-profit;Yes;"Qui est Rik Van Cauwelaert ?
Plus de quarante ans d'expérience journalistique, dont vingt-six ans à l'hebdomadaire Knack. Il n'est pas étonnant que Rik figure parmi les trois journalistes belges les plus influents sur Twitter en 2012. Sa position critique à l'égard des détenteurs du pouvoir politique est appréciée ou du moins suivie par beaucoup. Ses analyses pointues et son énorme connaissance des faits font de lui le modérateur idéal pour votre débat ou votre soirée de discussion. Ajoutez à cela une recherche inlassable de reportages indépendants et de qualité. Vous obtenez alors un orateur qui peut captiver toutes les personnes présentes dans la salle avec des opinions franches et solidement étayées sur l'enchevêtrement politique et historique en Belgique et en Europe."
361;Rik Van Cauwelaert;Speaker, Moderator;Male;Dutch, French, English;https://readmylips.be/sites/default/files/speakers/R.%20Van%20Cauwelaert5-crop_0.jpg;Rik Van Cauwelaert als spreker of moderator op jouw evenement? Neem vrijblijvend contact op met sprekersbureau Read My Lips!;Dutch;"De wereld vandaag, Politiek &amp; overheid, Samenleving &amp; diversiteit, Geschiedenis, Economie";Non-profit;Yes;"Wie is Rik Van Cauwelaert?
Meer dan veertig jaar journalistieke ervaring, waarvan zesentwintig jaar bij het weekblad Knack. Geen wonder dat Rik in 2012 in de top drie staat van de meest invloedrijke Belgische journalisten op Twitter. Zijn kritische houding tegenover de politieke machthebbers wordt gesmaakt of op zijn minst gevolgd door velen. Zijn vlijmscherpe analyses en enorme feitenkennis maken hem tot de ideale moderator voor uw debat of gespreksavond. Koppel dit aan een onvermoeibaar streven naar onafhankelijke en kwaliteitsvolle berichtgeving. Dan krijg je een spreker die met uitgesproken en sterk onderbouwde standpunten over het politieke en historische kluwen in België en Europa iedereen in de zaal kan boeien.
Luister naar Rik Van Cauwelaert in onze podcast Overmorgen. "
554;Rob (Fly) Vliegen;Speaker;Male;Dutch, French, English;https://readmylips.be/sites/default/files/speakers/Fly-Rob_Vliegen_20200602_foto2_RML.jpg;Rob (Fly) Vliegen - Speaker Read My Lips;English;"Management, Leadership and Senior Management, HR &amp; Wellbeing, Corporate Culture";Non-profit;Yes;"Who is Robert (Fly) Vliegen?
Robert Vliegen, who is better known to the general public as Fly from the popular TV programme ‘Kamp Waes’, started his career with the Special Forces in 1991. He was living his childhood dream. A job in which he had the honour and pleasure of working with some exceptional men and women. His career has not only given him insight into the positive and not so positive human characteristics, but has also taught him that you can overcome any problem with the right degree of determination.
The saying that “no tree can grow to heaven unless its roots reach down to hell” certainly applies to the Special Forces. “It's about the duality whereby you must first know your inner demons before you can reach enlightenment. No one realises what they are capable of, both in a good and a bad sense, until they are tested and pushed to their limit”, says Fly.
“When preparing soldiers –not only to survive, but also to function in conflict situations – you have to prepare them for physical as well as mental suffering: physical deprivation, low-calorie intake, no sleep, etc. Unlike other elite training processes, we don’t push our candidates to their limits in order to create group cohesion. We make things increasingly difficult for every individual. And we don’t allow people to help each another. This enables us to select the strongest characters, who are then made into a team.”"
554;Rob (Fly) Vliegen;Speaker;Male;Dutch, French, English;https://readmylips.be/sites/default/files/speakers/Fly-Rob_Vliegen_20200602_foto2_RML.jpg;Rob (Fly) Vliegen comme orateur à votre évènement ? Contactez Read My Lips, notre bureau d’orateurs spécialisés !;French;Management, Leadership et top managers, RH et bien-être, Culture d’entreprise;Non-profit;Yes;"Qui est Robert (Fly) Vliegen ?
Robert Vliegen, mieux connu sous le nom de Fly grâce à l’émission « Kamp Waes » diffusée sur Eén, a débuté dans les forces spéciales en 1991. La réalisation d’un rêve d’enfant. Il a alors l’honneur et le plaisir de travailler avec des hommes et des femmes d’exception. Il découvre les côtés positifs et négatifs de l’homme et apprend surtout que la ténacité permet de surmonter tous les problèmes.
« No tree can grow to heaven unless its roots reach down to hell » : une maxime qui se vérifie souvent dans les FS. « Elle parle de la dualité et de la nécessité de connaitre ses propres démons avant de trouver l’apaisement. Personne ne sait ce dont il est capable, tant dans le bon que dans le mauvais sens, jusqu’à avoir été mis à l’épreuve et poussé à l’extrême », déclare Fly.
« Pour que des militaires soient prêts à survivre et à fonctionner dans un environnement de conflit, ils doivent être préparés à souffrir physiquement et mentalement : privation physique, de calories, de sommeil... Contrairement à d’autres formations d’élite, nous ne faisons pas souffrir nos candidats pour susciter de la cohésion. Nous augmentons sans cesse la difficulté pour chacun. Chez nous, l’entraide est interdite. Nous repérons ainsi les caractères les plus forts et en faisons une équipe. »"
554;Rob (Fly) Vliegen;Speaker;Male;Dutch, French, English;https://readmylips.be/sites/default/files/speakers/Fly-Rob_Vliegen_20200602_foto2_RML.jpg;Rob (Fly) Vliegen als spreker op jouw evenement? Neem vrijblijvend contact op met sprekersbureau Read My Lips.;Dutch;"Management, Leiderschap &amp; topmanagers, HR &amp; wellbeing, Bedrijfscultuur";Non-profit;Yes;"Wie is Robert (Fly) Vliegen?
Robert Vliegen, bij het grote publiek beter bekend als Fly uit het Eén-programma ‘Kamp Waes’, startte zijn carrière bij de Special Forces in 1991. Een jongensdroom die uitkwam. Een job waar hij de eer en het genoegen heeft te werken met uitzonderlijke mannen én vrouwen. Zijn carrière gaf hem niet alleen inzicht in de mooie en minder mooie eigenschappen van de mens, maar leerde hem vooral dat je ieder probleem kunt overwinnen met het nodige doorzettingsvermogen. 
“No tree can grow to heaven unless its roots reach down to hell” is eens te meer van toepassing bij de SF. “Het gaat over de dualiteit waarbij je je eigen demonen moet leren kennen vooraleer je verlichting kunt vinden. Niemand realiseert zich tot wat hij in staat is, zowel in de goede als in de slechte zin, tot hij getest én tot het uiterste gedreven wordt”, aldus Fly. 
“Om militairen klaar te stomen – niet alleen om te overleven, maar ook om te functioneren in een conflictomgeving – moeten ze voorbereid zijn op fysiek en mentaal lijden: fysieke ontbering, een tekort aan calorieën, geen slaap …  In tegenstelling tot andere elite¬-opleidingen breken we onze kandidaten niet af om daaruit groeps¬cohesie te creëren. We maken het steeds zwaarder voor ieder individu. Elkaar helpen is verboden bij ons. Wij halen er zo de sterkste karakters uit en maken daar een team van.”"
955;Rob Heirbaut;Speaker, Moderator;Male;Dutch, French, English;https://readmylips.be/sites/default/files/speakers/Rob%20Heirbaut.jpg;Rob Heirbaut als sprekers op jouw evenement? Contacteer sprekersbureau Read My Lips vrijblijvend voor meer informatie!;English;"Current affairs, Politics &amp; Government, History";;Yes;"Who is Rob Heirbaut?
Rob Heirbaut is Europe expert at VRT NWS. He was born in Sint-Niklaas (1967), and successively studied law and communication sciences at the University of Ghent. In 1992, he started work as a lawyer at the foreign policy department of the Ministry of the Flemish Community. At the end of 1993, he was able to start as a journalist at the VRT TV news service. There he has been reporting on the ins and outs of the European Union since 2002. Together with Ghent professor Hendrik Vos, he wrote the book ""How Europe affects our lives"" (2008). They received the Wablieft prize for plain language for this book. In 2019, they published their second book: ""Europe in turbulent waters"". Rob Heirbaut and Hendrik Vos co-created the television series ""The Iron Curtain"" for Canvas in 2014, 25 years after the fall of the Berlin Wall. As a child, Rob Heirbaut loved playing football and gymnastics. Nowadays, cycling is his passion. He is one of the driving forces behind the ""24 hours of Bindkracht"", in which participants try to cycle as many kilometres as possible to raise money for vzw Binkdracht, a project for young people with disabilities, of which Rob is one of the godparents."
955;Rob Heirbaut;Speaker, Moderator;Male;Dutch, French, English;https://readmylips.be/sites/default/files/speakers/Rob%20Heirbaut.jpg;Rob Heirbaut als sprekers op jouw evenement? Contacteer sprekersbureau Read My Lips vrijblijvend voor meer informatie!;French;Le monde actuel, Politique et pouvoirs publics, Histoire;;Yes;"Qui est Rob Heirbaut ?
Rob Heirbaut est expert en Europe à la VRT NWS. Né à Saint-Nicolas (1967), il a étudié successivement le droit et les sciences de la communication à l'université de Gand. En 1992, il a commencé à travailler comme juriste au département de politique étrangère du ministère de la Communauté flamande. Fin 1993, il a pu commencer à travailler comme journaliste au service d'information de la VRT. Depuis 2002, il couvre les tenants et les aboutissants de l'Union européenne. Avec Hendrik Vos, professeur à Gand, il a écrit le livre ""How Europe affects our lives"" (2008). Ce livre leur a valu le prix Wablieft du langage clair. En 2019, ils ont publié leur deuxième livre : ""L'Europe en eaux troubles"". Rob Heirbaut et Hendrik Vos ont co-créé la série télévisée ""The Iron Curtain"" pour Canvas en 2014, 25 ans après la chute du mur de Berlin. Enfant, Rob Heirbaut aimait jouer au football et faire de la gymnastique. Aujourd'hui, c'est le cyclisme qui le passionne. Il est l'une des forces motrices des ""24 heures de Bindkracht"", au cours desquelles les participants tentent de parcourir le plus grand nombre de kilomètres possible à vélo afin de récolter des fonds pour l'asbl Binkdracht, un projet destiné aux jeunes handicapés, dont Rob est l'un des parrains."
955;Rob Heirbaut;Speaker, Moderator;Male;Dutch, French, English;https://readmylips.be/sites/default/files/speakers/Rob%20Heirbaut.jpg;Rob Heirbaut als sprekers op jouw evenement? Contacteer sprekersbureau Read My Lips vrijblijvend voor meer informatie!;Dutch;"De wereld vandaag, Politiek &amp; overheid, Geschiedenis";;Yes;"Wie is Rob Heirbaut?
Rob Heirbaut is Europa-expert bij VRT NWS. Hij werd geboren in Sint-Niklaas (1967), en studeerde achtereenvolgens rechten en communicatiewetenschappen aan de Universiteit Gent. In 1992 ging hij aan de slag als jurist bij het departement buitenlands beleid van het ministerie van de Vlaamse Gemeenschap. Eind 1993 kon hij als journalist beginnen bij de TV-nieuwsdienst van de VRT. Daar brengt hij sinds 2002 verslag uit over het reilen en zeilen van de Europese Unie. Samen met de Gentse professor Hendrik Vos schreef hij het boek ""Hoe Europa ons leven beïnvloedt"" (2008). Ze kregen voor dit boek de Wablieftprijs voor klare taal. In 2019 verscheen hun tweede boek: ""Europa in woelig water"". Rob Heirbaut en Hendrik Vos maakten in 2014, 25 jaar na de val van de Berlijnse Muur, voor Canvas samen de televisiereeks ""Het IJzeren Gordijn"". Als kind hield Rob Heirbaut van voetballen en turnen. Tegenwoordig is fietsen zijn passie. Hij is één van de drijvende krachten achter de ""24 uur van Bindkracht"", waarbij deelnemers zoveel mogelijk kilometers proberen te fietsen om geld in te zamelen voor vzw Binkdracht, een project voor jongeren met een beperking, waarvan Rob een van de peters is."
365;Rolf Falter;Speaker;Male;Dutch;https://readmylips.be/sites/default/files/speakers/Falter_Rolf_200128_1zw.jpg;Who is Rolf Falter?;English;"Current affairs, Politics &amp; Government, History, Economics";Non-profit;No;"Who is Rolf Falter?
Rolf is an historian, author, journalist and communication expert. Rolf feels at home on the cutting edge of history, journalism and politics. He uses a very fascinating and illuminating approach to tell a tale that continuously places the present and past in a new perspective.
If Belgian history has taught us one thing, it is this: there is such a thing as coincidence. History is like a game of billiards. Historian and former journalist Rolf has written a book about it: België. Een geschiedenis zonder land (Belgium, a history without a country). What initially started as a search for the roots of the country's community-based conflict, ended as an alternative history of Belgium. He has written a book on the true DNA of our country. “Oorlog, plundering, moord en verkrachting. Dat is wat ons verbindt.” (War, plunder, murder and rape. That is what unites us). A nation lost on the battlefield of history.
The European Union is now also fighting for survival. He has just written a book about that too. Rolf uses understandable language to explain the European Union, its history, scope, failings, ambitions, failures and its crisis."
365;Rolf Falter;Speaker;Male;Dutch;https://readmylips.be/sites/default/files/speakers/Falter_Rolf_200128_1zw.jpg;Rolf Falter als spreker op jouw evenement? Neem vrijblijvend contact op met sprekersbureau Read My Lips voor meer informatie.;Dutch;"De wereld vandaag, Politiek &amp; overheid, Geschiedenis, Economie";Non-profit;No;"Wie is Rolf Falter?
Rolf is historicus, auteur, journalist en communicatie-expert. Rolf voelt zich goed op het snijvlak van geschiedenis, journalistiek en politiek. Hij vertelt op een zeer boeiende en verhelderende wijze een verhaal waar verleden en heden voortdurend in een nieuw perspectief worden geplaatst.
Als de Belgische geschiedenis ons één zaak leert, dan is het dit: het toeval bestaat. Geschiedenis als potje biljart. Historicus en gewezen journalist Rolf schreef er een boek over: België. Een geschiedenis zonder land. Wat begon als een zoektocht naar de roots van ons communautaire conflict, eindigde als een alternatieve geschiedenis van België. Hij schreef een boek over het echte DNA van ons land. “Oorlog, plundering, moord en verkrachting. Dat is wat ons verbindt.” Een natie verdwaald op het slagveld van de geschiedenis.
Ook de Europese Unie vecht vandaag voor haar overleven. En ook daarover schreef hij net een boek. In begrijpbare bewoordingen legt Rolf de Europese Unie uit, haar geschiedenis, haar reikwijdte, haar onvermogen, haar ambities, haar mislukkingen, haar crisis."
564;Roos Van Acker;Moderator;Female;Dutch, English;https://readmylips.be/sites/default/files/speakers/VanAcker_Roos_200125_1.jpg;Who is Roos Van Acker?;English;"Media &amp; culture, Entertainment";;No;"Who is Roos Van Acker? 
Roos has a warm and familiar voice, but also a famous face. She spent over 15 years going on adventures for VT4: she explored the wide world when presenting Expeditie Robinson and Peking Express. She was the first female reality-TV presenter and earned various TV awards for both programmes, in Belgium as well as the Netherlands.
She has been a regular voice at Studio Brussel for many years, winning a series of Humo’s pop poll medals. At the moment, she presents a weekend breakfast show called De tijdloze for Studio Brussel. Roos Van Acker has the boundless enthusiasm and appetite needed to successfully manage any event."
564;Roos Van Acker;Moderator;Female;Dutch, English;https://readmylips.be/sites/default/files/speakers/VanAcker_Roos_200125_1.jpg;Roos Van Acker als moderator op jouw evenement? Neem vrijblijvend contact op met sprekersbureau Read My Lips voor meer informatie!;Dutch;"Media &amp; cultuur, Entertainment";;No;"Wie is Roos Van Acker?
Roos is een bekende, warme stem maar ook een bekend gezicht. Meer dan 15 jaar lang ging ze voor VT4 op avontuur: de wijde wereld verkennen door Expeditie Robinson en Peking Express te presenteren. Ze werd de eerste vrouwelijke Vlaamse reality tv-presentatrice en heeft voor beide programma’s heel wat tv-prijzen in de wacht gesleept, zowel in België als in Nederland.
Al jarenlang is ze ook een vaste stem bij Studio Brussel, wat haar een reeks Humo’s pop poll-medailles heeft opgeleverd. Zo presenteert ze elke weekendochtend De tijdloze op Studio Brussel. Roos Van Acker leidt met veel enthousiasme en goesting jouw evenement in goede banen."
369;Ruben Mersch;Speaker;Male;Dutch, English;https://readmylips.be/sites/default/files/speakers/Mersch_Bruno_200124_1.jpg;Who is Ruben Mersch?;English;"Current affairs, Science, Sustainability &amp; Climate, Politics &amp; Government, Society &amp; Diversity, Philosophy, Religion and Spirituality, Marketing &amp; communication, PR &amp; Communication, Management, Leadership and Senior Management";Non-profit;Yes;"Who is Ruben Mersch?
Ruben studied philosophy and biology in Ghent. After completing his studies, he entered the pharmaceutical industry as an IT project leader. Until the company that he worked for was taken over by large American pharmaceuticals group. It was suddenly all about turning disease into profit and ideals were replaced by the pursuit of profit margins. So he quit and decided to write his first book.
In Oogklepdenken, Waarom wij allemaal idioten zijn (Blinkers; why we are all idiots) he closely examines human thinking. We tend to believe that we are rational beings, but is that the case? This book searches for pitfalls in our reasoning and unveils the idiot in each and everyone one of us. An idiot that makes us susceptible to the half truths and complete lies we encounter on a daily basis. His book was crowned with the Zesde Vijs prize, which SKEPP awards each year for achievements in disseminating objective knowledge.
After this success, he became a columnist at De Standaard, where he exposes one fallacy every two weeks.
His second book was released in 2016: Waarom iedereen altijd gelijk heeft (Why everyone is always right). Why do discussions result in two sides; both convinced about being the source of all wisdom? Why do we so gladly entrench ourselves behind what we believe to be the truth? He tries to answer these questions using the insights of psychologists, anthropologists, biologists, philosophers and an eighteenth-century preacher with a passion for billiards.
He then goes in search of solutions. He delves into the scientific literature in search of clues towards transcending the polarisation of our day. How do you convert a difference of opinion into a constructive debate? The result of this quest was published in 2018 under the title Van mening verschillen, Een handleiding (Difference of opinion - A guide).
Since January 2019, he has worked as a correspondent for De Correspondent. This involves writing two articles a month, in which he places Big Pharma under the microscope.
As a speaker, his main aim is to not bore people. His presentations barely contain text and he uses paranormal octopuses, dishonest politicians, cockroaches and the low-hanging pants of hip-hop artists to clarify his ideas."
369;Ruben Mersch;Speaker;Male;Dutch, English;https://readmylips.be/sites/default/files/speakers/Mersch_Bruno_200124_1.jpg;Ruben Mersch als spreker op jouw evenement? Neem vrijblijvend contact op met sprekersbureau Read My Lips.;Dutch;"De wereld vandaag, Wetenschap, Duurzaamheid &amp; klimaat, Politiek &amp; overheid, Samenleving &amp; diversiteit, Filosofie, religie &amp; spiritualiteit, Marketing &amp; communicatie, PR &amp; communicatie, Management, Leiderschap &amp; topmanagers";Non-profit;Yes;"Wie is Ruben Mersch?
Ruben studeerde filosofie en biologie in Gent. Na zijn studies verzeilde hij in de farmaceutische industrie als projectleider informatica. Tot het bedrijfje waarvoor hij werkte overgenomen werd door een Amerikaanse farmagigant. Plots was het turning disease into profit en werden de idealen vervangen door winstmarges. Hij nam ontslag en besloot zijn eerste boek te schrijven.
In Oogklepdenken, Waarom wij allemaal idioten zijn fileert hij het menselijke denken. We zijn er vaak van overtuigd dat we rationele wezens zijn, maar is dat wel zo? In dit boek gaat hij op zoek naar de valkuilen in ons redeneervermogen en ontmaskert hij de idioot in ieder van ons. Een idioot die ons vatbaar maakt voor de halve waarheden en hele leugens die ons dagelijks overspoelen. Voor dit boek ontving hij ook de Zesde Vijs, een prijs die jaarlijks wordt toegekend door SKEPP aan iemand die zich verdienstelijk heeft gemaakt in het verspreiden van objectieve kennis.
Na dat succes werd hij vaste columnist bij De Standaard, waar hij tweewekelijks een denkfout doorlicht.
In 2016 verschijnt zijn tweede boek: Waarom iedereen altijd gelijk heeft. Waarom ontstaan er in discussies zo vaak twee kampen die er beiden van overtuigd zijn dat ze de wijsheid in pacht hebben? Waarom graven we ons zo graag in de loopgraven van ons eigen gelijk in? Die vragen probeert hij te beantwoorden aan de hand van de inzichten van psychologen, antropologen, biologen, filosofen en een achttiende-eeuwse predikant met een voorliefde voor biljart.
Daarna gaat hij op zoek naar oplossingen. Hij duikt in de wetenschappelijke literatuur op zoek naar aanknopingspunten om de huidige polarisatie te overstijgen. Hoe kun je een meningsverschil omzetten in een constructief debat? Het resultaat van die zoektocht wordt in 2018 uitgegeven als Van mening verschillen, Een handleiding.
Sinds januari 2019 is hij correspondent bij De Correspondent. Voor hen schrijft hij twee keer per maand een stuk waarin hij Big Pharma onder de loep neemt.
Als spreker probeert hij vooral niet saai te zijn. Zijn presentaties bevatten nauwelijks tekst en hij gebruikt  paranormale octopussen, sjoemelende politici, kakkerlakken en de laaghangende broeken van hiphoppers om zijn ideeën met veel humor te verduidelijken.
 
Luister naar Ruben Mersch in onze podcast Overmorgen. "
565;Ruben Van Gucht;Speaker, Moderator;Male;Dutch, French, English;https://readmylips.be/sites/default/files/speakers/VanGucht_Ruben_200124_1.jpg;Who is Ruben Van Gucht?;English;"Media &amp; culture, Media, Entertainment, Sport";;Yes;"Who is Ruben Van Gucht?
He is a well-known face on programmes such as Sportweekend, De Kleedkamer, Extra Time Koers and De Zevende Dag. He also presents a Saturday morning breakfast show called De Weekwatchers on Radio 2. He has written books about Johan Museeuw and Bernard Hinault, as well as the Grote Sporza Quizboek (Big Sporza Quiz Book) and Sportman (Sportsman), a book with various anecdotes he has come across over the years."
565;Ruben Van Gucht;Speaker, Moderator;Male;Dutch, French, English;https://readmylips.be/sites/default/files/speakers/VanGucht_Ruben_200124_1.jpg;Ruben Van Gucht als spreker of moderator op jouw evenement? Neem vrijblijvend contact op met sprekersbureau Read My Lips!;French;Médias et culture, Media, Divertissement, Sport;;Yes;"Qui est Ruben Van Gucht ?
Il est notamment le visage de Sportweekend, De Kleedkamer, Extra Time Koers et De Zevende Dag. Sur Radio2, il présente l'émission de petit-déjeuner De Weekwatchers le samedi matin. Auparavant, il a également écrit des livres sur Johan Museeuw, Bernard Hinault, le Grote Sporza Quizboek et Sportman, un livre contenant les petites et grandes anecdotes qui lui sont arrivées ces dernières années."
565;Ruben Van Gucht;Speaker, Moderator;Male;Dutch, French, English;https://readmylips.be/sites/default/files/speakers/VanGucht_Ruben_200124_1.jpg;Ruben Van Gucht als spreker of moderator op jouw evenement? Neem vrijblijvend contact op met sprekersbureau Read My Lips!;Dutch;"Media &amp; cultuur, Media, Entertainment, Sport";;Yes;"Wie is Ruben Van Gucht?
Hij is onder meer het gezicht van Sportweekend, De Kleedkamer, Extra Time Koers en De Zevende Dag. Op Radio2 presenteert hij op zaterdagochtend de ontbijtshow De Weekwatchers. Eerder schreef hij ook al boeken over Johan Museeuw, Bernard Hinault, het Grote Sporza Quizboek en Sportman, een boek met de kleine en grote anekdotes die de voorbije jaren op zijn pad zijn gekomen."
741;Rudi Francken;Speaker;Male;Dutch, English;https://readmylips.be/sites/default/files/speakers/Rudi%20Francken%20%281%29.jpg;"Rudi Francken as a speaker on your event? Contact speakers&#039; office Read My Lips for more information.";English;"Management, HR &amp; Wellbeing";;No;"Who is Rudi Francken?
Rudi Francken (Essen, 1962) has a Master’s in Physical Education from KU Leuven. He has been passionate about exercise from a young age. After a brief period in education, he worked as a manager in companies such as Nike, Regus and Randstad. 
He started his own organisation in 2001 and worked mainly on themes such as leadership, change and organisational development. 2013 saw the publication of his first book, Birdie Leadership. De 9 holes van duurzaam leiderschap. (The nine holes of sustainable leadership) 
Rudi is fascinated by human behaviour, both individual and in an organisational context, and uses this knowledge to get people and organisations moving. 
With the theme of Adaptivity (AQ), Rudi, together with Tim Vermeire, broaches a very special topical subject. 
Our society is accelerating and we are confronted with a plethora of triggers, far-reaching digitalisation and ever more powerful changes at work and elsewhere. IQ and EQ were for a long time our fundamentals, but now offer insufficient answers. 
AQ is the ability to adapt sensibly, both individually and collectively, to changing circumstances, uncertainties and challenges. AQ is the core competency of the 21st century and helps you to work effectively, steadily and, at the same time, flexibly - thus able to navigate smoothly in this new world.
 "
741;Rudi Francken;Speaker;Male;Dutch, English;https://readmylips.be/sites/default/files/speakers/Rudi%20Francken%20%281%29.jpg;Rudi Francken als spreker op jouw evenement? Neem vrijblijvend contact op met sprekersbureau Read My Lips.;Dutch;"Management, HR &amp; wellbeing";;No;"Wie is Rudi Francken?
`Rudi Francken (Essen, 1962) is Master Lichamelijke Opvoeding (KU Leuven). Van jongs af aan was hij bijzonder gepassioneerd door beweging. Na een korte loopbaan in het onderwijs heeft hij als leidinggevende gewerkt bij bedrijven zoals Nike, Regus en Randstad. 
In 2001 startte hij zijn eigen organisatie en werkte hij vooral rond thema’s als leiderschap, verandering en organisatieontwikkeling. In 2013 werd zijn eerste boek uitgegeven: Birdie Leadership. De 9 holes van duurzaam leiderschap. 
Rudi is bijzonder geboeid door het menselijke gedrag, zowel individueel als in organisatieverband, en benut deze kennis om mensen en organisaties in beweging te zetten. 
Met het thema Adaptiviteit (AQ) snijdt Rudi, samen met Tim Vermeire, een wel heel bijzonder actueel thema aan. 
Onze maatschappij versnelt, we worden geconfronteerd met een overvloed aan prikkels, een verregaande digitalisering en alsmaar krachtigere veranderingen, zowel op als naast ons werk. IQ en EQ waren lange tijd onze fundamenten maar bieden nu onvoldoende antwoord. 
AQ is het vermogen om je individueel en collectief verstandig aan te passen aan veranderende omstandigheden, onzekerheden en uitdagingen. AQ is dé kerncompetentie van de 21ste eeuw en helpt je om krachtdadig in het werk te staan, stabiel en tegelijk flexibel, om vlot in deze nieuwe wereld te navigeren."
1121;Saartje Vandendriessche;Speaker, Moderator;Female;Dutch, French, English;https://readmylips.be/sites/default/files/speakers/221208_SAARTJE_EP6_PPLUS_SOCIAL_THUMB_small_thumb.png;Saartje Vandendriessche als spreker of moderator op jouw evenement? Neem vrijblijvend contact op met sprekersbureau Read My Lips voor meer informatie.;English;"Current affairs, HR &amp; Wellbeing";;Yes;"Saartje Vandendriessche earned her stripes in the media. For 17 years she worked for VRT and made several adventurous programs. Just think of Op de man af, Saar in het bos and Beweeg in uw kot; programs in which Saartje had to get out of her comfort zone and was confronted with fascinating challenges. Today, her challenge is to inspire as many people as possible to live life with more energy. Through keynotes, teambuildings and energy boost camps ( 2-day mini retreats) she raises the energy level of the participants in all areas (through food, exercise , sleep and especially our mindset). And she shows the way to a healthy lifestyle with tons of energy. She does this, as always, in her own unique, energetic way, and with the necessary dose of humor.

          
  












    

  


  
  
      

      Request your offer?"
1121;Saartje Vandendriessche;Speaker, Moderator;Female;Dutch, French, English;https://readmylips.be/sites/default/files/speakers/221208_SAARTJE_EP6_PPLUS_SOCIAL_THUMB_small_thumb.png;Saartje Vandendriessche als spreker of moderator op jouw evenement? Neem vrijblijvend contact op met sprekersbureau Read My Lips voor meer informatie.;French;Le monde actuel, RH et bien-être;;Yes;"Saartje Vandendriessche a gagné ses galons dans les médias. Pendant 17 ans, elle a travaillé pour la VRT et a réalisé plusieurs émissions aventureuses. Il suffit de penser à Op de man af, Saar in het bos et Beweeg in uw kot ; des émissions dans lesquelles Saartje a dû sortir de sa zone de confort et a été confrontée à des défis fascinants. Aujourd'hui, son défi est d'inspirer le plus grand nombre de personnes possible à vivre leur vie avec plus d'énergie. Par le biais de conférences, de teambuildings et de camps de stimulation énergétique (mini-retraites de deux jours), elle améliore les niveaux d'énergie des participants dans tous les domaines (par l'alimentation, l'exercice, le sommeil et surtout notre état d'esprit). Et elle montre la voie vers un mode de vie sain et plein d'énergie. Elle le fait, comme toujours, à sa manière obstinée et énergique, et avec la dose d'humour nécessaire.

          
  












    

  


  
  
      

      Offre?"
1121;Saartje Vandendriessche;Speaker, Moderator;Female;Dutch, French, English;https://readmylips.be/sites/default/files/speakers/221208_SAARTJE_EP6_PPLUS_SOCIAL_THUMB_small_thumb.png;Saartje Vandendriessche als spreker of moderator op jouw evenement? Neem vrijblijvend contact op met sprekersbureau Read My Lips voor meer informatie.;Dutch;"De wereld vandaag, HR &amp; wellbeing";;Yes;"Saartje Vandendriessche verdiende haar strepen in de media. 17 jaar lang werkte ze voor VRT en maakte ze verscheidene avontuurlijke programma’s. Denk maar aan Op de man af, Saar in het bos en Beweeg in uw kot; programma’s waarbij Saartje uit haar comfortzone moest komen en geconfronteerd werd met boeiende uitdagingen. Vandaag is haar uitdaging om zoveel mogelijk mensen te inspireren om met meer energie in het leven te staan. Via keynotes, teambuildings en energy boostcamps ( 2-daagse miniretraites) verhoogt ze de energielevel van de deelnemers op alle vlakken (via voeding, beweging , de slaap en vooral onze mindset). En toont ze de weg naar een gezonde levensstijl met tonnen energie. Dat doet ze, zoals steeds, op haar eigenwijze, energieke manier, én met de nodige dosis humor.

          
  












    

  


  
  
      

      Offerte aanvragen?"
1184;Sam Proesmans;Speaker;Male;Dutch, English;https://readmylips.be/sites/default/files/speakers/SAM_DRIESLUYTEN-8-zw.jpg;Sam Proesmans als spreker op jouw evenement? Neem vrijblijvend contact op met sprekersbureau Read My Lips voor meer informatie.;English;"Healthcare, Current affairs, Science, Sustainability &amp; Climate";;Yes;"Who is Sam Proesmans?
Sam Proesmans (born 1988) is a physician specialising in internal, tropical and emergency medicine and public health. When he first set off into the world with his backpack at 16, it soon became clear to him how lucky he was to have so many opportunities and possibilities. In the years that followed, he alternated his studies in medicine with many internships and trips in Asia, Latin America and Africa, culminating in a 12,000-kilometre trip on a small sports plane from Belgium to Congo- seen in the documentary series Flying Doctors on One. The terrible poverty and total lack of opportunities for so many on this planet gripped him so much that he decided he wanted to have more impact than just on the patient in front of him. After training as a physician specialist, combined with a Masters in Public Health from Columbia University in New York achieved as a Fulbright and B.A.E.F. scholar, he worked as a healthcare management consultant with Boston Consulting Group and advised the Prime Minister during the COVID pandemic. Sam currently works as an emergency physician and medical director at Belgium's largest hospital, where he contributes - with both feet in the field - to improving the health of more than a million people.
 

          
  












    

  


  
  
      

      Request your offer"
1184;Sam Proesmans;Speaker;Male;Dutch, English;https://readmylips.be/sites/default/files/speakers/SAM_DRIESLUYTEN-8-zw.jpg;Sam Proesmans als spreker op jouw evenement? Neem vrijblijvend contact op met sprekersbureau Read My Lips voor meer informatie.;Dutch;"Healthcare, De wereld vandaag, Wetenschap, Duurzaamheid &amp; klimaat";;Yes;"Wie is Sam Proesmans
Sam Proesmans (1988) is arts gespecialiseerd in interne, tropische en urgentiegeneeskunde en public health. Toen hij op zijn 16e voor het eerst met de rugzak de wereld in trok, werd hem al snel duidelijk hoeveel geluk hij had zoveel kansen en mogelijkheden te krijgen. In de jaren die hierop volgden wisselde hij zijn studies geneeskunde af met vele stages en reizen in Azië, Latijns-Amerika en Afrika, met als hoogtepunt een trip van 12.000 km met een klein sportvliegtuigje van België naar Congo—te zien in de documentaire reeks Flying Doctors op Eén. De vreselijke armoede en het totale gebrek aan kansen voor zovelen op deze planeet grepen hem zodanig aan, dat hij besliste dat hij meer impact wilde hebben dan enkel op de patiënt voor hem. Na zijn opleiding tot arts-specialist, in combinatie met een Master in Public Health aan Columbia University in New York behaald als Fulbright en B.A.E.F. scholar, werkte hij als management consultant in de gezondheidszorg bij Boston Consulting Group en adviseerde de Eerste Minister tijdens de COVID-pandemie. Sam werkt momenteel als spoedarts en medisch directeur in het grootste ziekenhuis van België, waar hij — met beide voeten in het veld — bijdraagt aan het verbeteren van de gezondheid van meer dan een miljoen mensen. 

          
  












    

  


  
  
      

      Vraag je offerte aan"
748;Sandra Bekkari;Speaker;Female;Dutch;https://readmylips.be/sites/default/files/speakers/Sandra%20Bekkari%20%282%29.jpg;Sandra Bekkari als spreker op jouw evenement? Neem vrijblijvend contact op met sprekersbureau Read My Lips.;Dutch;"Entertainment, Vrije tijd, Sport, HR &amp; wellbeing, Balans werk/leven";Non-profit;Yes;"Wie is Sandra Bekkari?
Al meer dan 25 jaar helpt voedingsdeskundige Sandra Bekkari mensen bij het ontwikkelen van een gezondere levensstijl. Haar unieke insteek? De Sana-methode: een eenvoudige en effectieve methode om vrouwen en mannen stap voor stap te begeleiden naar een gezonder eet- en beweegpatroon, terwijl ze volop kunnen blijven genieten van lekker eten. Sandra was jarenlang zelf actief als voedingscoach en werkt nu samen met Sana-coaches: een netwerk van 35 voedingsdeskundigen en diëtisten met een eigen praktijk.
Sandra Bekkari is auteur van o.a. de bestsellerreeksen Nooit Meer Diëten en Fast Food, was te zien op VTM met haar eigen kookprogramma ‘Open Keuken’ en tourt sinds 2008 door Vlaanderen met praktisch geïnspireerde lezingen over gezonde voeding, het opbouwen van een nieuwe levensstijl en het proces van gedragsverandering dat daarbij komt kijken.
 "
867;Sara Vercauteren;Speaker;Female;Dutch, French, English;https://readmylips.be/sites/default/files/speakers/Sara%20Vercauteren%20foto.jpg;"Sara Vercauteren as a speaker on your event? Contact the speakers&#039; office Read My Lips for more information.";English;"Marketing &amp; communication";;Yes;"Who is Sara Vercauteren?
Sara Vercauteren has more than 20 years’ experience as a communications expert and spokesperson, initially in politics as spokesperson for a number of ministers. Following that, she was director of communications and spokesperson at DPG Media for ten years. She also chaired the crisis communication team there.
Since 2021, together with Anja Peleman, Sara has been managing director of the PR and strategic communication agency, Bepublic Group. She also teaches spokesmanship at the Thomas More University of Applied Sciences in Mechelen and provides media training to organisations and anyone in need of (crisis) communication advice. In 2018 she released the book 'No Comment. 101 tips for spokespersons and press officers.” That same year, she was voted Spokesperson of the Year."
867;Sara Vercauteren;Speaker;Female;Dutch, French, English;https://readmylips.be/sites/default/files/speakers/Sara%20Vercauteren%20foto.jpg;Sara Vercauteren comme orateur à votre évènement ? Contactez Read My Lips, notre bureau d’orateurs spécialisés !;French;Marketing et communication;;Yes;"Qui est Sara Vercauteren ?
Sara Vercauteren a plus de 20 ans d’expérience en tant qu’experte en communication et porte-parole, à commencer par son rôle de porte-parole politique pour plusieurs ministres. Elle a ensuite été directrice de la communication et porte-parole chez DPG Media pendant dix ans. Elle y était également présidente de l’équipe de communication de crise.
Depuis 2021, elle est, avec Anja Peleman, la directrice générale de l’agence de relations publiques et de communication stratégique Bepublic Group. Elle donne également cours de porte-parole à la Haute école Thomas More de Malines et forme des organisations et quiconque peut utiliser ces conseils de communication (de crise) au média-training. En 2018, elle a sorti le livre « Geen Commentaar. 101 tips voor woordvoerders en persverantwoordelijken ». La même année, elle a été élue porte-parole de l’année."
867;Sara Vercauteren;Speaker;Female;Dutch, French, English;https://readmylips.be/sites/default/files/speakers/Sara%20Vercauteren%20foto.jpg;Sara Vercauteren als spreker op jouw evenement? Neem vrijblijvend contact op met sprekersbureau Read My Lips!;Dutch;"Marketing &amp; communicatie";;Yes;"Wie is Sara Vercauteren?
Sara Vercauteren heeft meer dan 20 jaar ervaring als communicatie-experte en woordvoerder, eerst in de politiek als woordvoerder van een aantal ministers. Daarna was ze tien jaar lang directeur communicatie en woordvoerder bij DPG Media. Daar was ze ook voorzitter van het crisiscommunicatieteam.
Sinds 2021 is ze, samen met Anja Peleman, managing director van pr- en strategisch communicatiebureau Bepublic Group. Daarnaast doceert ze woordvoering aan de Thomas More Hogeschool Mechelen en geeft ze mediatrainingen aan organisaties en iedereen die (crisis)communicatieadvies kan gebruiken. In 2018 bracht ze het boek Geen Commentaar. 101 tips voor woordvoerders en persverantwoordelijken. uit. In datzelfde jaar werd ze verkozen tot Woordvoerder van het Jaar."
718;Sarah Martens;Moderator;Female;Dutch, English;https://readmylips.be/sites/default/files/speakers/Martens_Sarah_210330_1_RML.jpg;"Sarah Martens as a moderator on your event? Contact the speakers&#039; office Read My Lips for more information.";English;"Media &amp; culture, HR &amp; Wellbeing";;Yes;"Who is Sarah Martens?
Before she started working as an independent trainer and moderator (for Unizo and KU Leuven, among others), Sarah was an educational employee at organizations such as Technopolis and Mobiel 21. As a certified pedagogue, she knows how to make complex matters accessible to the general public by asking specific questions. She quickly adapts to new topics. The themes she has the most affinity with are:
•    Sustainability - in particular sustainable mobility
•    Behaviour Change
•    To undertake
•    Creativity
•    Group dynamics and team functioning
•    Well-being and health
Human interaction is Sarah's biggest driver. She knows how to get your audience actively involved in your event - including online. Thanks to her video interviews for Unizo's Starter Platform and a number of professional acting assignments, she has a lot of camera experience and presents your videos or hybrid events effortlessly.
Sarah has a warm, calm demeanor, with the necessary seriousness and disarming humor where appropriate."
718;Sarah Martens;Moderator;Female;Dutch, English;https://readmylips.be/sites/default/files/speakers/Martens_Sarah_210330_1_RML.jpg;Sarah Martens comme modérator à votre évènement ? Contactez Read My Lips, notre bureau d’orateurs spécialisés !;French;Médias et culture, RH et bien-être;;No;"Qui est Sarah Martens?
En tant que diplômée en pédagogie, Sarah est un excellent choix pour faciliter des congrès et des journées d’étude et conduire des sessions de groupe interactives à des résultats exploitables. Elle est chaleureuse et avenante et sait faire preuve de sérieux et d’un humour désarmant en temps opportun.
L’interaction humaine est la principale motivation de Sarah. Même pour les événements en ligne, elle recherche des moyens d’activer les gens et de les relier entre eux. 
Sarah a acquis une grande expérience avec les conférences internationales à l’époque où elle travaillait comme experte en changement de comportement et en mobilité durable pour Mobiel 21. Vous êtes aussi à la bonne adresse pour une séance de questions-réponses passionnante ; Sarah est le visage familier des interviews d’experts lors des Freelance Fridays et sur la Startersplatform d’UNIZO.
En plus de son travail de présentatrice et de modératrice, Sarah tient aussi des rôles au théâtre, à la télévision et au cinéma et fait du doublage de voix en déplacement ou depuis son studio privé. 
 "
718;Sarah Martens;Moderator;Female;Dutch, English;https://readmylips.be/sites/default/files/speakers/Martens_Sarah_210330_1_RML.jpg;Sarah Martens als moderator op jouw evenement? Neem vrijblijvend contact op met sprekersbureau Read My Lips voor meer informatie.;Dutch;"Media &amp; cultuur, HR &amp; wellbeing";;Yes;"Wie is Sarah Martens?
Voor ze aan de slag ging als zelfstandig trainer en moderator (o.a. voor Unizo en KU Leuven), was Sarah educatief medewerker bij organisaties zoals Technopolis en Mobiel 21. Als gediplomeerd pedagoog weet ze met gerichte vragen complexe materie inzichtelijk te maken voor het grote publiek. Ze werkt zich snel in nieuwe onderwerpen in. De thema's waar ze de meeste affiniteit mee heeft zijn:
•    Duurzaamheid - meer bepaald duurzame mobiliteit
•    Gedragsverandering 
•    Ondernemen
•    Creativiteit
•    Groepsdynamiek en teamfunctioneren
•    Welzijn en gezondheid
Menselijke interactie is Sarah's grootste drijfveer. Ze weet hoe je je publiek actief kunt laten participeren in je evenement - ook online. Dankzij haar video-interviews voor het Startersplatform van Unizo en een aantal professionele acteeropdrachten heeft ze veel camera-ervaring en presenteert ze moeiteloos uw video's of hybride evenementen. 
Sarah heeft een warme, rustige uitstraling, met de nodige ernst en ontwapenende humor waar gepast.
Luister naar Sarah Martens in onze podcast Overmorgen."
705;Sarah Steenhaut;Speaker;Female;Dutch, English;https://readmylips.be/sites/default/files/speakers/Steenhaut_Sarah_210302_1.jpg;"Sarah Steenhaut as a speaker on your event? Contact speakers&#039; office Read My Lips for more information!";English;"Marketing &amp; communication, Marketing";;Yes;"Who is Sarah Steenhaut?
Sarah is passionate about marketing. Combining scientific insights with business experience in different industries, she strongly believes in marketing as the driving force behind successful business reorientations in these challenging times. Sarah is motivated by challenges, triggered by complexity, inspired by what is new, and determined to bring about change.
Mother, wife, professor, adviser, manager, girlfriend, … Sarah is many things rolled into one. Sarah is able, from these many different roles, to recount stories that linger, because they are substantiated and full of tangible examples."
705;Sarah Steenhaut;Speaker;Female;Dutch, English;https://readmylips.be/sites/default/files/speakers/Steenhaut_Sarah_210302_1.jpg;Sarah Steenhaut als spreker op jouw evenement? Neem vrijblijvend contact op met Read My Lips voor meer informatie!;Dutch;"Marketing &amp; communicatie, Marketing";;Yes;"Wie is Sarah Steenhaut?
Sarah is gepassioneerd door marketing. Door wetenschappelijke inzichten te combineren met businesservaring in verschillende industrieën, gelooft ze sterk in marketing als de drijvende kracht achter succesvolle zakelijke heroriëntaties in deze uitdagende tijden. Sarah wordt gemotiveerd door uitdagingen, getriggerd door complexiteit, geïnspireerd door wat nieuw is en is vastbesloten om verandering teweeg te brengen.
Mama, echtgenoot, professor, adviseur, manager, vriendin … Sarah is veel in 1 persoon. Vanuit die diverse hoedanigheden brengt Sarah verhalen die blijven hangen, onderbouwd en vol tastbare voorbeelden."
1231;Saskia De Coster;Speaker, Moderator;Female;Dutch, French, English;https://readmylips.be/sites/default/files/speakers/Saskia%20De%20Coster-zwartwit%20overzicht.jpg;Saskia De Coster as a speaker or moderator at your event? Feel free to contact speakers agency Read My Lips for more information.;English;"Current affairs, Philosophy, Religion and Spirituality, Media &amp; culture, Entertainment";;Yes;"Who is Saskia De Coster?
Saskia de Coster (b. 1976) is an artist and opinion maker. She is the author of a quirky and award-winning body of work, including the bestseller 'We and I' (2013) and the widely acclaimed 'Night Parents' (2019). In addition, De Coster stands out as a free-thinking opinion maker and versatile artist with an international outlook. She draws inspiration from artist residencies, from New York over Rome to Cape Town, and has collaborated with internationally renowned, Flemish artists such as Arne Quinze and Rinus van de Velde. From participating in De Slimste Mens to running a marathon, no challenge is beyond her. During the 2020 academic year, she was KULeuven's first writer-in-residence. In the 2023 performance 'the author is present', she had herself locked in a glass cage in the KMSKA museum for a month to finalise her novel 'Net Echt' (2023). Her work has been translated into 10 languages."
1231;Saskia De Coster;Speaker, Moderator;Female;Dutch, French, English;https://readmylips.be/sites/default/files/speakers/Saskia%20De%20Coster-zwartwit%20overzicht.jpg;"Saskia De Coster comme conférencière ou modératrice lors de votre événement ? N&#039;hésitez pas à contacter l&#039;agence de conférenciers Read My Lips pour plus d&#039;infor";French;Le monde actuel, Philosophie, religion et spiritualité, Médias et culture, Divertissement;;Yes;"Qui is Saskia De Coster ?
Saskia de Coster (née en 1976) est une artiste et une rédactrice d'opinion. Elle est l'auteure d'une œuvre idiosyncratique et primée, dont le best-seller ""Wij en ik"" (2013) et l'œuvre largement acclamée ""Nachtouders"" (2019). En outre, De Coster se distingue en tant que faiseuse d'opinion libre et artiste polyvalente avec une perspective internationale. Elle puise son inspiration dans les résidences d'artistes, de New York au Cap en passant par Rome, et a collaboré avec des artistes flamands de renommée internationale tels qu'Arne Quinze et Rinus van de Velde. Qu'il s'agisse de participer à De Slimste Mens ou de courir un marathon, aucun défi ne lui échappe. Au cours de l'année universitaire 2020, elle a été le premier écrivain en résidence de la KULeuven. Lors de la performance de 2023 ""l'auteur est présent"", elle s'est enfermée dans une cage de verre au musée KMSKA pendant un mois pour finaliser son roman ""Net Echt"" (2023). Son œuvre a été traduite en 10 langues."
1231;Saskia De Coster;Speaker, Moderator;Female;Dutch, French, English;https://readmylips.be/sites/default/files/speakers/Saskia%20De%20Coster-zwartwit%20overzicht.jpg;Saskia De Coster als spreker of moderator op jouw evenement? Neem vrijblijvend contact op met sprekersbureau Read My Lips voor meer informatie.;Dutch;"De wereld vandaag, Filosofie, religie &amp; spiritualiteit, Media &amp; cultuur, Entertainment";;Yes;"Wie is Saskia De Coster?
Saskia de Coster (1976) is kunstenaar en opiniemaker. Ze is de schrijver van een eigenzinnig en bekroond oeuvre, waaronder de bestseller ‘Wij en ik’ (2013) en het alom bejubelde ‘Nachtouders’ (2019). Daarnaast laat De Coster zich opmerken als vrij denkend opiniemaker en veelzijdig kunstenaar met een internationale blik. Ze laat zich inspireren tijdens kunstenaarsresidenties, van New York over Rome tot Kaapstad, en werkte samen met internationaal befaamde, Vlaamse kunstenaars als Arne Quinze en Rinus van de Velde. Van deelnames aan De Slimste Mens tot een marathon lopen, geen uitdaging gaat ze uit de weg. Tijdens het academiejaar 2020 was ze de eerste writer-in-residence van de KULeuven. In 2023 liet ze zich in de performance ‘the author is present’ een maand lang opsluiten in een glazen kooi in het KMSKA museum om haar roman ‘Net Echt’ (2023) te finaliseren. Haar werk is in tien talen vertaald."
383;Saskia Van Uffelen;Speaker;Female;Dutch, French, English;https://readmylips.be/sites/default/files/speakers/VanUffelen_Saskia_200124_1.jpg;Who is Saskia Van Uffelen?;English;"Current affairs, Science, Sustainability &amp; Climate, Politics &amp; Government, Society &amp; Diversity, Management, Leadership and Senior Management, Enterprise, Technology &amp; innovation, Innovation &amp; Trends, ICT &amp; Technology";;Yes;"Who is Saskia Van Uffelen?
Saskia has spent over 25 years working in the ICT and telecom business. She was also appointed as ‘Digital Champion’ to represent Belgium at the European Commission. In 2011, Data News crowned her as ICT Woman of the Year. And she has been a role model ever since: not only as top manager and digital ambassador, but also as a female entrepreneur who is able to combine a busy job with a family and five children. Saskia is a staunch believer in a new way of working, whereby the qualities of all generations – babyboomers and generations X, Y and Z – are fully utilised."
383;Saskia Van Uffelen;Speaker;Female;Dutch, French, English;https://readmylips.be/sites/default/files/speakers/VanUffelen_Saskia_200124_1.jpg;Saskia Van Uffelen comme orateur à votre évènement ? Contactez Read My Lips, notre bureau d’orateurs spécialisés !;French;Le monde actuel, Sciences, Durabilité et climat, Politique et pouvoirs publics, Société et diversité, Management, Leadership et top managers, Entreprendre, Technologie et innovation, Innovation et tendances, TIC et technologie;;Yes;"Qui est Saskia Van Uffelen ?
Saskia travaille depuis plus de 25 ans dans le secteur des TIC et des télécommunications. Elle a également été nommée « Digital Champion » pour représenter la Belgique à la Commission européenne. En 2011, Data News l’a nommée « ICT Woman of the Year ». Depuis lors, elle est devenue un modèle à suivre : non seulement en tant que top manager et ambassadrice numérique, mais aussi en tant qu’entrepreneure qui parvient à combiner un emploi exigeant avec une famille de cinq enfants. Saskia préconise systématiquement un nouveau mode de travail abordant pleinement les qualités de toutes les générations : babyboumeurs et générations X, Y et Z."
383;Saskia Van Uffelen;Speaker;Female;Dutch, French, English;https://readmylips.be/sites/default/files/speakers/VanUffelen_Saskia_200124_1.jpg;Wie is Saskia Van Uffelen?;Dutch;"De wereld vandaag, Wetenschap, Duurzaamheid &amp; klimaat, Politiek &amp; overheid, Samenleving &amp; diversiteit, Management, Leiderschap &amp; topmanagers, Ondernemen, Technologie &amp; innovatie, Innovatie &amp; trends, ICT &amp; technologie";;Yes;"Wie is Saskia Van Uffelen?
Saskia werkt al meer dan 25 jaar in de ICT- en telecombusiness. Ze is ook aangesteld als ‘Digital Champion’ om België te vertegenwoordigen bij de Europese commissie. In 2011 roept Data News haar uit tot ICT Woman of the Year. Sinds dan ontpopt ze zich als een rolmodel: niet alleen als topmanager en digitaal ambassadeur, maar ook als vrouwelijk ondernemer die een drukke job weet te combineren met een gezin van vijf kinderen. Saskia pleit steevast voor een nieuwe manier van werken waarbij de kwaliteiten van alle generaties – babyboomers, generaties X, Y en Z – ten volle aan bod komen."
1232;Sébastien Bellin;Speaker;Male;French, English;https://readmylips.be/sites/default/files/speakers/copy%20zwart%20wit_0.png;"Sébastien Bellin as a speaker at your event? Feel free to contact speakers&#039; bureau Read My Lips for more information.";English;"Healthcare, Enterprise, Technology &amp; innovation, ICT &amp; Technology";;Yes;"Who is Sébastien Bellin?
After graduating from the International School of Brussels in 1996, Sébastien Bellin received a sholarship to play NCAA division 1 basketball where he won a Horizon League championship at Oakland University. He went on to play 15 years professionally in Italy and Belgium as well as being the captain of the Belgian National Team for 5 international campaigns.
After retiring from basketball , he was part of the founding team that launched Keemotion , the world's first automated video production system. It was sold in less than three years and eventually became part of the SportRadar group.
As a survivor of the 2016 terrorist attack at the Brussels Airport, he credits his recovery to maintaining the practices of an athlete and creating a mindset of limitless potential.
The attacks left him permanently disabled but at the same time with a unique perspective on Life, discovering what it truly means to ""survive"". He is an active entrepreneur with current start-up ventures in the fields of IT, health , and education. He is the father of two girls, Vanessa and Cecilia and married to Sara Bellin. He splits his time between his home in Brussels, Belgium and a little lake house surrounded by nature in Battle Creek, MI.

          
  












    

  


  
  
      

      Request your offer"
1232;Sébastien Bellin;Speaker;Male;French, English;https://readmylips.be/sites/default/files/speakers/copy%20zwart%20wit_0.png;"Sébastien Bellin comme conférencier lors de votre événement ? N&#039;hésitez pas à contacter l&#039;agence de conférenciers Read My Lips pour plus d&#039;informations.";French;Healthcare, Entreprendre, Technologie et innovation, TIC et technologie;;Yes;"Qui est Sébastien Bellin ?
Après avoir obtenu son diplôme à l'École internationale de Bruxelles en 1996, Sébastien Bellin a reçu une bourse pour jouer au basket-ball en division 1 de la NCAA, où il a remporté le championnat de l'Horizon League à l'Université d'Oakland. Il a joué professionnellement pendant 15 ans en Italie et en Belgique et a été capitaine de l'équipe nationale belge pendant cinq ans.
Après sa carrière de basketteur, il a fait partie de l'équipe fondatrice qui a lancé Keemotion, le premier système de production vidéo automatisé au monde. L'entreprise a été vendue en moins de trois ans et a finalement été intégrée au groupe SportRadar.
Survivant de l'attaque terroriste de 2016 à l'aéroport de Bruxelles, il doit son rétablissement au maintien d'un état d'esprit et d'habitudes d'athlète.
Les attaques l'ont laissé handicapé à vie, mais en même temps avec une perspective unique sur la vie, découvrant ce que signifie vraiment ""survivre"". Il est un entrepreneur actif qui a créé des entreprises dans les domaines de l'informatique, de la santé et de l'éducation. Il est le père de deux filles, Vanessa et Cecilia, et est marié à Sara Bellin. Il partage son temps entre sa maison à Bruxelles, en Belgique, et un chalet au bord d'un lac en pleine nature à Battle Creek, dans le Michigan.

          
  












    

  


  
  
      

      Demander votre offre"
1232;Sébastien Bellin;Speaker;Male;French, English;https://readmylips.be/sites/default/files/speakers/copy%20zwart%20wit_0.png;Sébastien Bellin als spreker op jouw evenement? Neem vrijblijvend contact op met sprekersbureau Read My Lips voor meer informatie.;Dutch;"Healthcare, Ondernemen, Technologie &amp; innovatie, ICT &amp; technologie";;Yes;"Wie is Sébastien Bellin?
Na zijn afstuderen aan de Internationale School van Brussel in 1996 kreeg Sébastien Bellin een beurs om NCAA divisie 1 basketbal te spelen waar hij een Horizon League kampioenschap won op Oakland University. Hij speelde 15 jaar professioneel in Italië en België en was 5 jaar aanvoerder van het Belgische nationale team.
Na zijn basketbalcarrière maakte hij deel uit van het oprichtersteam dat Keemotion lanceerde, 's werelds eerste geautomatiseerde videoproductiesysteem. Het werd verkocht in minder dan drie jaar en werd uiteindelijk onderdeel van de SportRadar groep.
Als overlevende van de terroristische aanslag in 2016 op de luchthaven van Brussel, dankt hij zijn herstel aan het behouden van de mentaliteit en gewoonten van een atleet.
De aanvallen lieten hem blijvend gehandicapt achter, maar tegelijkertijd met een uniek perspectief op het leven, waarbij hij ontdekte wat het echt betekent om te ""overleven"". Hij is een actieve ondernemer met huidige start-ups op het gebied van IT, gezondheid en onderwijs. Hij is de vader van twee meisjes, Vanessa en Cecilia en getrouwd met Sara Bellin. Hij verdeelt zijn tijd tussen zijn huis in Brussel, België en een huisje aan een meer midden in de natuur in Battle Creek, MI.

          
  












    

  


  
  
      

      Vraag je offerte aan"
854;Siegfried Bracke;Speaker;Male;Dutch, French, English;https://readmylips.be/sites/default/files/speakers/Sigfried%20Bracke%20%281%29.jpg;"Siegfried Bracke as a speaker on your event? Contact the speakers&#039; office Read My Lips for more information.";English;"Current affairs, Politics &amp; Government, History, Media &amp; culture, Media";;Yes;"Who is Sigfried Bracke?
Was a political journalist at BRT-VRT for 30 years. Politically active with the N-VA (New Flemish Alliance) for 10 years, 5 of which as chairman of the Chamber. 
Siegfried Bracke has worked for the Flemish public broadcaster for almost thirty years. Up to 2010, the man with the bow-tie was the main political journalist of VRT News: as a reporter, as anchorman of De Zevende Dag, Terzake and Bracke op Vrijdag, and as editor-in-chief of the VRT current affairs programmes. 
He made his reputation with a number of election programmes, in particular: moving the boundaries of election broadcasts with Bracke and Crabbé (2000).
In 2010, Bracke was the main candidate on the East Flemish parliamentary list for the N-VA. After ex-prime minister Yves Leterme, he received the highest number of preference votes. In 2014, he became President of the Chamber of Representatives.

Since 2019, in columns for e.g. Doorbraak and De Morgen, he has been a committed observer delivering sharp criticism of both media and politics. In 2022, Open the Debate will be published, in which he pleads for more media diversity, depth and clarification.      
 "
854;Siegfried Bracke;Speaker;Male;Dutch, French, English;https://readmylips.be/sites/default/files/speakers/Sigfried%20Bracke%20%281%29.jpg;Siegfried Bracke comme orateur à votre évènement ? Contactez Read My Lips, notre bureau d’orateurs spécialisés !;French;Le monde actuel, Politique et pouvoirs publics, Histoire, Médias et culture, Media;;Yes;"Qui est Sigfried Bracke ?
30 ans de carrière en tant que journaliste politique chez BRT-VRT. 10 ans de carrière sur la scène politique au sein de la N-VA, dont 5 ans en tant que président de la Chambre.
Siegfried Bracke a travaillé pendant près de 30 ans pour la radiodiffusion publique flamande. Jusqu’en 2010, il incarne le journaliste politique au nœud papillon de la VRT : à la fois reporter, présentateur de De Zevende Dag, Terzake et Bracke op Vrijdag, et rédacteur en chef des programmes d’actualité et d’information de la VRT.
Il forge principalement sa réputation grâce à plusieurs émissions politiques : avec Bracke en Crabbé (2000), il change les règles du jeu des émissions électorales.
En 2010, Bracke est tête de liste de la N-VA pour la Chambre en Flandre-Orientale. Il récolte le plus grand nombre de voix de préférence après l’ex-Premier ministre Yves Leterme. En 2014, il est président de la Chambre des représentants. 
Depuis 2019, il se positionne comme un observateur engagé notamment dans les chroniques de Doorbraak et De Morgen, posant un regard très critique sur les médias et la politique. Dans Open het Debat, paru en 2022, il appelle à plus de diversité, d’approfondissement et de clarté dans les médias.      
 "
854;Siegfried Bracke;Speaker;Male;Dutch, French, English;https://readmylips.be/sites/default/files/speakers/Sigfried%20Bracke%20%281%29.jpg;Siegfried Bracke als spreker op jouw evenement? Neem vrijblijvend contact op met sprekersbureau Read My Lips voor meer informatie.;Dutch;"De wereld vandaag, Politiek &amp; overheid, Geschiedenis, Media &amp; cultuur, Media";;Yes;"Wie is Siegfried Bracke?
Heeft 30 jaar als (politiek) journalist bij BRT-VRT gewerkt. Was 10 jaar lang politiek actief bij de N-VA, waarvan 5 jaar als voorzitter van de Kamer. 
Siegfried Bracke heeft bijna dertig jaar lang voor de Vlaamse openbare omroep gewerkt. Tot 2010 is de man met het strikje dé politieke journalist van de VRT: als verslaggever, als anchorman van De Zevende Dag, Terzake en Bracke op Vrijdag, en als hoofdredacteur van de VRT-duidingsprogramma’s. 
Vooral met een aantal verkiezingsprogramma’s maakt hij zijn reputatie: met Bracke en Crabbé (2000) verzet hij de bakens van de verkiezingsuitzendingen.
In 2010 is Bracke lijsttrekker voor de Oost-Vlaamse Kamerlijst van de N-VA. Hij haalt, na ex-premier Yves Leterme, het grootste aantal voorkeurstemmen. In 2014 wordt hij voorzitter van de Kamer van Volksvertegenwoordigers. 
Sinds 2019 is hij in columns voor o.m. Doorbraak en De Morgen een geëngageerd waarnemer met scherpe kritiek op én media én politiek. In 2022 verschijnt Open het Debat, waarin hij pleit voor meer mediadiversiteit, verdieping en verheldering.      
 "
919;Sien Wynants;Moderator;Female;Dutch;https://readmylips.be/sites/default/files/speakers/foto%20Sien%20zw.jpg;Sien Wynants als moderator op jouw evenement? Neem vrijblijvend contact op met sprekersbureau Read My Lips voor meer informatie.;Dutch;"De wereld vandaag, Samenleving &amp; diversiteit, Media &amp; cultuur, Media, Entertainment, Vrije tijd";;Yes;"Wie is Sien Wynants?
Na haar studie journalistiek is Sien Wynants onmiddellijk aan de slag gegaan bij VRT, en ondertussen is ze reeds 10 jaar actief als presentatrice, vooral voor televisie en radio (Ketnet, StuBru, Radio 1). Ze praat graag evenementen aan elkaar of host een concert- of andere avond. Ervaring hierin heeft ze onder andere opgedaan bij het Brussels Philharmonic, Universiteit van Vlaanderen, Agentschap Opgroeien, Stressfactor, Student Kick Offn... Zowel voor kinderen, jongeren als volwassenen is Sien een geschikte gastvrouw."
510;Sihame El Kaouakibi;Speaker;Female;Dutch, English;https://readmylips.be/sites/default/files/speakers/ElKaouakibi_Sihame_200124_8.jpg;Who is Sihame El Kaouakibi?;English;"Current affairs, Society &amp; Diversity, Economics, Management, Enterprise";;Yes;"Who is Sihame El Kaouakibi?
She is a game-changer, an inspirational woman who leads by example and by supporting others. She grew up in Boom, where she personally saw how much talent and potential is lost when ‘the status quo’ is upheld because ‘the powers that be’ are not accustomed to seeing a headscarf or wheelchair, or different skin colour, gender expression or age, in the world around them.
Sihame has spent her whole life fighting such prejudices, and in particular: showing that things can be done differently. Her story is one of hope and perspective."
510;Sihame El Kaouakibi;Speaker;Female;Dutch, English;https://readmylips.be/sites/default/files/speakers/ElKaouakibi_Sihame_200124_8.jpg;Wie is Sihame El Kaouakibi?;Dutch;"De wereld vandaag, Samenleving &amp; diversiteit, Economie, Management, Ondernemen";;No;"Wie is Sihame El Kaouakibi?
Ze is een gamechanger, een inspirerende vrouw die leiding geeft door zelf het voortouw te nemen en anderen op weg te zetten. Ze groeide op in Boom, waar ze zelf kon ervaren hoeveel talent en potentieel er verloren gaan wanneer ‘The Status Quo’ ter plaatse blijft trappelen omdat ‘the powers that be’ niet gewend zijn om een hoofddoek, een rolstoel, een andere huidskleur, genderexpressie of leeftijd om zich heen te zien.
Haar hele leven al vecht Sihame om dat soort hokjesdenken te doorbreken, en vooral: om te tonen dat het wél anders kan. Haar verhaal is een verhaal van hoop en perspectief."
782;Sofie Lenaerts;Speaker;Female;Dutch, French, English;https://readmylips.be/sites/default/files/speakers/Sofie%20Lenaerts%20%288%29.jpg;"Sofie Lenaerts as a speaker on your event? Contact the speakers&#039; office Read My Lips for more information.";English;"Entertainment, Travel, Sport, Management, Leadership and Senior Management, HR &amp; Wellbeing, Work/Life Balance";Non-profit;Yes;"Who is Sofie Lenaerts?
My passion for adventurous sports began when I was 18, with parachuting, diving and motorbike riding. This later extended to rock climbing, paragliding and mountain climbing all over the world. 
I was the third Belgian woman to climb Mount Everest, but I also did solo climbs to 7000 m, paraglided from Mont Blanc and finished after 10 years as the first woman from the Benelux countries to have climbed the Seven Summits (highest mountain on each continent)
I began my professional career in what was then the Rijkswacht (Gendarmerie) and I was one of the first “zwaantjes” (Flemish nickname given to the motorbike police) of the Federal Police. In addition, I became an expert, lecturer and national chair in the complex matter of the securing of loads until, in early 2019, I took on the full-time job of creating and presenting the Flemish road safety campaign ‘Kijk Uit’ (Look Out).
By being confronted with difficult, sometimes life-threatening situations, both professionally as a police officer and as a sports athlete, you learn to deal with uncertainties and the hard decisions that have to be made. 
 "
782;Sofie Lenaerts;Speaker;Female;Dutch, French, English;https://readmylips.be/sites/default/files/speakers/Sofie%20Lenaerts%20%288%29.jpg;Sofie Lenaerts comme orateur à votre évènement ? Contactez Read My Lips, notre bureau d’orateurs spécialisés !;French;Divertissement, Voyages, Sport, Management, Leadership et top managers, RH et bien-être, Équilibre travail/vie privée;Non-profit;Yes;"Qui est Sofie Lenaerts ?
Ma passion pour les sports d’aventure a commencé à l’âge de 18 ans avec le saut en parachute, la plongée et la moto. Cette passion s'est ensuite étendue à l’escalade, le parapente et l’alpinisme dans le monde entier. 
J’ai été la troisième femme belge à gravir l’Everest, mais j’ai aussi fait des ascensions en solitaire à 7000 m, volé en parapente depuis le mont Blanc et j'ai été la première femme du Benelux à terminer après 10 ans les Seven Summits ( les montagnes les plus élevées de chacun des sept continents).
Ma carrière professionnelle a commencé à la gendarmerie et je fais partie des premières femmes « Anges de la Route » de la Police Fédérale. Par ailleurs, je suis devenue experte, enseignante et présidente nationale dans le domaine complexe de l’arrimage de charges jusque début 2019, lorsque j’ai assumé la mission à temps plein de créer et présenter l’émission de sécurité routière « Kijk Uit ».
En étant confronté sur le plan professionnel en tant qu’agent de police et athlète à des situations difficiles pouvant parfois mettre la vie en péril, on apprend à gérer les incertitudes et les décisions difficiles qui doivent être prises. "
782;Sofie Lenaerts;Speaker;Female;Dutch, French, English;https://readmylips.be/sites/default/files/speakers/Sofie%20Lenaerts%20%288%29.jpg;Sofie Lenaerts als spreker op jouw evenement? Neem vrijblijvend contact op met sprekersbureau Read My Lips voor meer informatie.;Dutch;"Entertainment, Reizen, Sport, Management, Leiderschap &amp; topmanagers, HR &amp; wellbeing, Balans werk/leven";Non-profit;Yes;"Wie is Sofie Lenaerts?
Mijn passie voor avontuurlijke sporten begon op 18-jarige leeftijd met valschermspringen, duiken en motorrijden. Later groeide dit uit tot rotsklimmen, parapenten en bergbeklimmingen over heel de wereld. 
Als derde Belgische vrouw beklom ik de Mount Everest maar ik deed ook solobeklimmingen naar 7000 m, vloog met parapente van de Mont Blanc en beëindigde na 10 jaar als eerste vrouw van de Benelux de Seven Summits (hoogste berg van elk continent).
Mijn professionele carrière begon bij de toenmalige Rijkswacht en ik behoor tot één van de eerste vrouwelijke “zwaantjes” van de Federale Politie. Daarnaast werd ik expert, docent en nationaal voorzitster in de complexe materie van ladingzekering, tot ik in begin 2019 fulltime de taak op mij nam om het verkeersveiligheidsprogramma “Kijk Uit” te maken en te presenteren.
Door op professioneel vlak als politieagent en als sportatleet geconfronteerd te worden met moeilijke situaties die soms levensbedreigend kunnen zijn, leer je omgaan met onzekerheden en harde beslissingen die genomen moeten worden. 
 "
753;Stef Verbeeck;Speaker;Male;Dutch, English;https://readmylips.be/sites/default/files/speakers/stefverbeeck_003_RML.jpg;"Stef Verbeeck as a speaker on your event? Contact the speakers&#039; office Read My Lips for more information.";English;"Marketing &amp; communication, Marketing, Sales &amp; Customer Service, PR &amp; Communication, Management, Leadership and Senior Management, Enterprise, Strategy, HR &amp; Wellbeing, Corporate Culture";;Yes;"Who is Stef Verbeeck?
Stef Verbeeck is a partner and brand strategist at Pavlov, a niche consultancy specialising in brand strategy, brand experience and brand identity with an operating base in Antwerp. 
He has more than 20 years’ experience as a branding consultant and has worked for countless brands, from start-ups to multinationals and public authorities. Stef is the author of four best-selling books on (personal) branding and is a frequent international keynote speaker on the subject. 
In his animated and interactive style, he guides full houses through his sometimes controversial insights into brand strategy, customer experience and marketing – based on concrete figures, recognisable cases and expertise that comes directly from his experiences with customers. 
 "
753;Stef Verbeeck;Speaker;Male;Dutch, English;https://readmylips.be/sites/default/files/speakers/stefverbeeck_003_RML.jpg;Stef Verbeeck als spreker op jouw evenement? Neem vrijblijvend contact op met sprekersbureau Read My Lips voor meer informatie.;Dutch;"Marketing &amp; communicatie, Marketing, Verkoop &amp; klantenservice, PR &amp; communicatie, Management, Leiderschap &amp; topmanagers, Ondernemen, Strategie, HR &amp; wellbeing, Bedrijfscultuur";;Yes;"Wie is Stef Verbeeck?
Stef Verbeeck is partner en merkstrateeg bij Pavlov, een nicheconsultant gespecialiseerd in merkstrategie, merkbeleving en merkidentiteit, met Antwerpen als uitvalsbasis.
Hij heeft meer dan 20 jaar ervaring als consultant in branding en werkte reeds voor honderden merken, van start-ups tot multinationals en overheden. Stef is de auteur van vier best-selling boeken over (personal) branding en een frequent internationaal keynote speaker over het onderwerp.
In zijn geanimeerde en interactieve stijl loodst hij volle zalen doorheen zijn soms controversiële inzichten inzake merkstrategie, customer experience en marketing – op basis van concrete cijfers, herkenbare cases en expertise die rechtstreeks uit zijn ervaringen met klanten komen.
 "
679;Stefaan Vandist;Speaker;Male;Dutch, English;https://readmylips.be/sites/default/files/speakers/Stafaan%20Vandist%20%283%29.jpg;"Stefaan Vandist as a speaker on your event? Contact the speakers&#039; office Read My Lips!";English;"Current affairs, Science, Sustainability &amp; Climate, Marketing &amp; communication, PR &amp; Communication, Economics, Management, Strategy, CSR (Corporate Social Responsibility), Technology &amp; innovation, Innovation &amp; Trends, Creativity";;Yes;"Who is Stefaan Vandist?
Stefaan Vandist spent the first ten years of his career as a brand strategist at the internationally acclaimed advertising agency Duval Guillaume. In the ten years that followed, he moved on to innovation strategy relating to sustainability issues. He brought with him his attitude of approaching challenges in an integral way and with a vision for the future.
Today he focuses on two activities: taking organisations on the path of exploring the future through lectures, and moderating design sprints. With a design sprint, you undertake a process from a strategic challenge to an innovative solution in four days together with a small team.
Stefaan has contributed to the future-proofing of organisations such as Gamma, Volvo Cars Netherlands, Unizo, the City of Antwerp, the Amsterdam metropolitan region, the municipality of Groningen, the fire brigade network and the Rotterdam Police.
His first book on exploration of the future ‘We, Myself &amp; A.I.’ was published in 2018, and his second book ‘Citify’ will be published by Lannoo Campus in the autumn of 2021.  
Fixed elements in Stefaan's work include optimism of progress, innovation, and an integral approach. Most noteworthy is his admiration for creative breeding grounds worldwide where the future is already underway.   
 "
679;Stefaan Vandist;Speaker;Male;Dutch, English;https://readmylips.be/sites/default/files/speakers/Stafaan%20Vandist%20%283%29.jpg;Stefaan Vandist boeken als spreker op jouw evenement? Neem vrijblijvend contact op met het sprekersbureau Read My Lips!;Dutch;"De wereld vandaag, Wetenschap, Duurzaamheid &amp; klimaat, Marketing &amp; communicatie, PR &amp; communicatie, Economie, Management, Strategie, MVO (Maatschappelijk verantwoord ondernemen), Technologie &amp; innovatie, Innovatie &amp; trends, Creativiteit";;Yes;"Wie is Stefaan Vandist?
Stefaan Vandist werkte tien jaar als merkstrateeg bij het befaamde reclamebureau Duval Guillaume. Daarna vond hij zijn weg naar innovatiestrategie rond duurzaamheidsvraagstukken. Vandaag focust hij op lezingen over toekomstverkenning en het modereren van design sprints, waarbij je met een klein team een strategisch traject onderneemt naar een innovatieve oplossing in vier dagen.
Stefaan werkte mee aan de toekomstbestendigheid van organisaties zoals Gamma, Volvo Cars Nederland, Unizo, Stad Antwerpen, Metropoolregio Amsterdam, Groningen, Netwerk Brandweer en de Rotterdamse Politie.
We, Myself &amp; A.I., zijn eerste boek over toekomstverkenning, verscheen in 2018; in het najaar verschijnt ‘Citify’ bij Lannoo Campus.
Vaste elementen in Stefaans werk zijn vooruitgangsoptimisme, innovatie en een integrale benadering. Vooral aanstekelijk is zijn bewondering voor creatieve broedplaatsen wereldwijd waar de toekomst al in de steigers staat.  
Luister naar Stefaan Vandist in onze podcast Overmorgen. "
388;Steffi Vertriest;Speaker;Female;Dutch;https://readmylips.be/sites/default/files/speakers/Vertriest_Steffi_200125_1.jpg;Steffi Vertriest as a speaker at your event? Contact the speakers bureau Read My Lips without obligation!;English;Current affairs, Entertainment, Leisure;;Yes;"Who is Steffi Vertriest?
People know Steffi as a chef on cooking channel Njam! Via her blog, Bye Bye Cheeseburger, she is also one of the main advocates of a healthy lifestyle and natural nutrition. She cooks and writes for people who are looking for a different, healthy and tasty diet. She believes that healthy living is about more than just eating healthily. Yoga also gives her a lot of positive energy. Steffi offers you the recipe for a healthy eating pattern and another way of living."
388;Steffi Vertriest;Speaker;Female;Dutch;https://readmylips.be/sites/default/files/speakers/Vertriest_Steffi_200125_1.jpg;Steffi Vertriest als spreker op jouw evenement? Neem vrijblijvend contact op met sprekersbureau Read My Lips.;Dutch;De wereld vandaag, Entertainment, Vrije tijd;;Yes;"Wie is Steffi Vertriest?
Steffi is bekend als chef bij het kookkanaal Njam! Ook via haar blog Bye Bye Cheeseburger is ze een van de belangrijkste voorvechters van een gezonde levensstijl en natuurlijke voeding. Ze kookt en schrijft voor iedereen die op zoek is naar een andere, gezonde en lekkere eetcultuur. Gezond leven gaat voor haar verder dan gezond eten. Ook yoga beoefenen geeft haar veel positieve energie. Steffi reikt de sleutels aan voor een healthy eetpatroon en een andere manier van leven. Ze schreef De kracht van gedachten en nadien De kracht van waarheid, uitgegeven door Borgerhoff &amp; Lamberigts."
1086;Steven Decraene;Speaker, Moderator;Male;Dutch, French, English;https://readmylips.be/sites/default/files/speakers/_DSC2769_RML.jpg;Steven Decraene als spreker of moderator op jouw evenement? Neem vrijblijvend contact op met sprekersbureau Read My Lips voor meer informatie.;English;"Current affairs, Media &amp; culture, Marketing &amp; communication";;Yes;"Steven Victor Decraene (Kortrijk, 1976) is a Belgian journalist who travels to various conflict and disaster areas as a TV reporter. From there, he reports live on the events: from the tsunami in South-east Asia; the terrorist attacks in Europe; the wave of migration from the Middle East to Western Europe; the bushfires in Australia to the recent devastating earthquake in Turkey. Decraene has more than 20 years of experience as a foreign reporter and has been following France closely as a correspondent since 2015. In addition to his TV work, Decraene also writes non-fiction books on aviation, tourism and international current affairs.

          
  












    

  


  
  
      

      Click here for an offer"
1086;Steven Decraene;Speaker, Moderator;Male;Dutch, French, English;https://readmylips.be/sites/default/files/speakers/_DSC2769_RML.jpg;Steven Decraene als spreker of moderator op jouw evenement? Neem vrijblijvend contact op met sprekersbureau Read My Lips voor meer informatie.;French;Le monde actuel, Médias et culture, Marketing et communication;;Yes;"Steven Victor Decraene (Courtrai, 1976) est un journaliste belge, reporter à la télévision, qui couvre différentes zones de conflit et de catastrophe. Il rend ainsi compte des évènements en direct : du tsunami en Asie du Sud-Est au récent tremblement de terre dévastateur en Turquie, en passant par les attentats terroristes en Europe, la vague migratoire du Moyen-Orient à destination de l’Europe occidentale et les feux de forêt en Australie. Decraene compte plus de 20 ans d’expérience du reportage à l’étranger et suit la France de près en tant que correspondant depuis 2015. En plus de son travail à la télévision, Decraene écrit également des livres généraux sur l’aviation, le tourisme et l’actualité internationale.

          
  












    

  


  
  
      

      cliquez ici pour une offre"
1086;Steven Decraene;Speaker, Moderator;Male;Dutch, French, English;https://readmylips.be/sites/default/files/speakers/_DSC2769_RML.jpg;Steven Decraene als spreker of moderator op jouw evenement? Neem vrijblijvend contact op met sprekersbureau Read My Lips voor meer informatie.;Dutch;"De wereld vandaag, Media &amp; cultuur, Marketing &amp; communicatie";;Yes;"Steven Victor Decraene (Kortrijk, 1976) is een Belgische journalist die als tv-reporter naar verschillende conflict- en rampgebieden reist. Van daaruit brengt hij live verslag uit van de gebeurtenissen: van de tsunami in Zuidoost-Azië, de terreuraanslagen in Europa, de migratiegolf van het Midden-Oosten tot West-Europa, de bosbranden in Australië tot recent de verwoestende aardbeving in Turkije. Decraene heeft meer dan 20 jaar ervaring als buitenlandverslaggever en volgt sinds 2015 Frankrijk op de voet als correspondent. Naast zijn tv-werk schrijft Decraene ook non-fictieboeken over luchtvaart, toerisme en de internationale actualiteit.

          
  












    

  


  
  
      

      Klik hier voor een offerte"
1092;Steven Laureys;Speaker;Male;Dutch, French, English;https://readmylips.be/sites/default/files/speakers/%C2%A9%20DebbyTermonia_RML.jpg;Steven Laureys als spreker op jouw evenement? Neem vrijblijvend contact op met sprekersbureau Read My Lips voor meer informatie.;English;"Current affairs, Science, Management, HR &amp; Wellbeing";;Yes;"Who is Steven Laureys?
Popular top doctor, globally renowned neurologist and brain scientist Steven Laureys has been conducting pioneering research into the power and functioning of our brain for more than 25 years. With his team, he uses the latest technologies and brain scans to study the brains of entrepreneurs, astronauts, top athletes and Buddhist monks (including Matthieu Ricard) as well as neurological recovery and brain plasticity in patients. Prof Laureys has received many international awards and published more than 500 scientific articles and is a sought-after inspirational keynote speaker and author of international best-sellers such as the ""No-Nonsense Meditation Book"" (translated into more than 15 languages). He talks about the latest scientific studies in the exploration of our internal universe and the power of the human mind, mental well-being, meditation, sleep, dreams, near-death experiences, coma, psychedelics, hypnosis and consciousness in animals and supercomputers in a sensitive, engaging and interactive way. Steven is a father of five and currently lives in Canada most of the time. He is widely regarded as an approachable brain expert, a person who can render science accessible for the public and speaker (including five TEDx talks). His work has been featured extensively in media outlets, such as TIME magazine, the New York Times, FORBES, the Guardian, BBC, CNN and the National Geographic. Anyone looking for a scientifically and medically based introduction to meditation, mindfulness, sleep, awareness, artificial intelligence, etc. that is free of dubious promises, need look no further…

          
  












    

  


  
  
      

      Click here for an offer"
1092;Steven Laureys;Speaker;Male;Dutch, French, English;https://readmylips.be/sites/default/files/speakers/%C2%A9%20DebbyTermonia_RML.jpg;Steven Laureys als spreker op jouw evenement? Neem vrijblijvend contact op met sprekersbureau Read My Lips voor meer informatie.;French;Le monde actuel, Sciences, Management, RH et bien-être;;Yes;"Qui est Steven Laureys?
Steven Laureys, sommité appréciée de la médecine, neurologue et scientifique du cerveau de renommée mondiale, mène depuis plus de 25 ans des recherches pionnières sur les capacités et le fonctionnement du cerveau humain. Avec son équipe, il étudie à l’aide des technologies les plus récentes et de scanners les cerveaux d’entrepreneurs, d’astronautes, d’athlètes de haut niveau, de moines bouddhistes (dont Matthieu Ricard), ainsi que la récupération neurologique et la plasticité cérébrale chez ses patients. Le professeur Laureys s’est vu décerner de nombreux prix internationaux et a publié plus de 500 articles scientifiques. Orateur fort couru et inspirant, il est l’auteur de bestsellers internationaux tels que le « No-Nonsense Meditation Book » (traduit en plus de 15 langues). Il raconte de manière accessible, passionnante et interactive les dernières études scientifiques sur l’exploration de notre univers intérieur et le pouvoir de l’esprit humain, le bienêtre mental, la méditation, le sommeil, les rêves, les expériences de mort imminente, le coma, les substances psychotropes, l’hypnose et la conscience chez les animaux et les superordinateurs. Steven est père de cinq enfants et vit actuellement majoritairement au Canada. Il est largement apprécié en tant qu’expert du cerveau accessible, vulgarisateur scientifique et orateur (dont cinq conférences TEDx). Ses travaux ont été largement présentés dans des médias tels que TIME Magazine, le New York Times, FORBES, The Guardian, la BBC, CNN et National Geographic. Quiconque recherche une introduction à la méditation, à la (pleine) conscience, au sommeil, à l’intelligence artificielle… fondée sur des données scientifiques et médicales et exempte de promesses fantaisistes, n’a pas à chercher plus loin...

          
  












    

  


  
  
      

      cliquez ici pour une offre"
1092;Steven Laureys;Speaker;Male;Dutch, French, English;https://readmylips.be/sites/default/files/speakers/%C2%A9%20DebbyTermonia_RML.jpg;Steven Laureys als spreker op jouw evenement? Neem vrijblijvend contact op met sprekersbureau Read My Lips voor meer informatie.;Dutch;"De wereld vandaag, Wetenschap, Management, HR &amp; wellbeing";;Yes;"Wie is Steven Laureys?
Populaire topdokter, wereldwijd gerenommeerde neuroloog en hersenwetenschapper Steven Laureys doet sinds meer dan 25 jaar baanbrekend onderzoek naar de kracht en werking van ons brein. Met zijn team bestudeert hij met de nieuwste technologieën en hersenscans de hersenen van ondernemers, astronauten, topsporters, boeddhistische monniken (onder wie Matthieu Ricard) en neurologisch herstel en hersenplasticiteit bij patiënten. Prof Laureys heeft vele internationale prijzen ontvangen en meer dan 500 wetenschappelijke artikelen gepubliceerd en is een veelgevraagde inspirerende keynote speaker en auteur van internationale bestsellers zoals het "" No-Nonsense Meditation Book"" (vertaald in meer dan 15 talen). Hij vertelt op een vatbare, boeiende en interactieve manier over de laatste wetenschappelijke studies naar de exploratie van ons interne universum en de kracht van de menselijke geest, mentaal welzijn, meditatie, slaap, dromen, bijna-doodervaringen, coma, psychedelica, hypnose en bewustzijn bij dieren en supercomputers. Steven is vader van vijf kinderen en woont momenteel een groot deel van de tijd in Canada. Hij wordt alom gewaardeerd als een benaderbare hersenexpert, wetenschapspopularisator en spreker (waaronder vijf TEDx-talks). Zijn werk is uitgebreid uitgelicht in media zoals TIME magazine, de New York Times, FORBES, the Guardian, BBC, CNN en National Geographic. Iedereen die op zoek is naar een wetenschappelijk en medisch onderbouwde introductie tot meditatie, mindfulness, slaap, bewustzijn, artificiële intelligentie… die vrij is van woo-woo beloften, zoek niet verder...

          
  












    

  


  
  
      

      Vraag hier je offerte aan"
390;Steven Vromman;Speaker, Moderator;Male;Dutch, French, English;https://readmylips.be/sites/default/files/speakers/Vromman_Steven_200125_foto2.jpg;Who is Steven Vromman?;English;"Current affairs, Sustainability &amp; Climate, Philosophy, Religion and Spirituality, Economics, Management, Leadership and Senior Management, CSR (Corporate Social Responsibility), Technology &amp; innovation, Innovation &amp; Trends, Creativity";Non-profit;Yes;"Who is Steven Vromman?
Steven gained fame through his Low Impact project. The award-winning Canvas documentary series showed Steven drastically changing his life in order to minimise his ecological footprint. His adventure was broadcast in over fifty countries. He presents an enthralling story that offers something for everyone. From a broad perspective on history and economics, he provides refreshing insights into the challenges of our time, with a focus on transition, resilience and the importance of love.
Steven is one of the most in-demand speakers in the country, having created ‘eco-comedy’, an original form of infotainment. He has published five books and is an influential commentator in Flanders. Highly recommended, both in terms of content and format."
390;Steven Vromman;Speaker, Moderator;Male;Dutch, French, English;https://readmylips.be/sites/default/files/speakers/Vromman_Steven_200125_foto2.jpg;Steven Vromman als spreker of moderator op jouw evenement? Neem vrijblijvend contact op met sprekersbureau Read My Lips voor meer informatie!;French;Le monde actuel, Durabilité et climat, Philosophie, religion et spiritualité, Économie, Management, Leadership et top managers, RSE (responsabilité sociétale des entreprises), Technologie et innovation, Innovation et tendances, Créativité;Non-profit;Yes;"Qui est Steven Vromman ?
Steven s'est fait connaître grâce à son projet ""Low Impact"". Dans une série documentaire primée sur Canvas, le public a pu suivre comment Steven a radicalement changé sa vie pour minimiser son empreinte carbone. Son aventure a été diffusée dans plus de 50 pays. Il raconte une histoire passionnante dont tout le monde apprend quelque chose. Grâce à sa vaste perspective historique et économique, il apporte un éclairage rafraîchissant sur les défis de notre époque. Il met l'accent sur la transition, la résilience et l'importance de l'amour.
Il est l'un des orateurs les plus demandés du pays et a inventé l'""éco-comédie"", une forme originale d'infotainment. Il a publié cinq livres et est également un leader d'opinion influent en Flandre. Hautement recommandé, tant pour le contenu que pour la forme."
390;Steven Vromman;Speaker, Moderator;Male;Dutch, French, English;https://readmylips.be/sites/default/files/speakers/Vromman_Steven_200125_foto2.jpg;Steven Vromman als spreker of moderator op jouw evenement? Neem vrijblijvend contact op met sprekersbureau Read My Lips voor meer informatie!;Dutch;"De wereld vandaag, Duurzaamheid &amp; klimaat, Filosofie, religie &amp; spiritualiteit, Economie, Management, Leiderschap &amp; topmanagers, MVO (Maatschappelijk verantwoord ondernemen), Technologie &amp; innovatie, Innovatie &amp; trends, Creativiteit";Non-profit;Yes;"Wie is Steven Vromman?
Steven is bekend geworden met zijn Low Impact-project. In een bekroonde documentairereeks van Canvas kon het publiek volgen hoe Steven zijn leven drastisch omgooide om zijn ecologische voetafdruk te minimaliseren. Zijn avontuur is in meer dan vijftig landen uitgezonden. Hij brengt een meeslepend verhaal waar iedereen iets van opsteekt. Vanuit een brede blik op geschiedenis en economie brengt hij verfrissende inzichten over de uitdagingen van deze tijd. Met veel aandacht voor transitie, veerkracht en het belang van liefde.
Ondertussen is hij een van de meest gevraagde sprekers in het land en bedacht hij de ‘eco-comedy’, een originele vorm van infotainment. Hij publiceerde vijf boeken en is tevens een invloedrijk opiniemaker in Vlaanderen. Een aanrader, zowel voor de inhoud als voor de vorm."
996;Stijn Baert;Speaker, Moderator;Male;Dutch, English;https://readmylips.be/sites/default/files/speakers/Stijn_Baert_Foto11_RML.jpg;"Stijn Baert as a speaker on your event? Contact the speakers&#039; office Read My Lips for more information.";English;"Current affairs, Economics, HR &amp; Wellbeing";;Yes;"Who is Stijn Baert?
Baert was born in Lokeren on 14 October 1983. He graduated as a Civil Engineer in 2006, then gained a Master’s degree in Economics in 2008 and a Ph.D. in Economics from Ghent University in 2013. He has been full-time professor in empirical labour economics at Ghent University since October 2015. He is the main promoter of UGent @ Work, the interdisciplinary consortium of 24 University of Ghent professors who lead research into work and the labour market. In addition, he is affiliated with the University of Antwerp as a part-time professor and with the Catholic University of Louvain, Global Labour Office (GLO), IMISCOE and the Institute for the Study of Labour (IZA) as a research fellow. Stijn Baert's research is mainly in the broad field of labour economics, with a focus on (i) the transition from school to work, (ii) labour market discrimination and (iii) work and health. He has published in renowned journals, such as European Economic Review, Labour Economics and the Journal of Applied Econometrics. He has received a great deal of recognition and acknowledgement for his (doctoral) research. In 2015 and 2016, Stijn Baert was included in IDEAS' authoritative worldwide top 100 young economists (ranked 17th in 2016). In 2017 he was nominated for the choice of the most talented researcher in Flanders and Belgium, organised by the Dutch magazine 'New Scientist'. In January 2021, IDEAS ranked him 9th globally within his age group in their ranking of economists according to their scientific impact. Stijn's research and interpretations have been mentioned more than 1,750 times in the national and international media. His proposals on accelerated degressivity for unemployment benefits and sectoral field tests on labour market discrimination have had a clear impact on policy. In 2015, Stijn Baert received an 'Annual Award for Science Communication' from the Royal Flemish Academy of Belgium for Science and the Arts for his endeavours in science communication. In 2020, he was placed second in a ranking of Flemish 'thought leaders'. Baert is one of the six independent experts who, as a relaunch committee, are to assist the Flemish Government in the recovery of the economy following the corona crisis."
996;Stijn Baert;Speaker, Moderator;Male;Dutch, English;https://readmylips.be/sites/default/files/speakers/Stijn_Baert_Foto11_RML.jpg;"Stijn Baert as a speaker on your event? Contact the speakers&#039; office Read My Lips for more information.";Dutch;"De wereld vandaag, Economie, HR &amp; wellbeing";;Yes;"Wie is Stijn Baert?
Baert is geboren op 14 oktober 1983 te Lokeren. In 2006 studeerde hij af als Burgerlijk Ingenieur, in 2008 als Master in de economische wetenschappen en in 2013 als Doctor in de economische wetenschappen aan de Universiteit Gent. Sinds oktober 2015 is hij werkzaam als voltijds professor in de empirische arbeidseconomie aan de UGent. Hij is hoofdpromotor van UGent @ Work, het interdisciplinaire consortium van 24 UGent-professoren die onderzoek naar werk en arbeidsmarkt leiden. Daarnaast is hij geaffilieerd met de Universiteit Antwerpen als deeltijds professor en aan de Université catholique de Louvain, Global Labor Office (GLO), IMISCOE en Institute for the Study of Labor (IZA) als research fellow. Het onderzoek van Stijn Baert is hoofdzakelijk gesitueerd in het brede veld van de arbeidseconomie, met een focus op (i) de overgang van school naar werk, (ii) arbeidsmarktdiscriminatie en (iii) werk en gezondheid. Hij publiceerde in gereputeerde vakbladen zoals European Economic Review, Labour Economics en Journal of Applied Econometrics. Voor zijn (doctoraal) onderzoek ontving hij vele erkenningen. In 2015 en 2016 was Stijn Baert opgenomen in de gezaghebbende wereldwijde top 100 van jonge economisten van IDEAS (in 2016 op plaats 17). In 2017 was hij genomineerd voor de verkiezing van meest getalenteerde onderzoeker in Vlaanderen en België, georganiseerd door het Nederlandse blad 'New Scientist'. In januari 2021 zette IDEAS hem op plaats 9 wereldwijd binnen zijn leeftijdscategorie in hun rangschikking van economisten naar wetenschappelijke impact. Stijns onderzoek en duiding werd meer dan 1750 keer vermeld in de nationale en internationale media. Zijn voorstellen omtrent de versnelde degressiviteit voor de werkloosheidsuitkering en sectorale praktijktesten naar arbeidsmarktdiscriminatie hadden duidelijke beleidsimpact. Voor zijn inspanningen inzake wetenschapscommunicatie ontving Stijn Baert in 2015 een 'Jaarprijs Wetenschapscommunicatie' van de Koninklijke Vlaamse Academie van België voor Wetenschappen en Kunsten. In 2020 stond hij op de tweede plaats in een rangschikking van Vlaamse 'thought leaders'. Baert is een van de zes onafhankelijke experts die als relancecomité de Vlaamse Regering moeten bijstaan bij de relance van de economie naar aanleiding van de coronacrisis."
397;Stijn Derammelaere;Speaker;Male;Dutch, English;https://readmylips.be/sites/default/files/speakers/Derammelaere_Stijn_200123_1.jpg;Who is Stijn Derammelaere?;English;"Technology &amp; innovation, Innovation &amp; Trends, ICT &amp; Technology, Creativity";Non-profit;Yes;"Who is Stijn Derammelaere?
Stijn is able to answer pertinent questions about the jobs of the future and a world in which technology is playing an increasingly important role. Nothing stale or regurgitated, but a story based on everyday life and packed with tangible and spectacular examples. He is a professor in Mechatronics at the University of Antwerp, which means he spends his days working on the latest innovations. A story that is on the cutting edge of technology, but that’s not all.
Stijn also pays attention to the social, economic and societal impact of e.g. Artificial Intelligence (AI). It has now become an inevitable part of our society, says Stijn Derammelaere: “In the area of mobility and in the medical world, AI can play a major role, for example, in diagnosing certain types of cancer. On our roads, AI is needed to develop self-driving vehicles, which could offer a solution to our current congestion problems. The flip-side to AI is its impact on the labour market and our privacy. But tales of robots that can develop their own consciousness have been wildly exaggerated.”"
397;Stijn Derammelaere;Speaker;Male;Dutch, English;https://readmylips.be/sites/default/files/speakers/Derammelaere_Stijn_200123_1.jpg;Stijn Derammelaere als spreker op jouw evenement? Neem vrijblijvend contact op met sprekersbureau Read My Lips.;Dutch;"Technologie &amp; innovatie, Innovatie &amp; trends, ICT &amp; technologie, Creativiteit";Non-profit;Yes;"Wie is Stijn Derammelaere?
Stijn geeft een antwoord op pertinente vragen over onze jobs van de toekomst en over een wereld waarin technologie een steeds belangrijker plaats inneemt. Geen droge koek, maar een verhaal dat uit het dagelijks leven gegrepen is, doorspekt met tastbare en spectaculaire voorbeelden. Hij is professor mechatronica aan de Universiteit Antwerpen. Daardoor werkt hij dagdagelijks met de nieuwste innovaties. Een verhaal met scherpe spitstechnologische kantjes, maar daar blijft het niet bij.
Stijn heeft ook oog voor de sociale, economische en maatschappelijke impact van bijvoorbeeld artificiële intelligentie (AI). Die is niet meer weg te denken uit onze samenleving, zegt Stijn Derammelaere: “Op het vlak van mobiliteit en in de medische wereld kan AI een grote bijdrage leveren, bijvoorbeeld in de diagnose van bepaalde soorten kanker. In het verkeer is AI noodzakelijk om zelfrijdende auto’s verder te ontwikkelen, wellicht zijn zij de oplossing voor de verkeersknoop van vandaag. De keerzijde van AI is de druk op de arbeidsmarkt en onze privacy. Maar de verhalen over robots die een eigen wil ontwikkelen zijn dan weer fel overtrokken.”"
837;Stijn Ilsen;Speaker;Male;Dutch, English;https://readmylips.be/sites/default/files/speakers/Stijn%20Ilsen%20%286%29.jpg;"Stijn Ilsen as a speaker or moderator on your event? Contact the speakers&#039; office Read My Lips!";English;"Current affairs, Science, Management, Technology &amp; innovation, Innovation &amp; Trends";;Yes;"Who is Stijn Ilsen?
I am Stijn Ilsen, aerospace engineer, in my early forties. I give lectures around space and keynotes around ""Moonshot Mindset,"" the mindset needed to realize almost impossible projects anyway. Something that for space engineer is our natural attitude. During the lectures, my goal is to explain space exploration, which is seen as something extremely complex, in ordinary everyday language with a dose of anecdotes and humor. Moreover, space travel inspires young and old alike, making it an ideal topic to inspire people of all ages. I earned a Master of Science in aerospace engineering and went to work for the European Space Agency ESA with a study for a European manned mission to the moon. I then worked for Airbus on the HERSCHEL space telescope across Europe. Currently I am working at Redwire Space in Kruibeke on Belgian and European satellites.
Since more than 12 years I have been giving lectures to engineering societies, universities, observatories and various socio-cultural organizations. In recent years I appeared regularly on radio and television ((Internal kitchen, Weet ik veel, De Afspraak, Ter zake, het journaal, Laat, nieuwe feiten, Ketnet). I am the author of a book for young people about rockets, satellites and astronauts, entitled ""Reis naar de sterren"", published by Lannoo. And a book on the technology of the future titled ""Will You Become the First Man on Mars?"" (release date 29/9/2023).I also gave a TED talk on planetary protection from asteroids."
837;Stijn Ilsen;Speaker;Male;Dutch, English;https://readmylips.be/sites/default/files/speakers/Stijn%20Ilsen%20%286%29.jpg;Stijn Ilsen als spreker of moderator op jouw evenement? Neem vrijblijvend contact op met sprekersbureau Read My Lips voor meer informatie.;Dutch;"De wereld vandaag, Wetenschap, Management, Technologie &amp; innovatie, Innovatie &amp; trends";;Yes;"Wie is Stijn Ilsen?
Ik ben Stijn Ilsen, ruimtevaartingenieur, begin veertig. Ik geef lezingen rond ruimtevaart en keynotes rond ""Moonshot Mindset"", de mindset die nodig is om bijna onmogelijke projecten toch te realiseren. Iets wat voor ruimtevaartingenieur onze natuurlijke attitude is. Tijdens de lezingen is mijn doel om de ruimtevaart, die als iets uiterst complex wordt gezien, met een dosis anekdotes en humor uit te leggen in gewone alledaagse taal. Bovendien inspireert de ruimtevaart jong en oud, waardoor het een ideaal onderwerp is om mensen van alle leeftijden te inspireren. Ik behaalde een Master of Science in lucht- en ruimtevaarttechniek en ging aan de slag bij de Europese ruimtevaartorganisatie ESA met een studie voor een Europese bemande missie naar de maan. Daarna heb ik voor Airbus gewerkt aan de HERSCHEL ruimtetelescoop in heel Europa. Momenteel werk ik bij Redwire Space in Kruibeke aan Belgische en Europese satellieten.
Sinds meer dan 12 jaar geef ik lezingen aan ingenieursverenigingen, universiteiten, sterrenwachten en diverse sociaal-culturele organisaties. De laatste jaren verscheen ik regelmatig op radio en televisie (Interne keuken, Weet ik veel, De Afspraak, Ter zake, het journaal, Laat, nieuwe feiten, Ketnet). Ik ben de auteur van een boek voor jongeren over raketten, satellieten en astronauten, getiteld 'Reis naar de sterren', uitgegeven door Lannoo. En een boek over de technologie van de toekomst getiteld 'Word jij de eerste mens op Mars?'. Ik heb ook een TED-talk gehouden over planetaire bescherming tegen planetoïden."
661;Stijn Swijns;Speaker;Male;Dutch;https://readmylips.be/sites/default/files/speakers/Stijn-1MP.jpg;Stijn Swijns als spreker op jouw event? Neem contact op met sprekersbureau Read My Lips!;Dutch;"Management, Leiderschap &amp; topmanagers, Ondernemen, HR &amp; wellbeing, Balans werk/leven";;Yes;"Wie is Stijn Swijns?
Stijn Swijns werd bekend als coach in de realityreeks Kamp Waes, waarin kandidaten een week lang uitgedaagd werden door de Special Forces, een elite-eenheid binnen het Belgische leger. 
Na acht jaar bij de Special Forces Group gaat Stijn een andere droom achterna. Ditmaal is het een uitdaging voor henzelf: het opstarten van een eigen onderneming waarin zij hun skills als Special Forces Operatoren kunnen overbrengen, samen met hun team. 
Zo werd begin 2020 MissionMe opgericht, een organisatie waar niet enkel CEO’s, bedrijven of organisaties, maar ook jongeren een traject kunnen volgen waar ruimte is om te groeien. Enkele voorbeelden: persoonlijke ontwikkeling, leiderschap/strategie, mentale weerbaarheid en fysieke uitdagingen. 
De missie is dus telkens om mensen te inspireren en te begeleiden om een betere versie van zichzelf te worden.
 
Luister naar Stijn Swijns in onze podcast Overmorgen. "
1239;Taha Riani;Speaker;Male;Dutch, French, English;https://readmylips.be/sites/default/files/speakers/536585_832_TahaRiani_zw.jpg;Taha Riani as a speaker at your event? Feel free to contact speakers bureau Read My Lips for more information.;English;"Inclusie, Change, Current affairs, Society &amp; Diversity";;Yes;"Who is Taha Riani?
Taha Riani is a passionate advocate for inclusion and equality. Through his strategic agency Allyens, he supports organisations such as Unilever, Telenet and bpost to find their inclusion position in society and regularly gives keynotes and trainings to raise awareness of the benefits of inclusion. It is no wonder he is on the prestigious Forbes 30under30 list. He wrote the book Can I still say that, about inclusion and how to talk about it.

          
  












    

  


  
  
      

      Request your offer"
1239;Taha Riani;Speaker;Male;Dutch, French, English;https://readmylips.be/sites/default/files/speakers/536585_832_TahaRiani_zw.jpg;"Taha Riani comme conférencier lors de votre événement ? N&#039;hésitez pas à contacter le bureau de conférenciers Read My Lips pour plus d&#039;informations.";French;Inclusie, Change, Le monde actuel, Société et diversité;;Yes;"Qui est Taha Riani ?
Taha Riani est un défenseur passionné de l'inclusion et de l'égalité. Par l'intermédiaire de son agence stratégique Allyens, il aide des organisations telles qu'Unilever, Telenet et bpost à trouver leur position en matière d'inclusion dans la société et donne régulièrement des conférences et des formations pour sensibiliser aux avantages de l'inclusion. Il n'est pas étonnant qu'il figure sur la prestigieuse liste Forbes 30under30. Il a écrit le livre Puis-je encore dire cela ?, sur l'inclusion et la manière d'en parler.

          
  












    

  


  
  
      

      Demander votre offre"
1239;Taha Riani;Speaker;Male;Dutch, French, English;https://readmylips.be/sites/default/files/speakers/536585_832_TahaRiani_zw.jpg;Taha Riani als spreker op jouw evenement? Neem vrijblijvend contact op met sprekersbureau Read My Lips voor meer informatie.;Dutch;"Inclusie, Change, De wereld vandaag, Samenleving &amp; diversiteit";;Yes;"Wie is Taha Riani?
Taha Riani is een gedreven pleitbezorger voor inclusie en gelijkheid. Via zijn strategisch bureau Allyens ondersteunt hij organisaties zoals Unilever, Telenet en bpost om hun inclusiepositie te vinden in de samenleving en geeft hij regelmatig keynotes en trainingen om mensen bewust te maken van de voordelen van inclusie. Het is dan ook geen wonder dat hij op de prestigieuze Forbes 30under30-lijst staat. Hij schreef het boek Kan ik dat nog wel zeggen?, over inclusie en hoe erover te praten.

          
  












    

  


  
  
      

      Vraag je offerte aan"
513;Tanja Verheyen;Speaker;Female;Dutch, English;https://readmylips.be/sites/default/files/speakers/Verheyen_Tanja_200129_1zw.jpg;Who is Tanja Verheyen?;English;"Management, Enterprise, Strategy, HR &amp; Wellbeing, Corporate Culture, Work/Life Balance";Non-profit;Yes;"Who is Tanja Verheyen?
In 2011, Tanja Verheyen wrote a book called ‘Remotie. Een stap terug is een stap vooruit samen’ (Remotion. A step back is a step forward), together with her partner Bob Vermeir. The book presents the stories of 14 people who were demoted by force or by choice. The stories are punctuated by advice from e.g. coaches and psychotherapists on how to deal with demotion and how you can change a step back into a step forward. Lawyers also explain your rights and obligations if you have been demoted. Tanja and Bob wanted to use this book to support demotees and offer them insights and new prospects.
Tanja is convinced that demotions will be increasingly common in the future. Certainly when you consider robotisation, longer working hours, the burnout epidemic, the emergence of self-managed organisations, changing careers, etc. These (r)evolutions mean that demotions will become the new normal. And if that’s the case, then we should embrace demotion and see how we can address it as a win-win situation."
513;Tanja Verheyen;Speaker;Female;Dutch, English;https://readmylips.be/sites/default/files/speakers/Verheyen_Tanja_200129_1zw.jpg;Tanja Verheyen als spreker op jouw evenement? Neem vrijblijvend contact op met sprekersbureau Read My Lips.;Dutch;"Management, Ondernemen, Strategie, HR &amp; wellbeing, Bedrijfscultuur, Balans werk/leven";Non-profit;Yes;"Wie is Tanja Verheyen?
In 2011 schreef Tanja Verheyen het boek Remotie. Een stap terug is een stap vooruit samen met haar partner Bob Vermeir. Het boek brengt het demotieverhaal van 14 gedwongen of vrijwillig gedemoveerden. Tussen de authentieke verhalen vertellen o.a. coaches en psychotherapeuten hoe je met demotie omgaat en hoe je van een stap terug, een stap vooruit maakt. Ook advocaten vertellen wat je rechten en plichten zijn in een demotieverhaal. Met dit boek wilden Tanja en Bob gedemoveerden ondersteunen en in- en uitzicht bieden.
Tanja is overtuigd dat demoties in de toekomst alleen maar zullen toenemen. Denk aan robotisering, langer werken, de burn-outepidemie, de opkomst van zelfsturende organisaties, veranderende carrières enz. Deze (r)evoluties zullen ervoor zorgen dat demoties het nieuwe normaal worden. En als dat zo is, dan kunnen we demotie maar beter omarmen en bekijken hoe we dit als een win-win kunnen aanpakken."
278;Thierry Geerts;Speaker;Male;Dutch, French, English;https://readmylips.be/sites/default/files/speakers/Geerts_Thierry_200306_foto1_1.jpg;"Thierry Geerts as a speaker on your event? Contact the speakers&#039; office Read My Lips for more information.";English;"Management, Leadership and Senior Management, Technology &amp; innovation, Innovation &amp; Trends, ICT &amp; Technology";;Yes;"Who is Thierry Geerts?
Since 2011, Thierry Geerts has been heading Google in Belgium and Luxembourg, the company that has become much more than just a search engine. He graduated from the VUB as a Solvay Business Engineer and soon became general manager of an industrial laundry company. With the advent of the internet in the mid-1990s, he reoriented himself towards the media industry and held various management positions at VUM (now Mediahuis), publisher of newspapers such as De Standaard and Het Nieuwsblad. 
His book Digitalis (2018), in which he describes the possibilities of the digital world, has meanwhile sold more than 25,000 copies. In 2021 he published his new book, Homo Digitalis, about the impact of the digital revolution on people and society."
278;Thierry Geerts;Speaker;Male;Dutch, French, English;https://readmylips.be/sites/default/files/speakers/Geerts_Thierry_200306_foto1_1.jpg;Thierry Geerts comme orateur à votre évènement ? Contactez Read My Lips, notre bureau d’orateurs spécialisés !;French;Management, Leadership et top managers, Technologie et innovation, Innovation et tendances, TIC et technologie;;Yes;"Qui est Thierry Geerts ?
Thierry Geerts est à la tête de Google en Belgique et au Luxembourg depuis 2011, l'entreprise qui est devenue entre-temps bien plus qu'un simple moteur de recherche. Diplômé de la VUB en tant qu'ingénieur de gestion Solvay, il devient rapidement responsable d'une blanchisserie industrielle. Avec l'avènement d'Internet au milieu des années 90, il s’est réorienté vers les médias et a occupé divers postes de direction dans le groupe VUM-Mediabel (De Standaard, Vers l’Avenir, Passe-Partout, Nostalgie). 
Son livre Digitalis (2018), dans lequel il trace les contours du monde digital, s'est déjà vendu à plus de 25.000 exemplaires. En 2021, il a publié son nouveau livre, Homo digitalis, sur l'impact de la révolution digitale sur les personnes et la société.
 "
278;Thierry Geerts;Speaker;Male;Dutch, French, English;https://readmylips.be/sites/default/files/speakers/Geerts_Thierry_200306_foto1_1.jpg;Wie is Thierry Geerts?;Dutch;"Management, Leiderschap &amp; topmanagers, Technologie &amp; innovatie, Innovatie &amp; trends, ICT &amp; technologie";;Yes;"Wie is Thierry Geerts?
Thierry Geerts staat sinds 2011 aan het hoofd van Google in België en Luxemburg, het bedrijf dat intussen veel meer is dan alleen een zoekmachine. Hij studeerde af aan de VUB als Solvay Business Ingenieur en stond al snel aan het hoofd van een industriële wasserij. Bij de opkomst van het internet midden jaren 1990, oriënteerde hij zijn carrière en ging hij aan de slag in de media en bekleedde hij verschillende directiefuncties bij de VUM, uitgever van onder andere De Standaard en Het Nieuwsblad. 
Van zijn boek Digitalis (2018) waarin hij de krijtlijnen van een digitale wereld trekt, werden ondertussen meer dan 25.000 exemplaren verkocht. In 2021 bracht hij zijn nieuw boek uit, Homo digitalis, over de impact van de digitale revolutie op mens en maatschappij."
1111;Thomas Degraeve;Speaker;Male;Dutch, English;https://readmylips.be/sites/default/files/speakers/DSC_7546.jpg;Thomas Degraeve als spreker of moderator op jouw evenement? Neem vrijblijvend contact op met sprekersbureau Read My Lips voor meer informatie.;English;Current affairs;;Yes;"Thomas De Graeve (1983) has worked at the VRT NWS news channel since 2007. He started at the regional editorial office of Radio 2 in Ghent. And then joined the Terzake TV current affairs programme. He also presented the De Ochtend morning programme on Radio 1 and worked for the Pano current affairs magazine. He now mainly works as a journalist for the international editorial office of VRT NWS, where he contributes to Het Journaal, Terzake and vrtnws.be.
In all those jobs, the core of what he does has remained the same. Explaining current events and trends in a clear, creative and engaging way.
Thomas has a particular interest in the United States. From an early age, he was fascinated by the history of the country, nature and culture. He has been following the country in a professional capacity for VRT NWS since 2016. He has visited the United States dozens of times and talked to hundreds of people from all over the country. 

          
  












    

  


  
  
      

      Request offer"
1111;Thomas Degraeve;Speaker;Male;Dutch, English;https://readmylips.be/sites/default/files/speakers/DSC_7546.jpg;Thomas Degraeve als spreker of moderator op jouw evenement? Neem vrijblijvend contact op met sprekersbureau Read My Lips voor meer informatie.;Dutch;De wereld vandaag;;Yes;"Thomas De Graeve (1983) is sinds 2007 aan de slag bij VRT NWS. Eerst werkte hij op de regionale redactie van Radio 2 in Gent, daarna bij het duidingsmagazine Terzake. Hij presenteerde ook De Ochtend op Radio 1 en werkte bij het reportagemagazine Pano. Nu is hij voornamelijk actief als journalist voor de buitenlandredactie van VRT NWS waar hij bijdrages maakt voor Het Journaal, Terzake en vrtnws.be.
In al die jobs bleef de kern van wat hij doet hetzelfde, nl. actualiteit en tendensen op een heldere, creatieve en boeiende manier uitleggen.
Thomas heeft een bijzondere interesse in de Verenigde Staten. Al van jongs af aan was hij gefascineerd door de geschiedenis van het land, de natuur, de cultuur. Sinds 2016 volgt hij het land professioneel voor VRT NWS. Hij bezocht de Verenigde Staten intussen al tientallen keren, en sprak er met honderden mensen uit alle uithoeken van het land. 
 

          
  












    

  


  
  
      

      Offerte aanvragen?"
785;Thomas Van Eeckhout;Speaker;Male;Dutch, French, English;https://readmylips.be/sites/default/files/speakers/Thomas%20Van%20Eeckhout%20zw.jpg;"Thomas Van Eeckhout as a speaker on your event? Contact the speakers&#039; office Read My Lips for more information.";English;"Management, Leadership and Senior Management, Enterprise, Strategy, CSR (Corporate Social Responsibility), HR &amp; Wellbeing, Corporate Culture, Work/Life Balance";;Yes;"Who is Thomas Van Eeckhout ?
Thomas van Eeckhout (b. 1985), family man and dad of 2, is all about getting and giving opportunities. With a Business Management diploma in his pocket, he began his career at the IT company, Easi, after his third-level studies as an Internal Sales and Administration Officer. It was his first job, and, after a difficult study route, he had as yet no great dreams. Thanks to the trust he received from his superiors at Easi, not only his ambition, but also his will to grow as a person increased. In 2015, he joined the executive management as Sales Director and, together with Jean-François Herremans, was appointed CEO in 2019.
Thomas discusses, among other things, the shareholder model of Easi, the impact of values, but also how happiness at work is a shared responsibility, and the things managers can immediately put into practice.
 "
785;Thomas Van Eeckhout;Speaker;Male;Dutch, French, English;https://readmylips.be/sites/default/files/speakers/Thomas%20Van%20Eeckhout%20zw.jpg;Thomas Van Eeckhout comme orateur à votre évènement ? Contactez Read My Lips, notre bureau d’orateurs spécialisés !;French;Management, Leadership et top managers, Entreprendre, Stratégie, RSE (responsabilité sociétale des entreprises), RH et bien-être, Culture d’entreprise, Équilibre travail/vie privée;;Yes;"Qui est Thomas Van Eeckhout ?
Pour Thomas van Eeckhout (1985), père de famille et papa de 2 enfants, tout est une question de recevoir et de donner des opportunités. Titulaire d’un diplôme en Business Management, il a débuté sa carrière auprès de la société informatique Easi après ses études supérieures en 2006 en tant qu’Internal Sales et Administration Officer. C’était son premier emploi et après un cursus difficile, il ne nourrissait pas (encore) de grands rêves. Grâce à la confiance que lui ont accordée ses dirigeants chez Easi, non seulement son ambition a grandi, mais aussi sa volonté d’évoluer en tant que personne. En 2015, il a rejoint l’Executive Management en tant que Sales Director et en 2019, il a été nommé CEO aux côtés de Jean-François Herremans.
Thomas aborde, entre autres, le modèle actionnarial d’Easi, l’impact des valeurs, mais aussi la façon dont le bonheur au travail est une responsabilité partagée et les aspects que les dirigeants peuvent directement mettre en pratique.
 "
785;Thomas Van Eeckhout;Speaker;Male;Dutch, French, English;https://readmylips.be/sites/default/files/speakers/Thomas%20Van%20Eeckhout%20zw.jpg;Thomas Van Eeckhout als spreker op jouw evenement? Neem vrijblijvend contact op met sprekersbureau Read My Lips voor meer informatie.;Dutch;"Management, Leiderschap &amp; topmanagers, Ondernemen, Strategie, MVO (Maatschappelijk verantwoord ondernemen), HR &amp; wellbeing, Bedrijfscultuur, Balans werk/leven";;Yes;"Wie is Thomas Van Eeckhout?
Thomas van Eeckhout (’85), familieman en papa van 2, is all about kansen krijgen en geven. Met een diploma Business Management op zak begon hij zijn carrière bij IT-bedrijf Easi na zijn hogere studies in 2006 als Internal Sales en Administration Officer. Het was zijn eerste job en na een lastig studieparcours koesterde hij (nog) geen grote dromen. Dankzij het vertrouwen dat hij kreeg van zijn leidinggevenden bij Easi, steeg niet alleen zijn ambitie, maar ook zijn wil om te groeien als persoon. In 2015 trad hij toe tot het executive management als Sales Director om in 2019 samen met Jean-François Herremans benoemd te worden tot CEO.
Thomas spreekt onder meer over het aandeelhoudersmodel van Easi, de impact van waarden, maar ook over hoe werkgeluk een gedeelde verantwoordelijkheid is en welke zaken leidinggevenden meteen in de praktijk kunnen brengen.
 

          
  












    

  


  
  
      

      Vraag nu een offerte aan"
237;Tim Pauwels;Speaker, Moderator;Male;Dutch;https://readmylips.be/sites/default/files/speakers/Pauwels_Tim_200124_1.jpg;Who is Tim Pauwels?;English;"Current affairs, Politics &amp; Government, History, Economics";;No;"Who is Tim Pauwels?
Tim is a household name when it comes to Flemish political reporting. He is also the first and only journalist to help produce the news for the VRT, VTM and VT4. He now produces radio and television news for the VRT, and primarily focuses on politics. Tim also accepted a new challenge in presenting the current affairs programme De Zevende Dag (the seventh day); a challenge that he meets very professionally every week. Tim is able to perfectly oversee your debate, conference or event. In addition, he presents lectures on the ins and outs of the various parliaments and governments in our country."
237;Tim Pauwels;Speaker, Moderator;Male;Dutch;https://readmylips.be/sites/default/files/speakers/Pauwels_Tim_200124_1.jpg;Tim Pauwels als spreker of moderator op jouw evenement? Neem vrijblijvend contact op met sprekersbureau Read My Lips voor meer informatie!;Dutch;"De wereld vandaag, Politiek &amp; overheid, Geschiedenis, Economie";;No;"Wie is Tim Pauwels?
Tim is een vaste waarde in de Vlaamse politieke verslaggeving. Hij is ook de eerste en enige journalist die voor zowel VRT, VTM als VT4 nieuws maakte. Bij de VRT werkt hij nu voor het radio- en het televisienieuws, met politiek als belangrijkste insteek. Na het afscheid als presentator van De Zevende Dag nam Tim een nieuwe uitdaging aan als ombudsman bij de VRT-nieuwsdienst. Tim kan jouw debat, congres of event perfect begeleiden. Daarnaast geeft hij ook lezingen over het reilen en zeilen binnen de talloze parlementen en regeringen die dit land rijk is."
1139;Tim Van Aelst;Speaker;Male;Dutch, English;https://readmylips.be/sites/default/files/speakers/Tim%20Van%20Aelst%20KBL3_zw_small.jpg;Tim Van Aelst als spreker op jouw evenement? Neem vrijblijvend contact op met sprekersbureau Read My Lips voor meer informatie.;English;"Healthcare, Current affairs, Philosophy, Religion and Spirituality, Media &amp; culture, Media";;Yes;"Who is Tim Van Aelst?
After studying History at the University of Antwerp and a brief stint in New York, Tim Van Aelst sought refuge in the world of Flemish television. There he started in 2004 as an errand boy on the set of Bart Peeters and Hugo Matthysen, but in no time managed to work his way up as creator and director of shows such as Trigger Happy and Tomtesterom, which he made together with Tom Waes. In 2009, he founded Shelter, a small production company that very consciously wanted to make comedy shows to make people laugh and in that way also provide connection. The first program was an instant hit: Benidorm Bastards!, sold to 65 countries, including the U.S. (Betty White's Off Their Rockers) where 12 million Americans watched old-timers use a hidden camera to prank young people. In no time more golden eggs were laid at Shelter: the sketch program What If? and the sitcom Safety First, which with the ""Smos"" gave Flanders a new hero. In 2018, Tim Van Aelst and his team scored a hat trick by winning a third International Emmy Award with Hoe Zal Ik Het Zeggen? With Studio Tarara, he launched his first drama series in the spring of 2019, and it too won multiple awards both at home and abroad. Just like Shelter's latest feat, the comedy-drama series Billie vs Benjamin. Stopping at a high point, Tim Van Aelst must have thought, when he and Sofie Peeters (business partner since 2017) opened the door of their production house in the summer of 2022. That the most awarded TV-makers in Flanders called it a day hit the media world like a bomb. Since then, Tim has focused on music as a weapon for a complete rejuvenation. In search of his full potential, he is currently facing all fears and is open to the unexpected. But that he has vast knowledge about creativity and story building goes without saying. Tim would like to share that knowledge and experience with the whole world. And he prefers to do this in a witty way, and if possible with music.

          
  












    

  


  
  
      

      Request an offer"
1139;Tim Van Aelst;Speaker;Male;Dutch, English;https://readmylips.be/sites/default/files/speakers/Tim%20Van%20Aelst%20KBL3_zw_small.jpg;Tim Van Aelst als spreker op jouw evenement? Neem vrijblijvend contact op met sprekersbureau Read My Lips voor meer informatie.;Dutch;"Healthcare, De wereld vandaag, Filosofie, religie &amp; spiritualiteit, Media &amp; cultuur, Media";;Yes;"Wie is Tim Van Aelst?
Na zijn studies Geschiedenis aan de Universiteit Antwerpen en een korte passage in New York zocht Tim Van Aelst zijn heil in de Vlaamse televisiewereld. Daar startte hij in 2004 als loopjongen op de set van Bart Peeters en Hugo Matthysen maar wist hij zich in geen tijd op te werken als bedenker en regisseur van shows als Trigger Happy en Tomtesterom, die hij samen met Tom Waes maakte. In 2009 richtte hij Shelter op, een klein productiehuis dat heel bewust comedy shows wilde maken om mensen te laten lachen en op die manier ook voor verbinding te zorgen. Het eerste programma was meteen een schot in de roos: Benidorm Bastards!, verkocht aan 65 landen, inclusief de VS (Betty White's Off Their Rockers) waar 12 miljoen Amerikanen zagen hoe oudjes met een verborgen camera jongeren te grazen nemen. In geen tijd werden er bij Shelter nog meer gouden eieren gelegd: het sketchprogramma Wat Als? en de sitcom Safety First, die met de “Smos” Vlaanderen een nieuwe held bezorgde. In 2018 scoorden Tim Van Aelst en zijn team een hattrick door met Hoe Zal Ik Het Zeggen? een derde International Emmy Award binnen te halen. Met Studio Tarara lanceerde hij in het voorjaar van 2019 zijn eerste dramareeks, en ook die viel meermaals in de prijzen, zowel in binnen- als buitenland. Net als het laatste wapenfeit van Shelter, de comedy-dramareeks Billie vs Benjamin. Stoppen op een hoogtepunt moet Tim Van Aelst gedacht hebben, toen hij samen met Sofie Peeters (zakenpartner sinds 2017) de deur van hun productiehuis dichttrok in de zomer van 2022. Dat de meest bekroonde tv-makers in Vlaanderen het voor bekeken hielden, sloeg in de mediawereld in als een bom. Sindsdien houdt Tim zich vooral bezig met muziek, als wapen voor een volledige herbronning. Op zoek naar zijn volle potentieel kijkt hij momenteel alle angsten in de ogen en staat hij open voor het onverwachtse. Maar dat hij enorme kennis over creativiteit en de opbouw van verhalen heeft, spreekt voor zich. Die kennis en ervaringen wil Tim graag delen met de hele wereld. En dat doet hij het liefst op een geestige manier, en als het mag mét muziek.

          
  












    

  


  
  
      

      Vraag je offerte aan"
240;Tim Van Steendam;Speaker;Male;Dutch;https://readmylips.be/sites/default/files/speakers/VanSteendam_Tim_200128_1zw.jpg;Tim Van Steendam als spreker op jouw evenement? Neem vrijblijvend contact op met sprekersbureau Read My Lips.;Dutch;"De wereld vandaag, Veiligheid, Samenleving &amp; diversiteit";Non-profit;Yes;"Wie is Tim Van Steendam?
Tim gold jarenlang als ‘best verkopende onbekende auteur van Vlaanderen’. Inmiddels publiceerde hij onder eigen naam Door het oog van de naald, een bestseller.
Deze spreker kroop een jaar lang in de onderbuik van Gent. Hij volgde enkele heroïneverslaafden op de voet, sliep samen met hen in kraakpanden, in de stationshal of gewoon op straat. Hij was getuige van schrijnende taferelen die zijn visie op mens en maatschappij hebben aangescherpt. Hij ontwikkelde een eigenzinnige kijk op deze bijzondere problematiek van daklozen, op het hedendaagse drugsbeleid en de gevolgen daarvan voor ons allen."
755;Tim Verheyden;Speaker, Moderator;Male;Dutch, English;https://readmylips.be/sites/default/files/speakers/Tim%20Verheyden%20%283%29.jpg;"Tim Verheyden as a speaker or moderator on your event? Contact the speakers&#039; office Read My Lips for more information.";English;"Current affairs, Politics &amp; Government, Society &amp; Diversity, Media &amp; culture, Arts &amp; Culture, Media, Technology &amp; innovation, Innovation &amp; Trends, ICT &amp; Technology";;Yes;"Who is Tim Verheyden?
Tim Verheyden is a journalist and maker of documentaries at VRT NWS and Canvas. Verheyden monitors the influence of social media and technology on all of us, with ‘All Things Digital’. He works for the investigative programme Pano and makes the series “Facebook&amp;Ik” and “Privacy&amp;Ik” (Facebook&amp;Me and Privacy&amp;Me) for Canvas. Working for VRT NWS, Verheyden discovered in 2019 that Google was listening to what we say using Google Home. The documentary resulted in the amendment of Google’s privacy conditions worldwide.

 "
755;Tim Verheyden;Speaker, Moderator;Male;Dutch, English;https://readmylips.be/sites/default/files/speakers/Tim%20Verheyden%20%283%29.jpg;Tim Verheyden als spreker of moderator op jouw evenement? Neem vrijblijvend contact op met sprekersbureau Read My LIps voor meer informatie.;Dutch;"De wereld vandaag, Politiek &amp; overheid, Samenleving &amp; diversiteit, Media &amp; cultuur, Kunst &amp; cultuur, Media, Technologie &amp; innovatie, Innovatie &amp; trends, ICT &amp; technologie";;Yes;"Wie is Tim Verheyden?
Tim Verheyden is journalist en reportagemaker bij VRT NWS en Canvas. Verheyden volgt de invloed van sociale media en technologie op ons allemaal, ‘All Things Digital’. Zo werkt Verheyden voor het onderzoeksprogramma Pano en maakte hij voor Canvas de reeksen “Facebook&amp;Ik” en “Privacy&amp;Ik”. Voor VRT NWS ontdekte Verheyden in 2019 dat Google via de Google Home meeluistert naar wat we zeggen. De reportage leidde wereldwijd tot de aanpassing van de privacyvoorwaarden van Google.

 "
744;Tim Vermeire;Speaker;Male;Dutch, English;https://readmylips.be/sites/default/files/speakers/Tim%20Vermeire%20%282%29.jpg;"Tim Vermeire as a speaker on your event? Contact speakers&#039; office Read My Lips for more information.";English;"Management, HR &amp; Wellbeing";;Yes;"Who is Tim Vermeire?
Tim Vermeire is passionate about cultures, systems, ownership and sustainable employment. After his Physical Education studies, Tim worked in South Africa. Further studies then followed, including: A Master’s in Professional Sports Management, a postgraduate degree in Marketing, a master class in Neurocognitivism, coaching in Sustainable Deployment and Innovative Work Organisation. In 2005, he established Still Movin'. A concept around the development of human potential and well-being within organisations. In 2012, Still Movin’ was taken over by Attentia. There he held positions such as Business Unit Manager, Lead Consultant and Product and Business Developer. 
In the meantime, Tim continues to work on Adaptivity, collective leadership, well-being, sustainable employability and cultural issues within organisations. 
He delivers keynote presentations on focus, strategic well-being, vital leadership for sustainable employability, work/life balance and adaptivity as an individual and as a team. Both in English and in Dutch.
 "
744;Tim Vermeire;Speaker;Male;Dutch, English;https://readmylips.be/sites/default/files/speakers/Tim%20Vermeire%20%282%29.jpg;Tim Vermeire als spreker op jouw evenement? Neem vrijblijvend contact op met sprekersbureau Read My Lips voor meer informatie.;Dutch;"Management, HR &amp; wellbeing";;Yes;"Wie is Tim Vermeire?
Tim Vermeire is gepassioneerd door culturen, systemen, eigenaarschap en duurzame inzetbaarheid. Na zijn studie Lichamelijke Opvoeding werkte Tim in Zuid-Afrika. Er volgden nadien nog studies, o.a.: Master in professioneel Sportmanagement, een Postgraduaat Marketing, een Masterclass Neurocognitivisme, coach Duurzame Inzetbaarheid en Innovatieve Arbeidsorganisatie. In 2005 richtte hij Still Movin’ op, een concept rond de ontwikkeling van menselijke potentieel en welzijn binnen organisaties. In 2012 nam Attentia Still Movin’ over. Daar was hij o.a. Business Unit Manager, Lead Consultant, Product- en Business Developer. 
Ondertussen gaat Tim verder aan de slag met Adaptiviteit, collectief leiderschap, welzijn, duurzame inzetbaarheid en cultuurvraagstukken binnen organisaties.
Hij brengt in het Engels en in het Nederlands keynotes over Focus, Strategisch welzijn, Vitaal leiderschap voor duurzame inzetbaarheid, Werk-Privé-balans en adaptiviteit als mens en als team. 
 "
552;Tomas De Soete;Moderator;Male;Dutch, English;https://readmylips.be/sites/default/files/speakers/Tomas_de_soete_20200605_foto2_RML.jpg;Tomas De Soete - Moderator Read My Lips;English;"Media &amp; culture, Entertainment";;Yes;"Who is Thomas De Soete?
Tomas is a household name now, on radio as well as television. After completing his studies, he immediately started working for Studio Brussel, where he presented talk shows such as Brussel Midi and request programmes such as Wildcard. Together with Christophe Lambrecht and Peter Van De Veire, he was also the first resident in Het Glazen Huis (the glass house) during Music for Life.
For four years, Tomas - together with Linde Merckpoel - helped listeners to get out of their beds with a breakfast show called Tomas Staat Op (Tomas wakes up). He also appeared on the small screen, presenting a travel show called Weg met De Soete on VRT channel Canvas In the daily talk show Café Corsari on channel Eén, he spent three years interviewing a wide range of guests. Café Corsari welcomed everyone for a freshly tapped pint and a cosy chat with Tomas. He then spent time away from the screen, while he focused on a parody series called Fiskepark. He not only wrote the series, but also played the lead role in it. The character was actually an exaggerated version of himself; a washed-up celebrity who was suspected of (fictively) murdering his good friend Bent Van Looy. Fiskepark was released in 2019. The absurd series was a hit! At the same time as the TV series, Tomas also presented a radio programme called Radio Fiskepark on Radio 1. The programme involved two guests reviewing the events of the past week.
In early 2020, he presented the marathon broadcast of Canvas Popnacht, together with Jan Delvaux and Jimmy Dewit. Moving back and forth between radio and TV, both on and behind the screen, has allowed Tomas to become an all-round presenter. As a moderator, Tomas is able to successfully lead a wide range of events. He can be a real driving force and will make sure that your guests leave with the right message."
552;Tomas De Soete;Moderator;Male;Dutch, English;https://readmylips.be/sites/default/files/speakers/Tomas_de_soete_20200605_foto2_RML.jpg;Tomas De Soete  als moderator op jouw evenement? Neem vrijblijvend contact op met sprekersbureau Read My Lips voor meer informatie!;Dutch;"Media &amp; cultuur, Entertainment";;Yes;"Wie is Tomas De Soete?
Tomas is intussen een gevestigde waarde, zowel op de radio als op tv. Na zijn studies ging hij meteen aan de slag bij Studio Brussel, waar hij niet alleen talkshows als Brussel Midi en verzoekprogramma’s als Wildcard presenteerde. Hij was ook, samen met Christophe Lambrecht en Peter Van De Veire, de eerste bewoner van Het Glazen Huis voor Music for life.
Vier jaar lang hielp Tomas, samen met Linde Merckpoel, de luisteraars van StuBru op te staan met de ochtendshow Tomas Staat Op. Hij maakte de overstap naar het kleine scherm en presenteerde op Canvas het reismagazine Weg met De Soete. In de dagelijkse talkshow Café Corsari op Eén interviewde hij drie jaar lang de meest uiteenlopende gasten. In Café Corsari was iedereen welkom voor een frisse pint en goeie babbel met Tomas. Nadien verdween hij een tijdje van het scherm om zich toe te leggen op de fictiereeks Fiskepark. Een reeks die hij niet alleen schreef, maar waarin hij ook de hoofdrol vertolkte. In die serie speelde hij een uitvergrote versie van zichzelf als een aan lagerwal geraakte BV die verdacht wordt van een (fictieve) moord op zijn goede vriend Bent Van Looy. Fiskepark werd in 2019 losgelaten op het publiek. De absurde serie werd gesmaakt! Parallel met de tv-serie presenteerde Tomas ook het radioprogramma Radio Fiskepark (Radio 1). In dit programma liet hij twee gasten terugblikken op de waan van de week.
Begin 2020 presenteerde hij de marathonaflevering Canvas Popnacht, samen met Jan Delvaux en Jimmy Dewit. De afwisseling tussen radio en tv, en dit zowel voor als achter de schermen, zorgt ervoor dat Tomas uitgegroeid is tot een allroundpresentator. Als moderator weet Tomas je event in goede banen te leiden. Hij neemt je mee op sleeptouw en zorgt ervoor dat je gasten de juiste boodschap meekrijgen."
401;Tommy Gontie;Speaker;Male;Dutch, English;https://readmylips.be/sites/default/files/speakers/Gontie_Tommy_200124_1.jpg;Who is Tommy Gontie?;English;"Marketing &amp; communication, Marketing, Social Media, PR &amp; Communication, Technology &amp; innovation, Innovation &amp; Trends, ICT &amp; Technology, Creativity";;Yes;"Who is Tommy Gontie?
Tommy is an inspirational speaker who shares his story and experiences with the audience like a true stage artist, sometimes accompanied by a bit of singing and guitar. He is brilliant at relating to the audience and attracts everyone's attention and interest from the very first minute, and never lets go. His stories are (painfully) funny and touching, but - most importantly - they motivate people to roll up their sleeves and get stuck in. Ideal for anyone who is looking for a new, refreshing perspective on themselves, their company or organisation.
Tommy is a songwriter, producer and singer/guitarist, but he mainly attracts attention for the way in which he is able to place the band, and by extension himself and the audience in the spotlight. He explains how, with a no-nonsense attitude and zero budget, he uses creativity, targeted communication and infectious enthusiasm to devise and realise ideas. A must for everyone!"
401;Tommy Gontie;Speaker;Male;Dutch, English;https://readmylips.be/sites/default/files/speakers/Gontie_Tommy_200124_1.jpg;Wie is Tommy Gontie?;Dutch;"Marketing &amp; communicatie, Marketing, Sociale media, PR &amp; communicatie, Technologie &amp; innovatie, Innovatie &amp; trends, ICT &amp; technologie, Creativiteit";;Yes;"Wie is Tommy Gontie?
Tommy is een inspirerende spreker die zijn verhaal en ervaringen als een echt podiumbeest overbrengt naar zijn publiek, al dan niet begeleid met een stukje zang en gitaar. Hij creëert als geen ander herkenbaarheid bij zijn toehoorders en absorbeert vanaf minuut één ieders aandacht, interesse die hij niet meer zal loslaten. De verhalen zijn (pijnlijk) grappig, treffend maar vooral motiverend om zélf aan de slag te gaan. Een aanrader voor iedereen die op zoek is naar een nieuwe, verfrissende kijk op zichzelf, zijn bedrijf of organisatie.
Tommy is onder meer songwriter, producer en zanger/gitarist, maar hij trekt vooral de aandacht door de manier waarop hij de band en bij uitbreiding zichzelf en het publiek in de kijker kan zetten. Zonder budget en met een no-nonsenseattitude vertelt hij hoe hij met creativiteit, gerichte communicatie en aanstekelijk enthousiasme ideeën bedenkt én realiseert. Een absolute aanrader!"
242;Tony Mary;Speaker;Male;Dutch, French, English;https://readmylips.be/sites/default/files/speakers/Mary_Tony_200129_1zw.pg_.jpg;Who is Tony Mary?;English;"Current affairs, Politics &amp; Government, Media &amp; culture, Media, Management, Leadership and Senior Management, Enterprise, Technology &amp; innovation, Innovation &amp; Trends, ICT &amp; Technology, Creativity";;Yes;"Who is Tony Mary?
Tony is extraordinary. He started as a civil servant but climbed the ladder to become a top manager at major companies such as IBM and Belgacom. The broader public discovered him when he was head of the VRT. Unlike his fellow CEOs, Tony is not afraid to show his colours in public debates. He is currently a director at fifteen socio-cultural associations and companies. He uses his extensive experience to guide and serve as a sounding board for several CEOs at young companies.
His speeches are given with the same passion that he has displayed throughout his career. His distinguished track record means he possesses the knowledge needed to speak about his favourite topics: media, technology and management. He is also one of the few business leaders in our country who dares to share his opinion on the direction in which our society should be heading."
242;Tony Mary;Speaker;Male;Dutch, French, English;https://readmylips.be/sites/default/files/speakers/Mary_Tony_200129_1zw.pg_.jpg;Wie is Tony Mary?;French;Le monde actuel, Politique et pouvoirs publics, Médias et culture, Media, Management, Leadership et top managers, Entreprendre, Technologie et innovation, Innovation et tendances, TIC et technologie, Créativité;;Yes;"Qui est Tony Mary ?
Tony est impressionnant. De fonctionnaire, il s'est hissé à la tête de mastodontes tels qu'IBM et Belgacom. Pour le grand public, il est devenu le patron de la VRT. Contrairement à ses collègues PDG, Mary n'a pas peur d'afficher ses couleurs dans les discussions sociales. Aujourd'hui, il est administrateur d'une quinzaine d'associations et d'entreprises socioculturelles. Fort de ses années d'expérience, il coache plusieurs PDG de jeunes entreprises et leur sert de caisse de résonance personnelle.
Dans ses discours, il est aussi passionné qu'il l'a toujours été dans sa carrière. Sa riche carrière lui permet de parler en connaissance de cause de ses chevaux de bataille : les médias, la technologie et la gestion. En tant qu'un des rares chefs d'entreprise de notre pays, il ose aussi donner sa vision sans fard de l'évolution de notre société."
242;Tony Mary;Speaker;Male;Dutch, French, English;https://readmylips.be/sites/default/files/speakers/Mary_Tony_200129_1zw.pg_.jpg;Wie is Tony Mary?;Dutch;"De wereld vandaag, Politiek &amp; overheid, Media &amp; cultuur, Media, Management, Leiderschap &amp; topmanagers, Ondernemen, Technologie &amp; innovatie, Innovatie &amp; trends, ICT &amp; technologie, Creativiteit";;Yes;"Wie is Tony Mary?
Tony is indrukwekkend. Van ambtenaar klom hij op tot topmanager van mastodonten als IBM en Belgacom. Bij het brede publiek werd hij bekend als baas van de VRT. In tegenstelling tot zijn collega-CEO’s schrikt Mary er niet voor terug om ook in maatschappelijke discussies kleur te bekennen. Vandaag is hij bestuurder in vijftien socioculturele verenigingen en bedrijven. Vanuit zijn jarenlange ervaring begeleidt hij een aantal CEO’s van jonge bedrijven, waarbij hij voor hen een persoonlijk klankbord is.
In zijn speeches is hij even gepassioneerd als hij steeds in zijn carrière is geweest. Zijn rijke loopbaan zorgt ervoor dat hij met veel kennis van zaken kan spreken over zijn stokpaardjes: media, technologie en management. Als een van de weinige bedrijfsleiders van ons land durft hij ook ongezouten zijn visie te geven over waar het volgens hem naartoe moet met onze samenleving."
634;Valerie Thys;Moderator;Female;Dutch, French, English;https://readmylips.be/sites/default/files/speakers/Valerie%20Thys%20-%20door%20Leyla%20Hesna%20HRes.jpg;Boek Valerie Thys nu als moderator voor jouw event via Read My Lips!;English;Current affairs, Management;;Yes;"Who is Valerie Thys?
Valerie Thys is a passionate communicator. She is a native tri-lingual interviewer and presenter. Over the past 17 years, she has earned her stripes in the entertainment industry and the world of business. She is also a qualified weather forecaster and a sustainability expert. Her mission is to help customers and organisations to communicate clearly and effectively about their attempts to become more innovative and sustainable, while realising their vision for the future. Gender equality and women’s rights are two topics that are very close to Valerie’s heart, and she can be heard talking about them every week during her feminist podcast, “What we Women Want”."
634;Valerie Thys;Moderator;Female;Dutch, French, English;https://readmylips.be/sites/default/files/speakers/Valerie%20Thys%20-%20door%20Leyla%20Hesna%20HRes.jpg;Boek Valerie Thys nu als moderator voor jouw event via Read My Lips!;French;Le monde actuel, Management;;Yes;"Qui est Valerie Thys ?
Valerie Thys est une communicatrice passionnée. C’est une journaliste et présentatrice trilingue. Ces 17 dernières années, elle a gagné ses galons dans l’industrie du divertissement et dans le monde de l’entreprise. Elle dispose par ailleurs d'une formation de présentatrice météo et d’experte en durabilité. Sa mission consiste à aider les clients et les organisations à communiquer clairement et avec force sur leurs efforts pour innover, devenir plus durables et définir leur vision d’avenir. L’égalité des sexes et les droits de la femme sont deux autres thématiques qui lui tiennent à cœur et vous pouvez entendre Valérie chaque semaine dans son podcast féministe « What we Women Want »."
634;Valerie Thys;Moderator;Female;Dutch, French, English;https://readmylips.be/sites/default/files/speakers/Valerie%20Thys%20-%20door%20Leyla%20Hesna%20HRes.jpg;Valerie Thys als moderator op jouw evenement? Neem vrijblijvend contact op met sprekersbureau Read My Lips voor meer informatie!;Dutch;De wereld vandaag, Management;;Yes;"Wie is Valerie Thys?
Valerie Thys is een gepassioneerde communicator. Ze is een native drietalige interviewster en presentatrice. De afgelopen 17 jaar heeft ze haar sporen verdiend in de entertainmentindustrie en de bedrijfswereld. Daarnaast is ze een geoefende weervrouw en duurzaamheidsexpert. Klanten en organisaties helpen om duidelijk en krachtig te communiceren over hun inspanningen om te innoveren, duurzamer te worden en hun toekomstvisie neer te zetten, is haar missie. Gendergelijkheid en vrouwenrechten zijn twee andere thema’s die Valerie nauw aan het hart liggen en dat kan je elke week horen in haar feministische podcast “What we Women Want”.
Luister naar Valerie Thys in onze podcast Overmorgen. "
1182;Valerie Trouet;Speaker;Female;Dutch, English;https://readmylips.be/sites/default/files/speakers/Trouet-Valerie-%20zw.jpg;Valerie Trouet als spreker op jouw evenement? Neem vrijblijvend contact op met sprekersbureau Read My Lips voor meer informatie.;English;"Current affairs, Science, Sustainability &amp; Climate, History";;Yes;"Who is Valerie Trouet?
Valerie Trouet is the author of ""What Trees Tell Us,"" a popular scientific book on dendrochronology that has been translated into 7 languages and won the Jan Wolkers Prize in 2020. She is scientific director of the new Belgian Climate Center and professor at the University of Arizona in the US. She received her PhD in Bioengineering from KULeuven in 2004 and worked as a researcher at PennState University and at the Swiss Federal Research Institute WSL before moving to Arizona in 2011. As a dendrochronologist, she studies climate change over the past two thousand years and how it has affected human systems and ecosystems. Valerie is a Kavli Fellow of the National Academy of Sciences and received an honorary doctorate from the University of Wageningen in the Netherlands in 2023.

          
  












    

  


  
  
      

      Vaag hier je offerte aan"
1182;Valerie Trouet;Speaker;Female;Dutch, English;https://readmylips.be/sites/default/files/speakers/Trouet-Valerie-%20zw.jpg;Valerie Trouet als spreker op jouw evenement? Neem vrijblijvend contact op met sprekersbureau Read My Lips voor meer informatie.;Dutch;"De wereld vandaag, Wetenschap, Duurzaamheid &amp; klimaat, Geschiedenis";;Yes;"Wie is Valerie Trouet?
Valerie Trouet is de auteur van 'Wat Bomen Ons Vertellen', een populair wetenschappelijk boek over dendrochronologie dat in 7 talen vertaald is en in 2020 de Jan Wolkersprijs won. Ze is wetenschappelijk directeur van het nieuwe Belgische Klimaatcentrum en professor aan de University of Arizona in de VS. Ze behaalde haar doctoraat in Bio-ingenieurwetenschappen aan de KULeuven in 2004 en werkte als onderzoeker aan PennState University en aan het Swiss Federal Research Institute WSL voor ze in 2011 naar Arizona verhuisde. Als dendrochronologe onderzoekt zij de klimaatverandering van de voorbije tweeduizend jaar en hoe die menselijke systemen en ecosystemen heeft beïnvloed. Valerie is een Kavli Fellow of the National Academy of Sciences en kreeg in 2023 een eredoctoraat van de Universiteit van Wageningen in Nederland.

          
  












    

  


  
  
      

      Vaag hier je offerte aan"
838;Victoria Tregub;Moderator;Female;Dutch, French, English;https://readmylips.be/sites/default/files/speakers/Victoria%20Tregub%20%282%29.jpg;Victoria Tregub as a moderator at your event? Feel free to contact speakers bureau Read My Lips for more information.;English;"Current affairs, Media &amp; culture, Media, Marketing &amp; communication";;Yes;"Who is Victoria Tregub?
Victoria Tregub grew up in Antwerp, but her Ukrainian-American roots make her a multicultural, international polyglot. While studying communication sciences in Brussels, she gained experience as a journalist at TV Brussels, where she managed English-language reports. Her roots and personal interest in international politics allowed her to host a 9/11 commemoration together with former NATO Secretary-General Anders Fogh Rasmussen. She also gained a lot of corporate stage experience at the Belgian diamond industry's umbrella federation AWDC, where she was a regular host for all events at home and abroad. She kicked off the Diamond Year together with Minister Pieter De Crem. Also from the banking sector, she was recently asked to be a moderator at an event organised by BNP Paribas Fortis and the University of Antwerp.
Victoria is a passionate storyteller and an enthusiastic performer. Her experience in front of and behind the camera is very broad. She breathes communication. With her infectious charisma, she is the ideal presenter/host for events, video reports, podcasts, seminars and gala dinners. Speaking at international events such as 'Best Sommelier of the World' or the 'Kimberley Process Plenary', but also interviewing politicians or Hollywood stars (including Antwerp mayor Bart De Wever, actress Elizabeth Hurley, ...) and speaking for ex-presidents (Thabo Mbeki), and more... she does not shy away from any challenge. This makes her the ideal hostess for your event, live or digital."
838;Victoria Tregub;Moderator;Female;Dutch, French, English;https://readmylips.be/sites/default/files/speakers/Victoria%20Tregub%20%282%29.jpg;"Victoria Tregub comme modératrice lors de votre événement ? N&#039;hésitez pas à contacter le bureau de conférenciers Read My Lips pour plus d&#039;informations.";French;Le monde actuel, Médias et culture, Media, Marketing et communication;;Yes;"Qui est Victoria Tregub ?
Victoria Tregub a grandi à Anvers, mais ses racines ukraino-américaines font d'elle une polyglotte multiculturelle et internationale. Tout en étudiant les sciences de la communication à Bruxelles, elle a acquis de l'expérience en tant que journaliste à TV Brussels, où elle a géré des reportages en anglais. Ses racines et son intérêt personnel pour la politique internationale lui ont permis d'organiser une commémoration du 11 septembre avec l'ancien secrétaire général de l'OTAN, Anders Fogh Rasmussen. Elle a également acquis une grande expérience de la scène d'entreprise au sein de l'AWDC, la fédération belge de l'industrie du diamant, où elle était régulièrement l'hôte de tous les événements organisés en Belgique et à l'étranger. Elle a donné le coup d'envoi de l'année du diamant avec le ministre Pieter De Crem. Toujours dans le secteur bancaire, elle a récemment été invitée à animer un événement organisé par BNP Paribas Fortis et l'Université d'Anvers.
Victoria est une conteuse passionnée et une artiste enthousiaste. Son expérience devant et derrière la caméra est très large. Elle respire la communication. Avec son charisme contagieux, elle est la présentatrice/animatrice idéale pour les événements, les reportages vidéo, les podcasts, les séminaires et les dîners de gala. Prenant la parole lors d'événements internationaux tels que le ""Meilleur sommelier du monde"" ou la ""Plénière du Processus de Kimberley"", mais aussi interviewant des hommes politiques ou des stars d'Hollywood (notamment le bourgmestre d'Anvers Bart De Wever, l'actrice Elizabeth Hurley, ...) et s'exprimant pour d'anciens présidents (Thabo Mbeki), et plus encore... elle ne recule devant aucun défi. Elle est donc l'hôtesse idéale pour votre événement, en direct ou en numérique."
838;Victoria Tregub;Moderator;Female;Dutch, French, English;https://readmylips.be/sites/default/files/speakers/Victoria%20Tregub%20%282%29.jpg;Victoria Tregub als moderator op jouw evenement? Neem vrijblijvend contact op met sprekersbureau Read My Lips voor meer informatie.;Dutch;"De wereld vandaag, Media &amp; cultuur, Media, Marketing &amp; communicatie";;Yes;"Wie is Victoria Tregub?
Victoria Tregub groeide op in Antwerpen, maar haar Oekraïense-Amerikaanse roots maken van haar een multiculturele, internationale polyglot. Tijdens haar studies communicatiewetenschappen in Brussel deed ze ervaring op als journaliste bij TV Brussel, waar ze de Engelstalige reportages in goede banen leidde. Door haar roots en persoonlijke interesse in internationale politiek mocht zij host zijn tijdens een 9/11-herdenking, samen met de voormalige NAVO Secretaris-Generaal Anders Fogh Rasmussen. Ze deed ook heel wat corporate podiumervaring op bij de koepelfederatie van de Belgische diamantsector AWDC, waar ze vaste host was voor alle evenementen in binnen -en buitenland. Zij beet de spits af van het diamantjaar, samen met Minister Pieter De Crem. Ook vanuit de bankensector werd zij recent gevraagd om moderator te zijn op een evenement georganiseerd door BNP Paribas Fortis en de Universiteit van Antwerpen.
Victoria is een gepassioneerde storyteller en een enthousiast podiumbeest. Haar ervaring voor en achter de camera is zeer ruim. Zij ademt communicatie. Met haar aanstekelijk charisma is zij de ideale presentatrice/ host voor evenementen, videoreportages, podcasts, seminaries en galadiners. Spreken op internationale evenementen zoals ‘Best Sommelier of the World’ of de ‘Kimberley Process Plenary’, maar ook politici of Hollywoodsterren interviewen (o.a. Antwerps burgemeester Bart De Wever, actrice Elizabeth Hurley, ...) en voor ex-presidenten (Thabo Mbeki) spreken, en meer… ze gaat geen enkele uitdaging uit de weg. Dit maakt haar de ideale gastvrouw voor uw evenement, live of digitaal."
246;Walter Zinzen;;Male;Dutch;https://readmylips.be/sites/default/files/speakers/Zinzen_Walter_200128_1zw.jpg;Who is Walter Zinzen?;English;"Current affairs, Society &amp; Diversity, History, Entertainment, Leisure, Travel";Non-profit;Yes;"Who is Walter Zinzen?
Thanks to a long career in journalism, VRT icon and Africa expert Walter Zinzen developed into a formidable television journalist and a sharp but fair interviewer. During 35 years with the public broadcaster, he spent time as a reporter (mainly on Africa and Congo under Mobutu), presenter and chief editor for Het Journaal, Terzake and Panorama.
Walter Zinzen possesses a great deal of knowledge and is known for his clear insights. He is a passionate storyteller and always has the audience hanging on his every word."
246;Walter Zinzen;Speaker;Male;Dutch;https://readmylips.be/sites/default/files/speakers/Zinzen_Walter_200128_1zw.jpg;Walter Zinzen als spreker op jouw evenement? Neem vrijblijvend contact op met sprekersbureau Read My Lips.;Dutch;"De wereld vandaag, Samenleving &amp; diversiteit, Geschiedenis, Entertainment, Vrije tijd, Reizen";Non-profit;No;"Wie is Walter Zinzen?
VRT-icoon en Afrika-expert Walter Zinzen groeide tijdens zijn jarenlange journalistieke carrière uit tot een geducht televisiejournalist die scherp maar correct interviewde. Tijdens zijn 35 jaar bij de openbare omroep was hij afwisselend verslaggever, vooral over Afrika en het Congo onder Mobutu, presentator en eindredacteur van Het Journaal, Terzake en Panorama.
Walter Zinzen is een vat vol kennis en staat garant voor een glashelder betoog. Als een gepassioneerd verteller weet hij zijn publiek telkens aan zijn lippen te kluisteren."
405;Wilfried Van den Brande;Speaker;Male;Dutch, French, English;https://readmylips.be/sites/default/files/speakers/VandenBrande_Wilfried_200124_1.jpg;Who is Wilfried Van den Brande?;English;"Media &amp; culture, Arts &amp; Culture, Entertainment, Leisure";Non-profit;No;"Who is Wilfried Van den Brande?
A passion for music runs in Wilfried's family. These days, the professional life of this Flemish bass-baritone takes place in two worlds: opera/oratorio and the repertoire of American songwriter Cole Porter, who is known for classics such as ‘I’ve got you under my skin’, ‘Night and day’, ‘Love for sale’, ‘Anything goes’...
Wilfried is able to unite both worlds, with passion and a great sense of authenticity. He will take you on an original journey through a variety of musical worlds. He always combines music with prose and his talking and singing create an entertaining and animated evening – pure pleasure in the company of a top musician."
405;Wilfried Van den Brande;Speaker;Male;Dutch, French, English;https://readmylips.be/sites/default/files/speakers/VandenBrande_Wilfried_200124_1.jpg;Wilfried Van den Brande als spreker op jouw evenement? Neem vrijblijvend contact op met sprekersbureau Read My Lips.;Dutch;"Media &amp; cultuur, Kunst &amp; cultuur, Entertainment, Vrije tijd";Non-profit;No;"Wie is Wilfried Van den Brande?
De passie voor muziek kreeg Wilfried van huis uit mee. Het professionele leven van de Vlaamse bas-bariton speelt zich nu af in twee werelden: opera/oratorium en het repertoire van de Amerikaanse songwriter Cole Porter, bekend van klassiekers als ‘I’ve got you under my skin’, ‘Night and day’, ‘Love for sale’, ‘Anything goes’ ...
Wilfried brengt beide werelden samen, met veel passie en een grote zin voor authenticiteit. Hij neemt je mee op een originele wandeling door diverse muzikale werelden. Altijd combineert hij muziek en woord en hij praat en zingt een onderhoudende en geanimeerde avond aan elkaar – puur genieten in het gezelschap van een topmuzikant."
408;Willemijn Van Dommelen;Speaker;Female;Dutch, English;https://readmylips.be/sites/default/files/speakers/vanDommelen_Willemijn_200124_5.jpg;Who is Willemijn Van Dommelen?;English;"Management, Strategy, HR &amp; Wellbeing, Corporate Culture, Work/Life Balance";Non-profit;Yes;"Who is Willemijn van Dommelen?
Willemijn is a business leader who specialises in psychology within organisations. She is the founding partner of PRR Consultancy and is renowned for her revolutionary and efficient approach for getting employees with burnout back to work, full of energy. Willemijn is always able to strike the right cord with every employee.
The Netherlands-born Willemijn started her own recruitment and selection agency for young academics in 1998. At the time, she had just completed her Bachelor of Business Administration and Bachelor of Arts degree.  In a past life, Willemijn worked for SBS Belgium (VT4 and VIJFtv) and acted as manager for around 40 famous Flemish personalities. She was also the Benelux manager for Hollywood stars, such as Sharon Stone, Al Pacino, Ron Moss and many others."
408;Willemijn Van Dommelen;Speaker;Female;Dutch, English;https://readmylips.be/sites/default/files/speakers/vanDommelen_Willemijn_200124_5.jpg;Willemijn Van Dommelen als spreker op jouw evenement? Neem vrijblijvend contact op met sprekersbureau Read My Lips.;Dutch;"Management, Strategie, HR &amp; wellbeing, Bedrijfscultuur, Balans werk/leven";Non-profit;Yes;"Wie is Willemijn van Dommelen?
Willemijn is bedrijfskundige met een specifieke expertise in psychologie in organisaties. Ze is de founding partner van PRR Consultancy en staat bekend om haar revolutionaire aanpak om medewerkers met burn-out op een efficiënte wijze weer energiek op de werkvloer te krijgen. Willemijn weet telkens de juiste snaar te raken bij elke medewerker.
De in Nederland geboren Willemijn start in 1998 haar eigen wervings- en selectiebureau voor jonge academici. Ze heeft toen net haar diploma’s Bachelor of Business Administration en Bachelor of Arts op zak.  In een ver verleden werkte Willemijn bij SBS Belgium (VT4 en VIJFtv) en was zij manager van een 40-tal bekende Vlamingen. Tevens was zij de Benelux manager voor Hollywoodsterren als Sharon Stone, Al Pacino, Ron Moss en vele anderen."
725;Wim De Vilder;Moderator;Male;Dutch, French, English;https://readmylips.be/sites/default/files/speakers/Wim%20De%20Vilder%20%282%29_RML.jpg;"Wim De Vilder as a moderator on your event? Contact the speakers&#039; office Read My Lips for more information.";English;"Current affairs, Media &amp; culture, Media";;Yes;"Who is Wim De Vilder?
Wim De Vilder is one of the regulars in the newsroom at VRT. He presents the prime-time news programme ‘Het Journaal’ (News) and participates in numerous interview programmes, such as ‘Over 5 Jaar’ (In 5 years’ time), which was conceived by him, and the regular election programmes. He is perfectly at ease presenting popular programmes, such as the gala ‘De Nacht van de Televisiesterren’ (Night of the TV stars) and the finales of the ‘Kom Op Tegen Kanker’ (Stand Up to Cancer) programmes.
With all his experience, he is a much sought-after presenter, moderator and speaker for corporate events, conferences and seminars. In addition to his presentation work, De Vilder also provides training in presentation skills, media training and training for moderators. He is regularly invited for guest lectures at various universities. 
Wim studied Law at Leuven and Communication Sciences at Ghent. He began his career at VRT in 1993, initially as a reporter with Radio 1.
 "
725;Wim De Vilder;Moderator;Male;Dutch, French, English;https://readmylips.be/sites/default/files/speakers/Wim%20De%20Vilder%20%282%29_RML.jpg;Wim De Vilder comme modérateur à votre évènement ? Contactez Read My Lips, notre bureau d’orateurs spécialisés !;French;Le monde actuel, Médias et culture, Media;;Yes;"Qui est Wim De Vilder ?
Wim De Vilder est l’une des valeurs sûres de la rédaction de la VRT. Il présente « Het Journaal » en prime time et collabore à de nombreuses émissions de débat comme « Over 5 Jaar », dont il est le concepteur, et les débats électoraux classiques. Il aime aussi présenter des émissions de variétés à grande audience comme le gala « De Nacht van de Televisiesterren » et l’émission de clôture de l’opération « Kom Op Tegen Kanker ».
Fort de sa longue expérience, Wim De Vilder est un présentateur, modérateur et orateur très demandé pour des événements d’entreprise, congrès et séminaires. Outre son métier de présentateur, il donne aussi des formations en art de la présentation, des formations aux médias et des formations pour les modérateurs. Il est régulièrement invité lors de conférences dans différentes universités. 
Wim De Vilder a étudié le Droit à Louvain et les Sciences de la communication à Gand. Il a rejoint la VRT en 1993 comme reporter chez Radio 1."
725;Wim De Vilder;Moderator;Male;Dutch, French, English;https://readmylips.be/sites/default/files/speakers/Wim%20De%20Vilder%20%282%29_RML.jpg;Wim De Vilder als moderator op jouw evenement? Neem vrijblijvend contact op met sprekersbureau Read My Lips voor meer informatie.;Dutch;"De wereld vandaag, Media &amp; cultuur, Media";;Yes;"Wie is Wim De Vilder?
Wim De Vilder is één van de vaste waarden bij de nieuwsredactie van de VRT. Hij presenteert in prime time ""Het Journaal"", en werkt mee aan tal van interviewprogramma’s zoals het zelf bedachte ""Over 5 Jaar"" en de geregelde verkiezingsprogramma's. Hij voelt zich ook in zijn sas als presentator van druk bekeken showprogramma's zoals het gala ""De Nacht van de Televisiesterren"" en de slotshows van ""Kom Op Tegen Kanker"".
Met al zijn ervaring is hij een veel gevraagd presentator, moderator en spreker voor bedrijfsevents, congressen en seminars. Naast zijn presentatiewerk geeft De Vilder ook zelf training in presentatieskills, mediatraining en training voor moderatoren. Hij wordt geregeld uitgenodigd voor gastcolleges aan diverse universiteiten. 
Wim studeerde Rechten in Leuven en communicatiewetenschappen in Gent. In 1993 begon hij zijn carrière bij de VRT, eerst als reporter bij Radio 1."
410;Wim Smets;Speaker;Male;Dutch, French, English;https://readmylips.be/sites/default/files/speakers/Smets_Wim_200124_9.jpg;Who is Wim Smets?;English;"Entertainment, Travel, Sport, Management, Leadership and Senior Management, Enterprise, Strategy, HR &amp; Wellbeing, Corporate Culture";;Yes;"Who is Wim Smets?
Wim is an ambitious man who loves challenges. He is from Antwerp and earned a first class honours degree in Applied Economic Sciences at UFSIA. With this achievement in hand, he entered the IT world in 1990 while simultaneously completing his studies for an MBA at the Vlerick Business School. He has added new specialisations to these degrees and now visits IT companies all over the world. He tackles the highest mountains in the same way, with an impressive record on all 7 continents.
As a speaker, Wim leaves a lasting impression on the audience in his own modest style. Although not many people in the audience will have climbed an 8000-metre peak, he is able to fascinate them with very recognisable stories, about rising to challenges, working extremely hard on projects, dealing with change and resolving problems. Besides offering lectures to the general public, Wim Smets is also perfect at captivating an audience of managers."
410;Wim Smets;Speaker;Male;Dutch, French, English;https://readmylips.be/sites/default/files/speakers/Smets_Wim_200124_9.jpg;Wim Smets comme orateur à votre évènement ? Contactez Read My Lips, notre bureau d’orateurs spécialisés !;French;Divertissement, Voyages, Sport, Management, Leadership et top managers, Entreprendre, Stratégie, RH et bien-être, Culture d’entreprise;;Yes;"Qui est Wim Smets ?
Wim est un homme ambitieux qui aime les défis. Ce natif d’Anvers a obtenu avec distinction son diplôme en sciences économiques appliquées à l’UFSIA. Armé de ce bagage, il a commencé à travailler dans le monde de l’informatique en 1990, tout en parachevant ses études par un MBA de la Vlerick Business School. Il a complété ces diplômes par des spécialisations et fait à présent le tour des entreprises informatiques dans le monde. Ce qu’il fait également avec les plus hauts sommets, avec un palmarès impressionnant à travers les sept continents.
En tant qu’orateur, Wim marque profondément ses auditeurs avec modestie. Bien que peu d’auditeurs aient gravi un pic de 8000 mètres, il parvient à captiver son public par des récits très reconnaissables, sur le fait de relever des défis, de travailler dur à un projet, sur les changements et la résolution de problèmes. Outre des conférences devant le grand public, Wim Smets parvient à captiver comme nul autre un public de management."
410;Wim Smets;Speaker;Male;Dutch, French, English;https://readmylips.be/sites/default/files/speakers/Smets_Wim_200124_9.jpg;Wie is Wim Smets?;Dutch;"Entertainment, Reizen, Sport, Management, Leiderschap &amp; topmanagers, Ondernemen, Strategie, HR &amp; wellbeing, Bedrijfscultuur";;Yes;"Wie is Wim Smets?
Wim is een man met ambitie die houdt van uitdagingen. De Antwerpenaar haalde met onderscheiding zijn diploma Toegepaste Economische Wetenschappen aan UFSIA. Met die bagage ging hij in 1990 aan de slag in de IT-wereld terwijl hij tegelijkertijd zijn studies vervolmaakte met een MBA aan de Vlerick Business School. Hij vulde deze diploma’s aan met specialisaties en gaat nu de IT-bedrijven van de wereld rond. Zoals hij ook doet met de hoogste bergen, met een indrukwekkend palmares over de 7 continenten.
Wim laat als spreker op zijn eigen bescheiden manier een diepe indruk na op zijn toehoorders. Hoewel weinig toehoorders een piek van 8000 meter hebben beklommen, slaagt hij erin zijn publiek te boeien met zeer herkenbare verhalen, over het aangaan van uitdagingen, het keihard werken aan een project, veranderingen en het oplossen van problemen. Naast lezingen voor een algemeen publiek weet Wim Smets als geen ander een managementpubliek te boeien."
271;Wouter Cauwenbergh;Speaker;Male;Dutch, French, English;https://readmylips.be/sites/default/files/speakers/Cauwenberg_Wouter200224_foto1_var.jpg;Who is Wouter Cauwenbergh?;English;"Current affairs, Society &amp; Diversity, Marketing &amp; communication, Sales &amp; Customer Service, Management, Enterprise, CSR (Corporate Social Responsibility), HR &amp; Wellbeing, Corporate Culture";Non-profit;Yes;"Who is Wouter Cauwenbergh?
Wouter is the father of three children and the brains behind CUBZZ and Stichting Robin: two successful examples of how a social goal can become the engine of a business. ‘Purpose-driven business’ is the solution for many challenges in society. Companies that pursue a social goal in all their activities are the companies of the future. They offer employees and customers the opportunity to make a real difference on a daily basis. This means commercial success is no longer an objective, but rather a consequence.
Wouter shows that entrepreneurship and ‘purpose-driven business’ are the future. For instance, CUBBZ has allowed him to donate over 200,000 euros to children's charities, such as SOS Kinderdorpen, Netwerk tegen Armoede, Stichting Robin and Rode Neuzen. Companies like Carrefour, Unilever and Brussels Airport were more than happy to support his efforts."
271;Wouter Cauwenbergh;Speaker;Male;Dutch, French, English;https://readmylips.be/sites/default/files/speakers/Cauwenberg_Wouter200224_foto1_var.jpg;Wouter Cauwenbergh als spreker op jouw evenement? Neem vrijblijvend contact op met sprekersbureau Read My Lips.;French;Le monde actuel, Société et diversité, Marketing et communication, Ventes et service à la clientèle, Management, Entreprendre, RSE (responsabilité sociétale des entreprises), RH et bien-être, Culture d’entreprise;Non-profit;Yes;"Qui est Wouter Cauwenbergh ?
Père de trois enfants, Wouter est l'inspirateur de CUBZZ et de Stichting Robin, deux exemples réussis où une entreprise est guidée par un objectif social.  L'entreprise à but social est la solution à de nombreux défis sociaux d'aujourd'hui. Les entreprises qui placent l'objectif social au premier plan dans tout ce qu'elles font sont les entreprises de l'avenir. Elles offrent à leurs employés et à leurs clients la possibilité de faire la différence au quotidien. Le succès commercial n'est alors plus l'objectif, mais la conséquence.
Wouter démontre que l'esprit d'entreprise et le ""purpose-driven business"" sont l'avenir. Grâce à CUBBZ, par exemple, il a déjà fait don de plus de 200 000 euros à de bonnes causes pour les enfants, telles que SOS Villages d'Enfants, Network Against Poverty, Stichting Robin et Red Noses. Des entreprises telles que Carrefour, Unilever et Brussels Airport ont pris le train en marche."
271;Wouter Cauwenbergh;Speaker;Male;Dutch, French, English;https://readmylips.be/sites/default/files/speakers/Cauwenberg_Wouter200224_foto1_var.jpg;Wouter Cauwenbergh als spreker op jouw evenement? Neem vrijblijvend contact op met sprekersbureau Read My Lips.;Dutch;"De wereld vandaag, Samenleving &amp; diversiteit, Marketing &amp; communicatie, Verkoop &amp; klantenservice, Management, Ondernemen, MVO (Maatschappelijk verantwoord ondernemen), HR &amp; wellbeing, Bedrijfscultuur";Non-profit;Yes;"Wie is Wouter Cauwenbergh?
Als papa van drie is Wouter de bezieler van CUBZZ en van Stichting Robin, twee geslaagde voorbeelden waarbij een maatschappelijk doel de motor van een business is.  ‘Purpose driven business’ is de oplossing  voor veel maatschappelijke uitdagingen van vandaag. Bedrijven die een maatschappelijk doel vooropstellen in alles wat ze doen, zijn de ondernemingen van de toekomst. Ze bieden medewerkers en klanten de kans om elke dag een wereld van verschil te maken. Zakelijk succes is dan niet langer het doel, maar het gevolg.
Wouter toont aan dat ondernemerschap en ‘purpose driven business’ de toekomst zijn. Zo heeft hij dankzij CUBBZ al meer dan 200.000 euro weggeschonken aan goede kinderdoelen zoals SOS Kinderdorpen, Netwerk tegen Armoede, Stichting Robin en Rode Neuzen. Bedrijven als Carrefour, Unilever en Brussels Airport sprongen mee op de kar.
Luister naar Wouter Cauwenbergh in onze podcast Overmorgen. "
413;Wouter Torfs;Speaker;Male;Dutch;https://readmylips.be/sites/default/files/speakers/Torfs_Wouter_200330_foto1zw.jpg;"Wouter Torfs as a speaker at your event? Contact the speakers&#039; bureau Read My Lips without obligation.";English;"Marketing &amp; communication, PR &amp; Communication, Management, Leadership and Senior Management, Enterprise, Strategy, HR &amp; Wellbeing, Corporate Culture, Work/Life Balance";;Yes;"Who is Wouter Torfs?
Under the leadership of Wouter Torfs (1958), the Schoenen Torfs family retail chain grew from 26 to 80 shops with a fast-growing webshop. But Wouter Torfs is more than a highly competent CEO. His entrepreneurial and people vision resulted in a unique corporate culture. In 2019, the chain was voted Best Employer for the 10th time as well as Best Employer in Europe. Also in 2019, they were voted Best Shoe Retailer Chain and Best Webshop for the 14th time.
Customer-friendliness is the key to a new successful strategy. As a speaker, he bares his soul and presents a new vision of work, with the happiness of his employees as the stakes. Torfs himself fills this endeavour with meditation and self-knowledge.
Best Employer - Happiness at work is allowed!
Authentic leadership - Know yourself

          
  












    

  


  
  
      

      Request your offer"
413;Wouter Torfs;Speaker;Male;Dutch;https://readmylips.be/sites/default/files/speakers/Torfs_Wouter_200330_foto1zw.jpg;Wouter Torfs comme orateur pour votre événement ? Contactez sans engagement le bureau des orateurs Read My Lips.;French;Marketing et communication, Relations publiques et communication, Management, Leadership et top managers, Entreprendre, Stratégie, RH et bien-être, Culture d’entreprise, Équilibre travail/vie privée;;Yes;"Qui est Wouter Torfs ?
Sous la direction de Wouter Torfs (1958), la chaîne familiale de magasins Schoenen Torfs est passée de 26 à 80 magasins, avec une boutique en ligne en pleine expansion. Mais Wouter Torfs est plus qu'un PDG très compétent. Sa vision entrepreneuriale et humaine a donné naissance à une culture d'entreprise unique. En 2019, la chaîne a été élue meilleur employeur pour la dixième fois et meilleur employeur d'Europe. En 2019 également, elle a été élue meilleure chaîne de magasins de chaussures et meilleure boutique en ligne pour la 14e fois.
La convivialité avec les clients est la clé d'une nouvelle stratégie réussie. En tant qu'orateur, il met son âme à nu et présente une nouvelle vision du travail, avec pour enjeu le bonheur de ses employés. Torfs lui-même remplit cette mission de méditation et de connaissance de soi.
Meilleur employeur - Le bonheur au travail est permis !
Leadership authentique - Connais-toi toi-même

          
  












    

  


  
  
      

      Demander votre offre"
413;Wouter Torfs;Speaker;Male;Dutch;https://readmylips.be/sites/default/files/speakers/Torfs_Wouter_200330_foto1zw.jpg;Wouter Torfs als spreker op jouw evenement? Neem vrijblijvend contact op met sprekersbureau Read My Lips.;Dutch;"Marketing &amp; communicatie, PR &amp; communicatie, Management, Leiderschap &amp; topmanagers, Ondernemen, Strategie, HR &amp; wellbeing, Bedrijfscultuur, Balans werk/leven";;Yes;"Wie is Wouter Torfs?
Onder de leiding van Wouter Torfs (1958) groeide de familiale winkelketen Schoenen Torfs van 26 naar 80 winkels met een sterk groeiende webshop. Maar Wouter Torfs is meer dan een zeer bekwaam CEO. Zijn ondernemings- en mensenvisie resulteerde in een unieke bedrijfscultuur. In 2019 werd de keten voor de 10de keer tot Beste Werkgever verkozen én tot beste Werkgever van Europa.
Ook in 2019 werden ze voor de 14e keer verkozen tot beste Schoenwinkelketen en Beste webshop.
Klantvriendelijkheid is de sleutel voor een nieuwe succesvolle strategie. Als spreker legt hij zijn ziel bloot en geeft hij een nieuwe visie op werken, met het geluk van zijn werknemers als inzet. Zelf vult Torfs dit streven in met meditatie en zelfkennis.
Beste Werkgever - Geluk op het werk mag!
Authentiek leiderschap - Ken jezelf
Luister naar Wouter Torfs in onze podcast Overmorgen. 

          
  












    

  


  
  
      

      Vraag je offerte aan"
931;Yasmien Naciri;Speaker;Female;Dutch, English;https://readmylips.be/sites/default/files/speakers/IMG_5771.jpg;Yasmien Naciri als spreker op jouw evenement? Neem vrijblijvend contact op met sprekersbureau Read My Lips voor meer informatie.;English;"Current affairs, Management, HR &amp; Wellbeing";;Yes;"Who is Yasmien Naciri?
Yasmien Naciri is General Manager of the Innovation Centre in Antwerp, an author, a columnist and a guest lecturer. She is also known as an entrepreneur, former scientific collaborator at the University of Antwerp and the founder of various projects. In recent years, Ms. Naciri has focused on poverty, youth, education and entrepreneurship. Since 2014, she has been a familiar voice in the social debate, focusing on social challenges, innovative projects and policy proposals. Thinking and doing are two concepts that go hand in hand for her.
In 2015, for example, she lobbied former Minister of Economic Affairs and Employment Philippe Muyters for a separate status for student entrepreneurs, which thousands of young people have now been able to obtain. She was also the founder and chair of a development aid organisation that campaigned for equal access to running water and equal educational opportunities in Morocco. Together with her organisation, she took care of the reconstruction of 15 village schools in order to get as many young girls into the classroom as possible. In addition, she is the creator and founder of Fleks vzw, an open youth organisation in Antwerp where young people are encouraged to do business – she herself encountered barriers as a young entrepreneur, which is why she also campaigned for the student-entrepreneur status. She has now left the organisations because she strongly believes in the power of sustainability and wants to offer other young people opportunities by making way for them. Today, in addition to her work as general manager, she voluntarily commits herself to various administrative councils in the education, youth, culture and poverty sector, including the umbrella organisation for all youth activities in Flanders, Formaat vzw, the Ancienne Belgique and Literatuur Vlaanderen.
Ms. Naciri has a broad field of interests – she is convinced that there is no other option if societal challenges are to be tackled. That is why she prefers to work on innovation and change management, policy making, strategic communication, inclusion and social mobility."
931;Yasmien Naciri;Speaker;Female;Dutch, English;https://readmylips.be/sites/default/files/speakers/IMG_5771.jpg;Yasmien Naciri als spreker op jouw evenement? Neem vrijblijvend contact op met sprekersbureau Read My Lips voor meer informatie.;Dutch;"De wereld vandaag, Management, HR &amp; wellbeing";;Yes;"Wie is Yasmien Naciri?
Yasmien Naciri is Algemeen Manager van het Innovatiecentrum in Antwerpen, auteur, columniste en gastdocente. Daarnaast is ze ook bekend als onderneemster, voormalig wetenschappelijk medewerkster aan Universiteit Antwerpen en oprichtster van verschillende projecten. Naciri zette zich de afgelopen jaren in rond armoede, jeugd, onderwijs en ondernemerschap. Sinds 2014 is ze een bekende stem in het maatschappelijke debat en focust ze zich op maatschappelijke uitdagingen, vernieuwende projecten en beleidsvoorstellen.
Denken én doen zijn twee begrippen die voor haar hand in hand gaan. Zo pleitte ze in 2015 bij voormalig minister van Economie en Werk Philippe Muyters voor een apart statuut voor student-ondernemers, waar ondertussen duizenden jongeren een beroep op konden doen. Naciri is ook oprichtster en voorzitter geweest van een organisatie voor ontwikkelingshulp die zich inzette voor gelijke toegang tot stromend water en voor gelijke onderwijskansen in Marokko. Met haar organisatie zorgde ze voor de heropbouw van 15 dorpsscholen om zoveel mogelijk jonge meisjes in de klas te krijgen.
Daarnaast is ze is ook de bedenkster en oprichtster van Fleks vzw, een open jeugdwerking in Antwerpen waar jongeren worden gestimuleerd om te ondernemen – zelf botste ze op drempels als jonge onderneemster, daarom ijverde ze ook voor het student-ondernemerstatuut. Ondertussen heeft ze de organisaties verlaten omdat ze zeer sterk gelooft in de kracht van duurzaamheid en andere jongeren kansen wil bieden door haar eigen ruimte af te staan. Vandaag zet ze zich naast haar werk als algemeen manager vrijwillig in bij verschillende bestuursraden uit de onderwijs-, jeugd-, cultuur- en armoedesector waaronder de koepelorganisatie van alle jeugdwerkingen in Vlaanderen, Formaat vzw, de Ancienne Belgique en Literatuur Vlaanderen.
Naciri heeft een breed interesseveld – ze is ervan overtuigd dat er geen andere optie is als je maatschappelijke uitdagingen wil aanpakken. Daarom is ze het liefst bezig rond innovatie en changemanagement, beleidsvorming, strategische communicatie, inclusie en sociale mobiliteit. "
251;Yves Plees;Speaker;Male;Dutch, English;https://readmylips.be/sites/default/files/speakers/Plees_yves_200409_foto3_1000.jpg;Who is Yves Plees?;English;"Marketing &amp; communication, PR &amp; Communication, Management, Leadership and Senior Management, Enterprise, Strategy";;No;"Who is Yves Plees?
Yves is a social scientist who holds a special view when it comes to negotiation techniques and change management. He established his knowledge and experience in the academic world and later joined ‘the real world’ when he worked for major companies such as Agfa Gevaert, Group SD Worx, SWIFT and Acerta.
No one is better placed when it comes to detecting and implementing effective influencing tactics and change strategies. In doing so, he uses a unique approach to systems thinking, which aims to transcend emotions in order to increase the likelihood of effective solutions. Yves is an in-demand guest speaker at events about learning, marketing, HR, leadership and innovation."
251;Yves Plees;Speaker;Male;Dutch, English;https://readmylips.be/sites/default/files/speakers/Plees_yves_200409_foto3_1000.jpg;Wie is Yves Plees?;Dutch;"Marketing &amp; communicatie, PR &amp; communicatie, Management, Leiderschap &amp; topmanagers, Ondernemen, Strategie";;No;"Wie is Yves Plees?
Yves is een sociaal wetenschapper met een bijzondere kijk op onderhandelingstechnieken en change management. Hij bouwde zijn kennis en ervaring op in de academische wereld en ging dan “in de praktijk” bij grote ondernemingen en multinationals zoals Agfa Gevaert, Group SD Worx, SWIFT en Acerta.
Als geen ander kan hij de beste beïnvloedingstactiek en veranderingsstrategie detecteren en implementeren. Hij maakt daarbij gebruik van een aparte manier van systeemdenken die erop gericht is emoties te overstijgen en de ruimte voor oplossingen te vergroten. Yves is een veelgevraagde gastspreker op events over leren, marketing, HR, leiderschap en innovatie."